g Gusin_skin13
v 0.505309045 0.976667106 0.052186016
v 0.483629972 0.967471957 0.0340610072
v 0.483223975 0.962881982 0.0412459932
v -0.505308986 0.976666987 0.0521860272
v -0.483224005 0.962882042 0.0412460044
v -0.483629972 0.967471957 0.0340610035
v 0.131208986 0.178295985 -0.0475540012
v 0.10026399 0.17641899 -0.00932400115
v 0.0890600011 0.17641899 -0.0525499992
v 0.0933730006 0.152363986 -0.0501659997
v 0.0890600011 0.17641899 -0.0525499992
v 0.102442995 0.152363986 -0.0112059992
v 0.0910260007 0.132752001 -0.0480669998
v 0.137749001 0.17641899 0.0070939986
v 0.131208986 0.178295985 -0.0475540012
v 0.100090995 0.132752001 -0.00663099857
v 0.0993809998 0.129489005 -0.0451119989
v 0.108459994 0.129489005 -0.0142189991
v 0.138328984 0.152363986 0.00297499914
v 0.139013991 0.132751986 0.00821899995
v 0.138718992 0.12948899 0.000845999748
v 0.171341002 0.17641899 -0.0168909989
v 0.131208986 0.178295985 -0.0475540012
v 0.169528991 0.152363986 -0.0185219981
v 0.172263995 0.132751986 -0.0142739965
v 0.166765988 0.129489005 -0.0191980004
v 0.177038983 0.17641899 -0.0566230007
v 0.131208986 0.178295985 -0.0475540012
v 0.174817994 0.152363986 -0.0543459915
v 0.178337991 0.132752001 -0.0533239916
v 0.169663996 0.129489005 -0.0505019948
v 0.147193998 0.176418975 -0.0927340016
v 0.146340996 0.152363986 -0.0890709832
v 0.105986983 0.17641899 -0.0911369994
v 0.151774988 0.132752001 -0.0957449898
v 0.149687991 0.128926992 -0.0873089954
v 0.108021989 0.152363986 -0.0868000016
v 0.0890600011 0.17641899 -0.0525499992
v 0.0933730006 0.152363986 -0.0501659997
v 0.107196994 0.132752001 -0.0918529853
v 0.112286992 0.128926992 -0.0823439881
v 0.0910260007 0.132752001 -0.0480669998
v 0.0993809998 0.129489005 -0.0451119989
v 0.131208986 0.178295985 -0.0475540012
v 0.147193998 0.176418975 -0.0927340016
v 0.131208986 0.178295985 -0.0475540012
v 0.105986983 0.17641899 -0.0911369994
v 0.131208986 0.178295985 -0.0475540012
v 0.0890600011 0.17641899 -0.0525499992
v 0.213082999 0.0182039998 0.116378009
v 0.191043004 0.0182039998 0.140854001
v 0.151180997 0.0182039998 0.151595995
v 0.151180997 0.0182039998 0.151595995
v 0.122420996 0.0182039998 0.131145
v 0.218569994 0.0182039998 0.0710339993
v 0.218569994 0.0182039998 0.0710339993
v 0.107296996 0.0182040017 0.0936519951
v 0.116363987 0.0511579961 0.0858749971
v 0.202466995 0.0537629984 0.0686550066
v 0.218569994 0.0182039998 0.0710339993
v 0.154682994 0.0624089986 0.0784189999
v 0.122420996 0.000598999613 0.131145
v 0.151180997 0.000598999788 0.151595995
v 0.191043004 0.000599000079 0.140854001
v 0.122420996 0.000598999613 0.131145
v 0.191043004 0.000599000079 0.140854001
v 0.213082999 0.000598999788 0.116378002
v 0.107351996 0.000599000021 0.0939060003
v 0.122420996 0.000598999613 0.131145
v 0.218625978 0.000598999788 0.0712879971
v 0.102330998 0.000599000079 -0.00190899847
v 0.185610011 0.000599000021 -0.0140779978
v 0.179230005 0.000599000428 -0.0674759969
v 0.0918949991 0.000599000079 -0.0579429977
v 0.109280005 0.000599000137 -0.108444996
v 0.146871999 0.000599000661 -0.112134986
v -0.131209001 0.178295985 -0.0475540012
v -0.0890600011 0.17641899 -0.0525499992
v -0.10026399 0.17641899 -0.00932400022
v -0.0890600011 0.17641899 -0.0525499992
v -0.0933730006 0.152364001 -0.0501659997
v -0.102442987 0.152363986 -0.011206001
v -0.0910260007 0.132752001 -0.0480669998
v -0.137749001 0.17641899 0.00709400047
v -0.131209001 0.178295985 -0.0475540012
v -0.100090988 0.132752001 -0.00663100043
v -0.0993809998 0.12948899 -0.0451119989
v -0.108459994 0.12948899 -0.0142190037
v -0.138328984 0.152363986 0.00297500007
v -0.139013991 0.132751986 0.00821900088
v -0.138718992 0.12948899 0.000845997827
v -0.171341002 0.17641899 -0.0168910008
v -0.131209001 0.178295985 -0.0475540012
v -0.169528991 0.152363986 -0.0185219999
v -0.172262996 0.132751986 -0.0142739974
v -0.166765988 0.12948899 -0.0191980004
v -0.177038983 0.17641899 -0.0566230007
v -0.131209001 0.178295985 -0.0475540012
v -0.174818009 0.152363986 -0.0543460026
v -0.178337991 0.132752001 -0.0533240028
v -0.169663996 0.129489005 -0.0505019948
v -0.147193998 0.17641899 -0.0927340016
v -0.146340996 0.152363986 -0.0890709981
v -0.105986983 0.17641899 -0.0911369994
v -0.151775002 0.132752001 -0.0957449973
v -0.149687991 0.128927007 -0.087308988
v -0.108022004 0.152363986 -0.0868000016
v -0.0890600011 0.17641899 -0.0525499992
v -0.0933730006 0.152364001 -0.0501659997
v -0.107196994 0.132751986 -0.0918530002
v -0.112286992 0.128926992 -0.0823439956
v -0.0910260007 0.132752001 -0.0480669998
v -0.0993809998 0.12948899 -0.0451119989
v -0.131209001 0.178295985 -0.0475540012
v -0.147193998 0.17641899 -0.0927340016
v -0.131209001 0.178295985 -0.0475540012
v -0.105986983 0.17641899 -0.0911369994
v -0.131209001 0.178295985 -0.0475540012
v -0.0890600011 0.17641899 -0.0525499992
v -0.213083014 0.018203998 0.116378009
v -0.151180997 0.0182039998 0.151595995
v -0.191043004 0.018203998 0.140854016
v -0.122420996 0.018203998 0.131145
v -0.151180997 0.0182039998 0.151595995
v -0.218569994 0.018203998 0.0710339993
v -0.218569994 0.018203998 0.0710339993
v -0.107296996 0.018203998 0.0936519951
v -0.116363987 0.0511579961 0.0858749971
v -0.218569994 0.018203998 0.0710339993
v -0.202466995 0.0537629984 0.0686550066
v -0.154682979 0.0624089986 0.0784189999
v -0.122420996 0.00059899973 0.131145
v -0.213083014 0.000598999555 0.116378009
v -0.191043004 0.000598999672 0.140854001
v -0.107351996 0.000598999672 0.0939060003
v -0.122420996 0.00059899973 0.131145
v -0.218625993 0.000598999846 0.0712879971
v -0.102330998 0.000599000196 -0.00190899894
v -0.185610011 0.000598999788 -0.0140779978
v -0.179230005 0.000599000487 -0.0674759969
v -0.0918949991 0.000598999904 -0.0579429977
v -0.109280005 0.000598999904 -0.108445004
v -0.146871999 0.000599000661 -0.112135001
v -0.122420996 0.00059899973 0.131145
v -0.191043004 0.000598999672 0.140854001
v -0.151180997 0.000598999788 0.151595995
v 3.50198404E-09 0.527336061 -0.182530016
v 0.0501453355 0.413696438 -0.175054654
v 1.34304162E-06 0.417379528 -0.182689965
v 0.0971559882 0.52570504 -0.152502984
v 0.0501453355 0.413696438 -0.175054654
v 0.0936569646 0.655850053 -0.147221938
v -1.23634161E-08 0.657193184 -0.172579974
v 0.0925119668 0.784954965 -0.137169957
v -4.68734562E-09 0.785399139 -0.162305966
v -2.74797851E-09 0.911417842 -0.152282938
v 0.177806988 0.780727983 -0.0893149897
v 0.0889089629 0.909484088 -0.126709983
v -4.34795266E-09 1.02209187 -0.115694977
v 0.076444976 1.02206492 -0.110475987
v 0.162241936 0.90893203 -0.0797079876
v 0.193894997 0.905902028 -0.00595600577
v 0.138353974 1.02059996 -0.0637240037
v 0.157973975 1.01965511 -0.00612100773
v 0.158696949 1.02386713 0.0649219975
v 0.132040977 1.08816409 0.06356401
v 0.170226976 0.651660979 -0.0919829905
v 0.112048976 0.524637878 -0.128797978
v 0.102873608 0.403204173 -0.147800535
v 0.0501453355 0.413696438 -0.175054654
v 0.126990274 0.397778392 -0.107763425
v 0.158185989 0.524160922 -0.0963040069
v 0.185265973 0.652992904 -0.09857402
v 0.187886 0.52421391 -0.106488004
v 0.146113902 0.396652818 -0.0985810235
v 0.18480669 0.394729197 -0.104889527
v 0.233277977 0.520915926 -0.0856899843
v 0.243578747 0.388730586 -0.0927158743
v 0.21743995 0.649182975 -0.0767510086
v 0.267612994 0.515493989 -0.023002984
v 0.280077398 0.376727581 -0.0287227407
v 0.248492986 0.644073009 -0.0155090028
v 0.260359973 0.513084948 0.0405690148
v 0.229387984 0.77699399 -0.00841601007
v 0.244260013 0.642553985 0.0401680134
v 0.217573002 0.775482059 0.0709650144
v 0.233643979 0.641071975 0.0745709985
v 0.196770981 0.90830493 0.0658849999
v 0.16831401 0.775369227 0.133498982
v 0.147634 0.91067189 0.12280599
v 0.130969986 1.01812685 0.109755024
v 0.243583962 0.509566009 0.0793959945
v 0.270823002 0.369876772 0.0394235626
v 0.249656349 0.367956191 0.0819124207
v 0.218046963 0.508928061 0.0889209732
v 0.219596013 0.641033173 0.0789539963
v 0.0773670003 0.910160899 0.166904986
v 0.0695540011 1.01846385 0.155735984
v 0.0626660064 1.12701094 0.143584996
v 0.0891519934 0.773468077 0.179560959
v 0.119721994 1.12643397 0.0951919928
v 0.135331988 1.12234902 0.0706249848
v 0.0574429967 1.20845497 0.133108974
v 0.126436993 1.21537995 0.0696289986
v 0.0502300002 1.294837 0.121762007
v 0.132107005 1.29615903 0.0724550039
v 0.0469310023 1.34832299 0.11076799
v 0.12066 1.34742403 0.0626609847
v 0.0507520176 1.36738908 0.105377004
v 0.074127987 1.43473494 0.0605889633
v 0.0880410075 1.45100188 0.0333729535
v 0.0986180007 1.47985196 -0.0119670667
v 0.180877969 0.640140116 0.14456597
v 0.105170012 0.638320088 0.190421984
v 0.181089014 0.640847147 0.130491003
v 0.190245941 0.506459057 0.124854974
v 0.168899059 0.505162954 0.173332065
v 0.122441977 0.501984954 0.197946012
v 0.137157887 0.38255173 0.20112966
v 0.174910501 0.385422885 0.178994998
v 0.189301014 0.505811989 0.149746001
v 0.193039715 0.388687134 0.120339274
v 0.212449715 0.382538319 0.0980272666
v 0.193569109 0.389927119 0.15012604
v 0.222893029 0.371957958 0.104117006
v 0.258277923 0.365040034 0.0915139243
v 0.174910501 0.385422885 0.178994998
v 0.204182982 0.383120984 0.154607996
v 0.183008 0.378705025 0.18814601
v 3.50198404E-09 0.527336061 -0.182530016
v 1.34304162E-06 0.417379528 -0.182689965
v -0.0500059314 0.413759977 -0.175083801
v -0.0500059314 0.413759977 -0.175083801
v -0.0971560106 0.52570498 -0.152502984
v -0.0936570019 0.655849814 -0.147221968
v -1.23634161E-08 0.657193184 -0.172579974
v -0.0925120041 0.784954667 -0.137170002
v -4.68734562E-09 0.785399139 -0.162305966
v -2.74797851E-09 0.911417842 -0.152282938
v -0.177807003 0.780727983 -0.0893150121
v -0.0889089853 0.90948379 -0.126709998
v -4.34795266E-09 1.02209187 -0.115694977
v -0.0764449984 1.02206492 -0.110475987
v -0.162241995 0.90893203 -0.0797079653
v -0.193894953 0.905902028 -0.00595597085
v -0.138353989 1.02059996 -0.0637239739
v -0.157973975 1.01965487 -0.00612098956
v -0.158696964 1.02386689 0.06492199
v -0.132040977 1.08816397 0.0635639951
v -0.170227006 0.651660979 -0.091982998
v -0.112048998 0.524637997 -0.128797993
v -0.102862939 0.403284609 -0.147795886
v -0.0500059314 0.413759977 -0.175083801
v -0.126964256 0.397759587 -0.107780084
v -0.158186004 0.524161041 -0.0963040143
v -0.185266018 0.652993023 -0.0985739976
v -0.187885985 0.524214029 -0.106487989
v -0.146108061 0.396602392 -0.0985858515
v -0.184803769 0.394741744 -0.104888439
v -0.233278006 0.520916104 -0.0856899694
v -0.243559673 0.388845325 -0.0926993936
v -0.217439964 0.649183035 -0.0767509937
v -0.267612964 0.515493929 -0.0230029766
v -0.280047089 0.376876891 -0.0287135895
v -0.248492956 0.64407295 -0.0155089898
v -0.260359943 0.513084888 0.0405690074
v -0.229387984 0.77699393 -0.00841600541
v -0.244259968 0.642553985 0.0401679985
v -0.217573002 0.775481999 0.0709649995
v -0.233644009 0.641071975 0.0745709985
v -0.196770981 0.90830493 0.0658849925
v -0.168313995 0.775368989 0.133498996
v -0.147633985 0.910672069 0.122805968
v -0.130969986 1.01812696 0.109753996
v -0.243583977 0.50956589 0.0793959945
v -0.270637214 0.370288312 0.0394001715
v -0.249645337 0.368038774 0.0819055885
v -0.218046948 0.508927763 0.0889209807
v -0.219595909 0.641032755 0.078953959
v -0.0773669928 0.910161018 0.166904956
v -0.0695540011 1.01846397 0.155735999
v -0.0626660064 1.12701106 0.143584996
v -0.0891520083 0.773468018 0.179561004
v -0.119722001 1.12643397 0.0951920077
v -0.135332003 1.12234902 0.0706249997
v -0.0574430078 1.20845485 0.133109003
v -0.126436993 1.21537995 0.0696289986
v -0.0502299964 1.294837 0.121762007
v -0.13210699 1.29615891 0.0724549964
v -0.0469309874 1.34832299 0.11076799
v -0.12066 1.34742403 0.0626609921
v -0.0507519916 1.36738884 0.105376989
v -0.0741280094 1.43473494 0.0605889969
v -0.088041015 1.45100212 0.0333730131
v -0.0986180082 1.47985208 -0.0119669912
v -0.180877969 0.640139937 0.144565955
v -0.105169997 0.638319969 0.190421984
v -0.181089029 0.640846848 0.130491018
v -0.190246001 0.506458819 0.124855004
v -0.168899 0.505162895 0.173332021
v -0.122442015 0.501984894 0.197946042
v -0.137135744 0.382677376 0.201116845
v -0.174897641 0.385513753 0.178984314
v -0.189300984 0.505811989 0.149745971
v -0.193027556 0.388774633 0.120339356
v -0.212446004 0.382567018 0.0980240777
v -0.193554461 0.390025616 0.150122121
v -0.222893044 0.371957958 0.104117021
v -0.258278072 0.365039855 0.0915140733
v -0.204182997 0.383120954 0.154607996
v -0.174897641 0.385513753 0.178984314
v -0.183008 0.378704816 0.18814598
v 0.0133954138 1.56287169 0.0874118879
v 0.0198639426 1.56181872 0.0834294409
v 0.0194893964 1.56127489 0.0833335072
v -0.0124055976 1.56232846 0.0886804909
v -0.0178190358 1.56051266 0.0837933272
v -0.0180436987 1.56109202 0.0841973498
v -0.0681143478 1.59112501 0.0125911403
v -0.0744364783 1.62926483 0.0240442548
v -0.0722658113 1.62895548 0.00479804724
v -0.0291206352 1.53331459 -0.057223279
v -0.0195793193 1.57515287 -0.0484657176
v 0.00138096826 1.59147751 -0.0804905295
v -0.054100126 1.58381677 -0.0125649823
v -0.0629759952 1.55552208 -0.0113276159
v -0.0722658113 1.62895548 0.00479804724
v 0.0647277832 1.58505118 -0.0354366414
v 0.054100126 1.58381677 -0.0125649823
v 0.0607837774 1.55552208 -0.0113276159
v 0.054100126 1.58381677 -0.0125649823
v 0.0722658113 1.62895548 0.00479804724
v 0.0607837774 1.55552208 -0.0113276159
v -0.0629759952 1.55552208 -0.0113276159
v -0.054100126 1.58381677 -0.0125649823
v -0.0667002127 1.58460522 -0.0322008766
v 0.0489352643 1.58498287 -0.0532894023
v 0.0391557477 1.54172075 -0.0495973192
v 0.0485484004 1.57152915 -0.0192779582
v -0.053537719 1.54412842 -0.0323841162
v -0.0483169481 1.57152915 -0.0195363965
v -0.0489352643 1.58986032 -0.0591305755
v 0.0320553333 1.56317687 -0.0562546626
v 0.0485484004 1.57152915 -0.0192779582
v 0.0391557477 1.54172075 -0.0495973192
v -0.0338364057 1.56612098 -0.0559027344
v -0.0195793193 1.57515287 -0.0484657176
v -0.0291206352 1.53331459 -0.057223279
v -5.77569735E-05 1.53555477 -0.0675824508
v -0.0195793193 1.57515287 -0.0484657176
v 0.0141492318 1.56167781 -0.0558645912
v -0.0338364057 1.56612098 -0.0559027344
v -0.0336469337 1.576455 -0.0354062393
v -0.0195793193 1.57515287 -0.0484657176
v -0.0483169481 1.57152915 -0.0195363965
v -0.0471605994 1.53308892 -0.0483321622
v -0.0489352643 1.58986032 -0.0591305755
v 0.0141492318 1.56167781 -0.0558645912
v 0.0209789723 1.53881884 -0.064594835
v 0.0273316279 1.58898759 -0.0701795444
v 0.0489352643 1.58498287 -0.0532894023
v 0.0485484004 1.57152915 -0.0192779582
v 0.053537719 1.54412842 -0.0323841162
v 0.0744364783 1.62926483 0.0240442548
v 0.0681143478 1.59112501 0.0125911403
v 0.0722658113 1.62895548 0.00479804724
v 0.0796220452 1.59929883 -0.0132099353
v 0.0581264235 1.59593153 -0.00491058221
v 0.0673195571 1.59846067 0.00220888201
v -0.0796220452 1.59929883 -0.0132099353
v -0.0673195869 1.59846067 0.00220888201
v -0.0581264347 1.59593153 -0.00491058221
v 0.0218213666 1.62474072 0.0857378095
v 0.0228744019 1.62367749 0.0854329094
v 0.019291427 1.62425804 0.0868026838
v -0.0193643626 1.62428141 0.0868014693
v -0.0229473412 1.62370086 0.085431695
v -0.0218943059 1.62476408 0.0857365951
v -0.0478574634 1.70320296 -0.0708220676
v -0.0105558131 1.70437419 -0.0921642855
v -0.0466861911 1.69818294 -0.129961357
v -0.0478574634 1.70320296 -0.0708220676
v -0.0466861911 1.69818294 -0.129961357
v -0.0413388535 1.73712063 -0.08372657
v -0.0413388535 1.73712063 -0.08372657
v -0.0466861911 1.69818294 -0.129961357
v -0.00593726616 1.72860277 -0.083220005
v 0.0702217743 1.74165249 0.0648639351
v 0.110930696 1.74330759 0.057742402
v 0.087463975 1.736884 0.0393106416
v 0.0166782755 1.78435302 0.0513681173
v 0.0428406708 1.77421689 0.0785881802
v 0.0360153206 1.74942887 0.101766326
v 0.0166782755 1.78435302 0.0513681173
v 0.0558656342 1.7741437 0.0451006219
v 0.044133354 1.78387666 0.0226555821
v 0.065053612 1.77183473 0.0141242938
v 0.046149224 1.73708296 0.122102231
v 0.0584996976 1.72609735 0.139846489
v 0.0340855606 1.72214699 0.126885161
v 0.00631484808 1.74631262 0.106457263
v 0.0360153206 1.74942887 0.101766326
v 0.0340855606 1.72214699 0.126885161
v 0.0157840531 1.71884 0.117331006
v 0.12181519 1.68504775 -0.0243188236
v 0.106500268 1.69696724 -0.0322951749
v 0.107387267 1.68807244 -0.0152554838
v 0.106500268 1.69696724 -0.0322951749
v 0.0973509774 1.69212079 -0.00600570906
v 0.0912048817 1.71189189 -0.0341428444
v 0.106500268 1.69696724 -0.0322951749
v 0.0935629904 1.73394191 -0.0288399477
v 0.0912048817 1.71189189 -0.0341428444
v 0.106500268 1.69696724 -0.0322951749
v 0.114191666 1.70317578 -0.0253315605
v 0.12181519 1.68504775 -0.0243188236
v 0.0935629904 1.73394191 -0.0288399477
v 0.0737715662 1.72149014 -0.0609252714
v 0.0912048817 1.71189189 -0.0341428444
v 0.0779981911 1.63868022 -0.0665187538
v 0.065576151 1.70203781 -0.0742905438
v 0.0661877096 1.67126584 -0.0657395795
v 0.0779981911 1.63868022 -0.0665187538
v 0.0661877096 1.67126584 -0.0657395795
v 0.0844515115 1.67434156 -0.0514685512
v 0.0844515115 1.67434156 -0.0514685512
v 0.065576151 1.70203781 -0.0742905438
v 0.0779981911 1.63868022 -0.0665187538
v -0.0909958705 1.70992684 -0.0339582302
v -0.114330582 1.68394482 -0.0249229521
v -0.0969096273 1.69064343 -0.0118189435
v -0.0969096273 1.69064343 -0.0118189435
v -0.114330582 1.68394482 -0.0249229521
v -0.102574423 1.72078228 -0.0115343044
v -0.0837280899 1.73478556 -0.0247086491
v -0.0909958705 1.70992684 -0.0339582302
v -0.108389512 1.69711065 -0.0735945851
v -0.0960231945 1.76793838 -0.0377076492
v -0.0837280899 1.73478556 -0.0247086491
v -0.069014743 1.75673044 -0.0348484777
v -0.0492225811 1.76869214 -0.0366831087
v -0.0960231945 1.76793838 -0.0377076492
v -0.0837280899 1.73478556 -0.0247086491
v -0.0960231945 1.76793838 -0.0377076492
v -0.0843560025 1.75140488 0.0163843948
v -0.0492225811 1.76869214 -0.0366831087
v -0.0586807951 1.78176415 0.0101026557
v -0.0960231945 1.76793838 -0.0377076492
v -0.0843560025 1.75140488 0.0163843948
v -0.106505074 1.77947938 0.0522199795
v -0.0813761726 1.74288201 0.040761102
v -0.0424537696 1.77472484 0.0466336161
v -0.0690958127 1.75575447 0.0589214489
v -0.106505074 1.77947938 0.0522199795
v -0.0586807951 1.78176415 0.0101026557
v -0.0424537696 1.77472484 0.0466336161
v -0.106505074 1.77947938 0.0522199795
v -0.0813761726 1.74288201 0.040761102
v -0.106505074 1.77947938 0.0522199795
v -0.0690958127 1.75575447 0.0589214489
v -0.0843560025 1.75140488 0.0163843948
v -0.0960231945 1.76793838 -0.0377076492
v -0.0586807951 1.78176415 0.0101026557
v -0.106505074 1.77947938 0.0522199795
v -0.0843560025 1.75140488 0.0163843948
v -0.0586807951 1.78176415 0.0101026557
v -0.0492225811 1.76869214 -0.0366831087
v -0.0618234575 1.82358348 0.00213295501
v -0.0586807951 1.78176415 0.0101026557
v -0.0424537696 1.77472484 0.0466336161
v -0.0586807951 1.78176415 0.0101026557
v -0.0618234575 1.82358348 0.00213295501
v 0.0444347933 1.78036797 -0.0184702612
v 0.0456176922 1.8120774 -0.0669182017
v 0.015848482 1.76503074 -0.0700942427
v 0.0456176922 1.8120774 -0.0669182017
v -0.00595128629 1.7879113 -0.0159750041
v -0.00865444634 1.77729964 -0.0524609797
v 0.015848482 1.76503074 -0.0700942427
v 0.0456176922 1.8120774 -0.0669182017
v -0.00865444634 1.77729964 -0.0524609797
v -0.00732335448 1.74831581 -0.0948163122
v -0.0122296857 1.7760092 -0.116770007
v -0.0226720739 1.77121794 -0.0901722759
v -0.00593726616 1.72860277 -0.083220005
v -0.0388213135 1.76551616 -0.054438848
v -0.00732335448 1.74831581 -0.0948163122
v -0.0478574634 1.70320296 -0.0708220676
v -0.0985019282 1.63996637 -0.0664170757
v -0.0693364665 1.67022288 -0.0620803349
v -0.0855556875 1.70021832 -0.0431440622
v -0.108389512 1.69711065 -0.0735945851
v -0.0909958705 1.70992684 -0.0339582302
v -0.0295730699 1.68303216 -0.0815152228
v -0.0524410084 1.63630533 -0.091683425
v -0.0693364665 1.67022288 -0.0620803349
v -0.0295730699 1.68303216 -0.0815152228
v -0.0693364665 1.67022288 -0.0620803349
v -0.0165521093 1.66412199 -0.0818999931
v 0.015848482 1.76503074 -0.0700942427
v 0.0390847549 1.73846817 -0.110910937
v 0.0489825495 1.73909318 -0.0601647943
v 0.0489825495 1.73909318 -0.0601647943
v 0.0444347933 1.78036797 -0.0184702612
v 0.067218557 1.70444179 -0.112881511
v 0.0337854065 1.6944598 -0.0903635398
v 0.065576151 1.70203781 -0.0742905438
v 0.067218557 1.70444179 -0.112881511
v 0.065576151 1.70203781 -0.0742905438
v 0.0737715662 1.72149014 -0.0609252714
v 0.0144261224 1.72704268 -0.0779572278
v 0.0337854065 1.6944598 -0.0903635398
v 0.067218557 1.70444179 -0.112881511
v 0.0935629904 1.73394191 -0.0288399477
v 0.102755718 1.75311327 -0.0729197785
v 0.0737715662 1.72149014 -0.0609252714
v 0.0489825495 1.73909318 -0.0601647943
v 0.0737715662 1.72149014 -0.0609252714
v 0.102755718 1.75311327 -0.0729197785
v 0.0867000744 1.79519379 0.00365300174
v 0.0695829242 1.76578629 -0.0118792504
v 0.065053612 1.77183473 0.0141242938
v 0.0867000744 1.79519379 0.00365300174
v 0.065053612 1.77183473 0.0141242938
v 0.044133354 1.78387666 0.0226555821
v 0.0337854065 1.6944598 -0.0903635398
v 0.0263781641 1.6705569 -0.111761466
v 0.0133298486 1.68678308 -0.0853394419
v 0.0263781641 1.6705569 -0.111761466
v -0.0105558131 1.70437419 -0.0921642855
v 0.0133298486 1.68678308 -0.0853394419
v 0.0144261224 1.72704268 -0.0779572278
v 0.0263781641 1.6705569 -0.111761466
v 0.0337854065 1.6944598 -0.0903635398
v -0.0105558131 1.70437419 -0.0921642855
v 0.0263781641 1.6705569 -0.111761466
v -0.00593726616 1.72860277 -0.083220005
v -0.0466861911 1.69818294 -0.129961357
v -0.00128773064 1.67718911 -0.0870772824
v -0.0165521093 1.66412199 -0.0818999931
v 0.0117535815 1.66494811 -0.0798563361
v -0.127147555 1.72904551 -0.000183468714
v -0.0940097496 1.72517955 0.0264392402
v -0.102574423 1.72078228 -0.0115343044
v -0.127147555 1.72904551 -0.000183468714
v -0.0837280899 1.73478556 -0.0247086491
v -0.0843560025 1.75140488 0.0163843948
v -0.102574423 1.72078228 -0.0115343044
v -0.0837280899 1.73478556 -0.0247086491
v -0.127147555 1.72904551 -0.000183468714
v -0.102574423 1.72078228 -0.0115343044
v -0.117835268 1.67500651 0.036265526
v -0.0976924747 1.69015694 0.0245298147
v -0.0976924747 1.69015694 0.0245298147
v -0.117835268 1.67500651 0.036265526
v -0.0916458368 1.71606779 0.052042339
v -0.0940097496 1.72517955 0.0264392402
v -0.130867332 1.72935545 0.0602089949
v -0.0916458368 1.71606779 0.052042339
v -0.0916458368 1.71606779 0.052042339
v -0.130867332 1.72935545 0.0602089949
v -0.0720065907 1.73735178 0.0730397925
v -0.0200449172 1.71208155 0.124666668
v -0.0194123723 1.708215 0.161930442
v -0.00933842082 1.72367501 0.133382484
v -0.0200449172 1.71208155 0.124666668
v 0.00631484808 1.74631262 0.106457263
v -0.0644840971 1.69752991 0.0876603201
v -0.081132859 1.70422697 0.10337875
v -0.0525497645 1.7283572 0.0977361277
v -0.0644840971 1.69752991 0.0876603201
v -0.0806926116 1.69645822 0.0922511369
v -0.0991823375 1.69052064 0.107510172
v -0.0697770268 1.68947446 0.130477637
v -0.0525497645 1.7283572 0.0977361277
v -0.0318566598 1.71618927 0.121542193
v -0.0697770268 1.68947446 0.130477637
v -0.0644840971 1.69752991 0.0876603201
v -0.0525497645 1.7283572 0.0977361277
v 0.0323284976 1.66507065 -0.0811344311
v 0.0661877096 1.67126584 -0.0657395795
v 0.0567508787 1.63678646 -0.0934049934
v -0.0985547155 1.65705597 0.00112683093
v -0.0958638042 1.67106736 -0.0045513236
v -0.103007235 1.63807023 -0.0111624124
v -0.0958638042 1.67106736 -0.0045513236
v -0.101105765 1.67311811 -0.013077544
v -0.0958638042 1.67106736 -0.0045513236
v -0.0969096273 1.69064343 -0.0118189435
v -0.0696447268 1.70464444 0.0312867984
v -0.0958638042 1.67106736 -0.0045513236
v -0.0699800551 1.66285598 0.0339488871
v -0.0499662235 1.70461106 0.0884266049
v -0.0556978509 1.66043758 0.0844381899
v -0.0890207738 1.63789415 0.00379795302
v -0.0569959544 1.60881758 0.0774374008
v -0.0826923698 1.61070096 0.0100906594
v -0.0697433129 1.61037886 0.0372530483
v -0.0665775537 1.54654562 0.0285145137
v -0.0648250356 1.54793417 0.0430817455
v -0.0610661097 1.52979839 0.0401776731
v -0.0546633936 1.55048478 0.0674288496
v -0.0510843806 1.50709116 0.0566888936
v -0.0845720023 1.60867989 0.00679756189
v -0.0826923698 1.61070096 0.0100906594
v -0.0826923698 1.61070096 0.0100906594
v -0.0842139721 1.57764983 0.0143418023
v -0.0826923698 1.61070096 0.0100906594
v -0.0847790614 1.61029065 0.0313405655
v -0.0962295234 1.61803997 0.00189071731
v -0.0890207738 1.63789415 0.00379795302
v -0.0958638042 1.67106736 -0.0045513236
v -0.0890207738 1.63789415 0.00379795302
v -0.0962295234 1.61803997 0.00189071731
v -0.0951834172 1.65983367 0.0300854053
v -0.0962295234 1.61803997 0.00189071731
v -0.0958638042 1.67106736 -0.0045513236
v -0.0985547155 1.65705597 0.00112683093
v -0.0951834172 1.65983367 0.0300854053
v -0.0962295234 1.61803997 0.00189071731
v -0.103857026 1.6703825 -0.00504146842
v -0.103007235 1.63807023 -0.0111624124
v -0.101105765 1.67311811 -0.013077544
v -0.102574423 1.72078228 -0.0115343044
v -0.0976924747 1.69015694 0.0245298147
v -0.0916458368 1.71606779 0.052042339
v -0.0847043097 1.66223121 0.0559767522
v -0.0556978509 1.66043758 0.0844381899
v -0.0499662235 1.70461106 0.0884266049
v -0.077918835 1.6102699 0.058809042
v -0.0569959544 1.60881758 0.0774374008
v -0.0617573708 1.54847109 0.060939949
v -0.0546633936 1.55048478 0.0674288496
v -0.0510843806 1.50709116 0.0566888936
v -0.0648250356 1.54793417 0.0430817455
v -0.0847790614 1.61029065 0.0313405655
v -0.0884522498 1.60985541 0.0180364139
v -0.0890207738 1.63789415 0.00379795302
v -0.0845720023 1.60867989 0.00679756189
v -0.0842139721 1.57764983 0.0143418023
v -0.0680004209 1.54690361 0.0372022577
v -0.0826923698 1.61070096 0.0100906594
v -0.0610661097 1.52979839 0.0401776731
v -0.0665775537 1.54654562 0.0285145137
v 0.0973509774 1.69212079 -0.00600570906
v 0.112420321 1.64151323 -0.0101426011
v 0.0961033925 1.72203743 0.0163351018
v 0.101422973 1.66240978 0.0114798825
v 0.112420321 1.64151323 -0.0101426011
v 0.097450614 1.66711056 -0.00139993906
v 0.0847233683 1.60641646 0.0100906631
v 0.0856457949 1.60791421 0.0320296437
v 0.086583823 1.57043839 0.0143737765
v 0.0685301945 1.70336652 0.0314182341
v 0.0973509774 1.69212079 -0.00600570906
v 0.0910253227 1.68030083 -0.034025047
v 0.101299778 1.62573326 0.00183819502
v 0.097450614 1.66711056 -0.00139993906
v 0.0910075158 1.63870907 0.00379795418
v 0.0720164701 1.66109657 0.0342962444
v 0.0910075158 1.63870907 0.00379795418
v 0.0847233683 1.60641646 0.0100906631
v 0.0904916301 1.60653424 0.00679756142
v 0.086583823 1.57043839 0.0143737765
v 0.0725003779 1.60930324 0.0365333222
v 0.0665775537 1.54654562 0.0285145137
v 0.0648250356 1.54793417 0.0430817455
v 0.0610661097 1.52979839 0.0401776731
v 0.0587307736 1.60725379 0.0773214325
v 0.0552543961 1.55048478 0.0674288496
v 0.0510843806 1.50709116 0.0566888936
v 0.0575397573 1.6598742 0.0822843239
v 0.0581817701 1.70956862 0.0814129785
v 0.0685301945 1.70336652 0.0314182341
v 0.0973509774 1.69212079 -0.00600570906
v 0.112420321 1.64151323 -0.0101426011
v 0.0910075158 1.63870907 0.00379795418
v 0.0939805582 1.66137564 0.0307502151
v 0.101299778 1.62573326 0.00183819502
v -0.03823312 1.69935131 0.0949935317
v -0.0499662235 1.70461106 0.0884266049
v -0.0517689884 1.67168534 0.0924638063
v -0.0969096273 1.69064343 -0.0118189435
v -0.0696447268 1.70464444 0.0312867984
v -0.0916103944 1.68228865 -0.0299469028
v -0.101105765 1.67311811 -0.013077544
v -0.0969096273 1.69064343 -0.0118189435
v -0.102574423 1.72078228 -0.0115343044
v -0.0837280899 1.73478556 -0.0247086491
v -0.108389512 1.69711065 -0.0735945851
v -0.066325821 1.71855438 -0.0579206459
v -0.108389512 1.69711065 -0.0735945851
v -0.0855556875 1.70021832 -0.0431440622
v -0.066325821 1.71855438 -0.0579206459
v -0.00865444634 1.77729964 -0.0524609797
v 0.00367116462 1.77164137 -0.0872939155
v 0.015848482 1.76503074 -0.0700942427
v -0.0618234575 1.82358348 0.00213295501
v -0.0492225811 1.76869214 -0.0366831087
v -0.0388213135 1.76551616 -0.054438848
v -0.069014743 1.75673044 -0.0348484777
v -0.0820099339 1.75206923 -0.0600690357
v -0.0837280899 1.73478556 -0.0247086491
v -0.0894368514 1.74054587 -0.0579508655
v -0.0957966223 1.74734008 -0.090626508
v -0.0659696385 1.75823379 -0.0710809901
v -0.0226720739 1.77121794 -0.0901722759
v -0.0109259468 1.77593899 -0.0884911492
v 0.00367116462 1.77164137 -0.0872939155
v -0.0122296857 1.7760092 -0.116770007
v 0.0867000744 1.79519379 0.00365300174
v 0.0444347933 1.78036797 -0.0184702612
v 0.0695829242 1.76578629 -0.0118792504
v 0.0973509774 1.69212079 -0.00600570906
v 0.106216133 1.65944648 -0.0273530949
v 0.0910253227 1.68030083 -0.034025047
v -0.0899721384 1.67728746 -0.0417272076
v -0.0693364665 1.67022288 -0.0620803349
v -0.084338218 1.67543137 -0.0515603498
v -0.0855556875 1.70021832 -0.0431440622
v -0.100370288 1.65026903 -0.0536128469
v -0.084338218 1.67543137 -0.0515603498
v -0.100370288 1.65026903 -0.0536128469
v -0.0899721384 1.67728746 -0.0417272076
v -0.084338218 1.67543137 -0.0515603498
v 0.0390847549 1.73846817 -0.110910937
v 0.015848482 1.76503074 -0.0700942427
v -0.00593726616 1.72860277 -0.083220005
v -0.0179324653 1.75328898 0.0937186033
v -0.0446984954 1.75110304 0.120125398
v -0.0194395445 1.77308512 0.0626342967
v 0.0489825495 1.73909318 -0.0601647943
v 0.102755718 1.75311327 -0.0729197785
v 0.0444347933 1.78036797 -0.0184702612
v 0.146113902 0.396652818 -0.0985810235
v 0.126990274 0.397778392 -0.107763425
v 0.158185989 0.524160922 -0.0963040069
v 0.126990274 0.397778392 -0.107763425
v 0.112048976 0.524637878 -0.128797978
v -0.126964256 0.397759587 -0.107780084
v -0.146108061 0.396602392 -0.0985858515
v -0.158186004 0.524161041 -0.0963040143
v -0.126964256 0.397759587 -0.107780084
v -0.112048998 0.524637997 -0.128797993
v -0.218334988 0.543720007 0.0347840004
v -0.172544003 0.735818982 0.0347840004
v -0.180283993 0.542070925 0.0347840004
v -0.212921008 0.679237962 0.0347840004
v -0.217578992 0.739394009 0.0347840004
v -0.220669001 0.679692984 0.0347840004
v -0.172544003 0.735818982 -0.0282109994
v -0.172544003 0.735818982 0.0347840004
v -0.217578992 0.739394009 0.0347840004
v -0.217578992 0.739394009 -0.0282109994
v -0.218334988 0.543720007 -0.0282109994
v -0.218334988 0.543720007 0.0347840004
v -0.180283993 0.542070925 0.0347840004
v -0.180283993 0.542070925 -0.0282109994
v -0.180283993 0.542070925 0.0347840004
v -0.172544003 0.735818982 0.0347840004
v -0.172544003 0.735818982 -0.0282109994
v -0.180283993 0.542070925 -0.0282109994
v -0.218334988 0.543720007 -0.0282109994
v -0.212921008 0.679237962 -0.0282109994
v -0.212921008 0.679237962 0.0347840004
v -0.218334988 0.543720007 0.0347840004
v -0.220669001 0.679692984 -0.0282109994
v -0.217578992 0.739394009 -0.0282109994
v -0.217578992 0.739394009 0.0347840004
v -0.220669001 0.679692984 0.0347840004
v -0.212921008 0.679237962 -0.0282109994
v -0.220669001 0.679692984 -0.0282109994
v -0.220669001 0.679692984 0.0347840004
v -0.212921008 0.679237962 0.0347840004
v -0.212921008 0.679237962 -0.0282109994
v -0.218334988 0.543720007 -0.0282109994
v -0.180283993 0.542070925 -0.0282109994
v -0.172544003 0.735818982 -0.0282109994
v -0.217578992 0.739394009 -0.0282109994
v -0.220669001 0.679692984 -0.0282109994
v 0.0583580099 1.60286117 -0.0784310177
v 6.04249184E-09 1.56150901 -0.0981229767
v 1.03770965E-08 1.60873497 -0.0970279649
v 0.053160999 1.55562019 -0.0825630203
v 5.15348297E-09 1.50839508 -0.103719994
v 0.0520220064 1.5046519 -0.0865000114
v 0.0993810073 1.58706415 -0.0359099917
v 0.086259 1.49878097 -0.0556489937
v 0.0895400047 1.53710222 -0.0481399894
v 0.124224991 1.56348598 0.0168970134
v 0.0986180007 1.47985196 -0.0119670667
v 0.103327997 1.51563597 0.00503599318
v 0.146821022 1.5349108 0.0772290155
v 0.074127987 1.43473494 0.0605889633
v 0.107416973 1.47679496 0.0663369894
v 0.165895045 1.50760996 0.133334011
v 0.108748958 1.4516598 0.111189999
v 0.0640559718 1.39396477 0.0999419838
v 0.0507520176 1.36738908 0.105377004
v -0.0583579987 1.60286117 -0.0784310251
v 1.03770965E-08 1.60873497 -0.0970279649
v 6.04249184E-09 1.56150901 -0.0981229767
v -0.0531610101 1.55562007 -0.0825630203
v 5.15348297E-09 1.50839508 -0.103719994
v -0.0520220064 1.50465178 -0.0864999965
v -0.0993809775 1.58706403 -0.0359100066
v -0.0862590075 1.49878109 -0.0556490012
v -0.0895400122 1.53710222 -0.048140008
v -0.124224991 1.56348598 0.0168969985
v -0.0986180082 1.47985208 -0.0119669912
v -0.103328019 1.51563597 0.00503598573
v -0.146820977 1.53491104 0.0772289783
v -0.0741280094 1.43473494 0.0605889969
v -0.10741701 1.47679496 0.0663369969
v -0.165894955 1.50760996 0.133333951
v -0.108748987 1.45165992 0.111189999
v -0.0640559942 1.39396501 0.0999420062
v -0.0507519916 1.36738884 0.105376989
v 0.0642869994 1.60758913 -0.0826469958
v 1.03770965E-08 1.60873497 -0.0970279649
v 9.29837363E-09 1.61359799 -0.103016987
v 0.0583580099 1.60286117 -0.0784310177
v 0.104245014 1.59110987 -0.0396540016
v 0.0993810073 1.58706415 -0.0359099917
v 0.128956005 1.56810081 0.0139080137
v 0.124224991 1.56348598 0.0168970134
v 0.153897017 1.54028285 0.0744270086
v 0.146821022 1.5349108 0.0772290155
v 0.174986988 1.50938201 0.133437991
v 0.165895045 1.50760996 0.133334011
v 0.115279987 1.44561827 0.112588994
v 0.165895045 1.50760996 0.133334011
v 0.174986988 1.50938201 0.133437991
v 0.108748958 1.4516598 0.111189999
v 0.0640559718 1.39396477 0.0999419838
v 0.0687280074 1.38925803 0.102508008
v 0.0535520129 1.36383402 0.110670991
v 0.0507520176 1.36738908 0.105377004
v 0.0469310023 1.34832299 0.11076799
v 0.0507520176 1.36738908 0.105377004
v 0.0535520129 1.36383402 0.110670991
v 0.0501949973 1.34822094 0.116290987
v 0.0502300002 1.294837 0.121762007
v 0.0536030009 1.29557693 0.127359003
v 0.0574429967 1.20845497 0.133108974
v 0.0599089973 1.20959389 0.140740007
v 0.0626660064 1.12701094 0.143584996
v 0.0654499903 1.12800288 0.151126996
v 0.0695540011 1.01846385 0.155735984
v 0.0729319975 1.01935077 0.163045004
v 0.0773670003 0.910160899 0.166904986
v 0.0811410248 0.911032975 0.174019024
v 0.0891519934 0.773468077 0.179560959
v 0.0931830108 0.774424851 0.186522007
v 0.105170012 0.638320088 0.190421984
v 0.109288976 0.639426887 0.197307959
v 0.122441977 0.501984954 0.197946012
v 0.125868976 0.502788007 0.205240995
v 0.137157887 0.38255173 0.20112966
v 0.142019004 0.375283033 0.210829005
v -0.064286992 1.60758889 -0.0826470181
v 9.29837363E-09 1.61359799 -0.103016987
v 1.03770965E-08 1.60873497 -0.0970279649
v -0.0583579987 1.60286117 -0.0784310251
v -0.104244992 1.59110987 -0.0396539979
v -0.0993809775 1.58706403 -0.0359100066
v -0.128956005 1.56810117 0.0139080165
v -0.124224991 1.56348598 0.0168969985
v -0.153897032 1.5402832 0.0744270012
v -0.146820977 1.53491104 0.0772289783
v -0.174987003 1.50938201 0.133437976
v -0.165894955 1.50760996 0.133333951
v -0.11527998 1.44561791 0.112588987
v -0.174987003 1.50938201 0.133437976
v -0.165894955 1.50760996 0.133333951
v -0.108748987 1.45165992 0.111189999
v -0.0640559942 1.39396501 0.0999420062
v -0.0687279776 1.38925779 0.102507979
v -0.0535519868 1.36383402 0.110670984
v -0.0507519916 1.36738884 0.105376989
v -0.0469309874 1.34832299 0.11076799
v -0.0535519868 1.36383402 0.110670984
v -0.0507519916 1.36738884 0.105376989
v -0.0501949862 1.34822094 0.116290987
v -0.0502299964 1.294837 0.121762007
v -0.0536030047 1.29557693 0.127358988
v -0.0574430078 1.20845485 0.133109003
v -0.0599090084 1.20959389 0.140740007
v -0.0626660064 1.12701106 0.143584996
v -0.0654500052 1.12800288 0.151126996
v -0.0695540011 1.01846397 0.155735999
v -0.0729319975 1.01935089 0.163044959
v -0.0773669928 0.910161018 0.166904956
v -0.081140995 0.911032975 0.174018964
v -0.0891520083 0.773468018 0.179561004
v -0.0931830034 0.77442503 0.186521977
v -0.105169997 0.638319969 0.190421984
v -0.109288998 0.639426947 0.197308034
v -0.122442015 0.501984894 0.197946042
v -0.125868991 0.502787948 0.205240965
v -0.122442015 0.501984894 0.197946042
v -0.137135744 0.382677376 0.201116845
v -0.142018989 0.375282735 0.210829005
v -0.0227769986 1.33972895 0.123546995
v -0.0227769986 1.34384 0.120163999
v 0.0227769986 1.34384 0.120163999
v 0.0227769986 1.33972895 0.123546995
v -0.0227769986 1.33561707 0.120990999
v 0.0227769986 1.33561707 0.120990999
v 0.0566999987 1.34239805 0.118349999
v 0.0566999987 1.34650886 0.120844997
v 0.0566999987 1.35062099 0.117131993
v 0.0643249974 1.34618604 0.119899996
v 0.062452998 1.34172893 0.114951
v 0.062452998 1.35154903 0.113402002
v 0.0566999987 1.34650886 0.120844997
v 0.0644299984 1.36124694 0.111598998
v 0.0644299984 1.33242595 0.115178004
v 0.075763993 1.36130989 0.107179001
v 0.075763993 1.33243692 0.111316994
v -0.0644299984 1.33242595 0.115178004
v -0.062452998 1.34172893 0.114951
v -0.075763993 1.33243692 0.111316994
v -0.075763993 1.36130989 0.107179001
v -0.062452998 1.35154903 0.113402002
v -0.0644299984 1.36124694 0.111598998
v -0.0566999987 1.35062099 0.117131993
v -0.0566999987 1.34239805 0.118349999
v -0.0227769986 1.34384 0.120163999
v -0.0227769986 1.33561707 0.120990999
v 0.0227769986 1.33561707 0.120990999
v 0.0227769986 1.34384 0.120163999
v 0.0566999987 1.35062099 0.117131993
v 0.0566999987 1.34239805 0.118349999
v 0.062452998 1.35154903 0.113402002
v 0.062452998 1.34172893 0.114951
v 0.075763993 1.33243692 0.111316994
v 0.0644299984 1.33242595 0.115178004
v 0.075763993 1.36130989 0.107179001
v 0.0644299984 1.36124694 0.111598998
v -0.0566999987 1.35062099 0.117131993
v -0.0227769986 1.34384 0.120163999
v -0.0227769986 1.33972895 0.123546995
v -0.0566999987 1.34650886 0.120844997
v -0.0227769986 1.33561707 0.120990999
v -0.062452998 1.35154903 0.113402002
v -0.0643249974 1.34618604 0.119899996
v -0.0566999987 1.34239805 0.118349999
v -0.0644299984 1.36124694 0.111598998
v -0.062452998 1.34172893 0.114951
v -0.075763993 1.36130989 0.107179001
v -0.0644299984 1.33242595 0.115178004
v -0.075763993 1.33243692 0.111316994
v 4.27694413E-09 1.47878695 -0.122047
v 0.0683230087 1.4472779 -0.124804996
v 0.064038001 1.48087716 -0.107045993
v 1.35054068E-09 1.44953704 -0.131906986
v 5.4375876E-10 1.35866117 -0.142918006
v 0.103530996 1.35825193 -0.134179994
v 0.0988729969 1.28943801 -0.132490978
v -0.0683230013 1.44727778 -0.124804996
v -0.0640379861 1.48087704 -0.107045956
v -0.103530996 1.35825181 -0.134180054
v -0.0988729969 1.28943801 -0.132491007
v -1.09161513E-09 1.28964257 -0.143073991
v -1.98059658E-09 1.20925093 -0.141937003
v 0.0919879898 1.20925081 -0.131090984
v -0.0919879973 1.20925093 -0.131091014
v 0.0913230032 1.11781085 -0.125244007
v -0.0913229957 1.11781085 -0.125243992
v 6.57793819E-10 1.11781108 -0.139189005
v 0.0916120037 1.01157594 -0.129102007
v -0.0916119814 1.01157582 -0.129101992
v 4.58077931E-09 1.010741 -0.151209012
v 1.00815978E-09 0.912057161 -0.160357058
v 0.0923929736 0.912333906 -0.135391966
v -0.0923929736 0.912333965 -0.135391936
v 0.0642869994 1.60758913 -0.0826469958
v 9.29837363E-09 1.61359799 -0.103016987
v 1.60238614E-10 1.56167507 -0.106327988
v 0.0593520068 1.55636895 -0.091990009
v 0.104245014 1.59110987 -0.0396540016
v -8.06900491E-10 1.517066 -0.108570985
v 0.100203998 1.53860772 -0.0525420122
v 0.128956005 1.56810081 0.0139080137
v 0.114846006 1.51224196 0.00289398897
v 0.153897017 1.54028285 0.0744270086
v 0.106555983 1.47989702 -0.00668102084
v 0.0923839957 1.50167203 -0.0630230084
v 0.118091993 1.47658598 0.0641879961
v 0.100401998 1.44539797 0.0615849905
v 0.174986988 1.50938201 0.133437991
v 0.115279987 1.44561827 0.112588994
v 0.0687280074 1.38925803 0.102508008
v 0.0535520129 1.36383402 0.110670991
v 0.0566159934 1.51368105 -0.0980000123
v 0.0647649914 1.50183392 -0.106961012
v 3.66609321E-09 1.49967313 -0.121539012
v 4.27694413E-09 1.47878695 -0.122047
v 0.064038001 1.48087716 -0.107045993
v 0.103115983 1.49554193 -0.0672329962
v 0.100852013 1.48558593 -0.0674709901
v 0.142618001 1.43991494 -0.112333991
v 0.0683230087 1.4472779 -0.124804996
v 0.103530996 1.35825193 -0.134179994
v 0.172553986 1.35089087 -0.117701001
v 0.0988729969 1.28943801 -0.132490978
v 0.181299984 1.43160594 -0.105126023
v 0.148851007 1.46863687 -0.0666120052
v 0.185418978 1.45819306 -0.0642940104
v 0.155083984 1.47059596 -0.0195090175
v 0.188647985 1.45936918 -0.0249350145
v 0.159045994 1.43757403 0.0398699716
v 0.187032014 1.43167686 0.0319430046
v 0.170286998 1.27879608 -0.106843986
v 0.179314017 1.28545702 -0.0939100087
v 0.184630007 1.27200007 -0.0328620225
v 0.158187017 1.37765884 0.0731110349
v 0.184075028 1.37631106 0.0585840493
v 0.105918989 1.37723184 0.0928770229
v 0.164855003 1.2093029 -0.104350977
v 0.0919879898 1.20925081 -0.131090984
v 0.0913230032 1.11781085 -0.125244007
v 0.183281004 1.25825596 -0.0313390046
v 0.160461992 1.11781096 -0.0917740017
v 0.0916120037 1.01157594 -0.129102007
v 0.0626870021 1.36692095 0.103869028
v 0.059875004 1.34832299 0.111035042
v 0.0501949973 1.34822094 0.116290987
v 0.108846985 1.29517484 0.112185039
v 0.0725209862 1.29530108 0.122236021
v 0.0536030009 1.29557693 0.127359003
v 0.0599089973 1.20959389 0.140740007
v 0.116076 1.2085259 0.122748017
v 0.0654499903 1.12800288 0.151126996
v 0.0774489939 1.29534888 0.117200017
v 0.156006023 1.29510283 0.0862950534
v 0.18184799 1.29360986 0.0462659821
v 0.184321985 1.30817699 0.0286539886
v 0.156788006 1.20867693 0.0918109939
v 0.178050011 1.208179 0.0493640117
v 0.122647017 1.1255759 0.12963903
v 0.0729319975 1.01935077 0.163045004
v 0.140607998 1.01974785 0.130583033
v 0.0811410248 0.911032975 0.174019024
v 0.15376398 1.1241709 0.105437011
v 0.15501304 1.12523484 0.0951160118
v 0.200503975 1.01700795 0.0646109954
v 0.15685901 0.91109097 0.133503005
v 0.181644052 1.12152803 0.0534750149
v 0.182673991 1.20799506 -0.0257719886
v 0.186349973 1.11781096 -0.016017003
v 0.173568949 0.776177824 0.139520958
v 0.0931830108 0.774424851 0.186522007
v 0.211164013 0.911022007 0.0674819797
v 0.224939033 0.776430011 0.0742000192
v 0.218028009 0.907626987 -0.00186599453
v 0.237199962 0.778392017 -0.0100389952
v 0.183270991 0.78157413 -0.0952339843
v 0.162917018 1.01282895 -0.0872910023
v 0.196986005 1.01599491 -0.0143660111
v 0.168705001 0.911688149 -0.08837495
v 0.0923929736 0.912333906 -0.135391966
v 0.0956709832 0.785429835 -0.144614011
v 1.00815978E-09 0.912057161 -0.160357058
v 5.18279464E-09 0.786043227 -0.170379996
v 0.203600034 0.909742951 -0.0152079957
v 0.189512998 1.01879883 0.0475460105
v 0.125868976 0.502788007 0.205240995
v 0.183008 0.378705025 0.18814601
v 0.142019004 0.375283033 0.210829005
v 0.172658995 0.505816936 0.180820018
v 0.109288976 0.639426887 0.197307959
v 0.204182982 0.383120984 0.154607996
v 0.186150968 0.64110893 0.149471983
v 0.0931830108 0.774424851 0.186522007
v 0.173568949 0.776177824 0.139520958
v 0.196921006 0.506352961 0.152439013
v 0.19783707 0.506881118 0.127650052
v 0.203740001 0.381621957 0.124720015
v 0.222893029 0.371957958 0.104117006
v 0.188680038 0.641365111 0.133269042
v 0.22435905 0.641513109 0.0854880288
v 0.224939033 0.776430011 0.0742000192
v 0.222865045 0.509351969 0.095419012
v 0.239348993 0.64190197 0.0802609697
v 0.249086991 0.510244012 0.0853009522
v 0.258277923 0.365040034 0.0915139243
v 0.285813868 0.363293976 0.0435349308
v 0.252136976 0.64358902 0.0417429954
v 0.237199962 0.778392017 -0.0100389952
v 0.268128932 0.514005065 0.0426669382
v 0.256332994 0.64528501 -0.0171440002
v 0.275489032 0.516660094 -0.0244930219
v 0.294899017 0.367840022 -0.0320410095
v 0.253300011 0.380355 -0.105903983
v 0.223603949 0.650355995 -0.081975013
v 0.183270991 0.78157413 -0.0952339843
v 0.238865063 0.522009969 -0.0914530456
v 0.188143998 0.524750948 -0.114565998
v 0.190032989 0.384431958 -0.118932985
v 0.186061993 0.653787971 -0.106596
v 0.158993989 0.524286032 -0.104363002
v 0.149572998 0.386563033 -0.10941799
v 0.131825998 0.387238979 -0.116450995
v 0.170747995 0.651896954 -0.100063004
v 0.117890991 0.524743974 -0.133030996
v 0.110168986 0.394860983 -0.160100952
v 0.0986990109 0.656355858 -0.153397083
v 0.0956709832 0.785429835 -0.144614011
v 0.10282699 0.526260912 -0.15817301
v 1.92309124E-09 0.528072894 -0.190595984
v 0.0580989905 0.406706005 -0.190179974
v -3.30835848E-09 0.411580026 -0.197445974
v -0.0580989905 0.406706005 -0.190179989
v 1.5335301E-08 0.657814085 -0.180655897
v 5.18279464E-09 0.786043227 -0.170379996
v -0.0956710204 0.785430074 -0.144614041
v -0.0986990035 0.656355977 -0.153397083
v -0.183270991 0.781574011 -0.0952339843
v -0.102827013 0.526260972 -0.15817301
v -0.110169001 0.394861072 -0.160100967
v -0.117890984 0.524744034 -0.133030981
v -0.131825998 0.387239039 -0.116451003
v -0.170747995 0.651896894 -0.100063004
v -0.158993989 0.524286032 -0.104363017
v -0.149573013 0.386563033 -0.109418005
v -0.190032974 0.384431958 -0.118933007
v -0.186061993 0.653787971 -0.106595993
v -0.188143998 0.524751008 -0.114566006
v -0.253299981 0.380355 -0.105904005
v -0.223604009 0.650355995 -0.081975013
v -0.237199992 0.778392017 -0.0100390036
v -0.238865003 0.522009909 -0.0914530158
v -0.256332994 0.64528501 -0.0171440206
v -0.275489002 0.516659915 -0.0244930219
v -0.294899046 0.367839962 -0.0320410021
v -0.285814047 0.363293916 0.0435350612
v -0.252136976 0.64358902 0.0417429917
v -0.224939004 0.776429892 0.0742000341
v -0.268129081 0.514004946 0.042667035
v -0.239348993 0.64190191 0.0802609995
v -0.249087095 0.510243893 0.0853010416
v -0.258278072 0.365039855 0.0915140733
v -0.222893044 0.371957958 0.104117021
v -0.224359035 0.64151299 0.0854880437
v -0.173569024 0.776177883 0.139521062
v -0.22286503 0.509351969 0.0954190269
v -0.19783698 0.506880999 0.127649993
v -0.203740001 0.381621957 0.12472
v -0.204182997 0.383120954 0.154607996
v -0.188679993 0.641364932 0.133268997
v -0.186150998 0.64110899 0.149472028
v -0.0931830034 0.77442503 0.186521977
v -0.109288998 0.639426947 0.197308034
v -0.196921021 0.506352961 0.152439013
v -0.17265901 0.505816936 0.180820003
v -0.125868991 0.502787948 0.205240965
v -0.183008 0.378704816 0.18814598
v -0.142018989 0.375282735 0.210829005
v 0.193702981 1.25914407 -0.0351860076
v 0.225538969 1.20007396 -0.0368740112
v 0.235232994 1.21241999 -0.0819110125
v 0.197321996 1.26508403 -0.0914449692
v 0.238642007 1.21702099 -0.102315016
v 0.252247006 1.23627281 -0.115776986
v 0.189208001 1.27580881 -0.0921329409
v 0.187582016 1.27057099 -0.0350399986
v 0.184630007 1.27200007 -0.0328620225
v 0.179314017 1.28545702 -0.0939100087
v 0.216795981 1.28794181 -0.10894493
v 0.266483009 1.25537193 -0.113455005
v 0.202192962 1.32910287 -0.111251973
v 0.228471979 1.31008804 -0.108809061
v 0.283402979 1.26992583 -0.0972160473
v 0.252815992 1.35272384 -0.0848600566
v 0.303078979 1.28587675 -0.0799300522
v 0.321063995 1.30374086 -0.0587310009
v 0.186126024 1.34770596 -0.114401005
v 0.172553986 1.35089087 -0.117701001
v 0.181299984 1.43160594 -0.105126023
v 0.261783004 1.37119401 -0.0404129773
v 0.324608982 1.30855501 -0.042039983
v 0.225641966 1.39290094 -0.0952689946
v 0.19881402 1.42428005 -0.101973996
v 0.185418978 1.45819306 -0.0642940104
v 0.257998019 1.36164796 -0.026900012
v 0.309582025 1.29554701 -0.0271189939
v 0.301192999 1.28859496 -0.0168640092
v 0.20214197 1.44949901 -0.0632800013
v 0.232092962 1.41634905 -0.0330260135
v 0.203429013 1.45038414 -0.0273080077
v 0.188647985 1.45936918 -0.0249350145
v 0.19972004 1.42478192 0.0284770299
v 0.187032014 1.43167686 0.0319430046
v 0.248894975 1.34783494 0.0144489873
v 0.294669002 1.28391492 0.0116419978
v 0.288441986 1.27965689 0.0367360637
v 0.230788946 1.32049692 0.0353320055
v 0.268083006 1.26208186 0.0476590134
v 0.249004975 1.23566711 0.0420939997
v 0.223892003 1.39322948 0.0217948761
v 0.194105998 1.37372601 0.0514440536
v 0.184075028 1.37631106 0.0585840493
v 0.184321985 1.30817699 0.0286539886
v 0.20938696 1.35268831 0.0369749069
v 0.194003984 1.30001795 0.0226140115
v 0.184630007 1.27200007 -0.0328620225
v 0.187582016 1.27057099 -0.0350399986
v 0.206341967 1.28252697 0.0178409982
v 0.238292992 1.21543097 0.0124179898
v 0.193702981 1.25914407 -0.0351860076
v 0.225538969 1.20007396 -0.0368740112
v -0.064286992 1.60758889 -0.0826470181
v 1.60238614E-10 1.56167507 -0.106327988
v 9.29837363E-09 1.61359799 -0.103016987
v -0.0593519993 1.55636919 -0.091989994
v -0.104244992 1.59110987 -0.0396539979
v -8.06900491E-10 1.517066 -0.108570985
v -0.100203998 1.53860795 -0.0525419973
v -0.128956005 1.56810117 0.0139080165
v -0.114846006 1.51224196 0.00289400783
v -0.153897032 1.5402832 0.0744270012
v -0.106556006 1.47989702 -0.00668099802
v -0.0923840106 1.50167203 -0.063023001
v -0.118091993 1.47658598 0.0641879961
v -0.10040199 1.44539797 0.0615849681
v -0.174987003 1.50938201 0.133437976
v -0.11527998 1.44561791 0.112588987
v -0.0687279776 1.38925779 0.102507979
v -0.0535519868 1.36383402 0.110670984
v -0.0566159934 1.51368117 -0.09799999
v -0.0647649914 1.50183392 -0.10696099
v 3.66609321E-09 1.49967313 -0.121539012
v 4.27694413E-09 1.47878695 -0.122047
v -0.0640379861 1.48087704 -0.107045956
v -0.103116006 1.49554193 -0.0672329888
v -0.100851998 1.48558593 -0.0674709827
v -0.142617971 1.43991482 -0.11233402
v -0.0683230013 1.44727778 -0.124804996
v -0.103530996 1.35825181 -0.134180054
v -0.172553986 1.35089087 -0.117700994
v -0.0988729969 1.28943801 -0.132491007
v -0.181299984 1.43160594 -0.105126008
v -0.148851007 1.46863687 -0.0666120201
v -0.185419038 1.45819306 -0.0642940179
v -0.155083984 1.47059596 -0.0195090007
v -0.188648015 1.45936906 -0.0249350108
v -0.159045994 1.43757403 0.0398699008
v -0.187031984 1.4316771 0.0319429301
v -0.170287028 1.278795 -0.106844001
v -0.179314032 1.28545702 -0.0939099789
v -0.184630051 1.27200007 -0.0328620151
v -0.158187017 1.37765908 0.0731109381
v -0.184075028 1.3763113 0.0585839972
v -0.105919003 1.37723207 0.0928769782
v -0.164855003 1.20930398 -0.104350992
v -0.0919879973 1.20925093 -0.131091014
v -0.0913229957 1.11781085 -0.125243992
v -0.183281034 1.25825596 -0.0313390121
v -0.160461977 1.11781085 -0.0917740017
v -0.0916119814 1.01157582 -0.129101992
v -0.0626869947 1.36692095 0.103868976
v -0.0598750003 1.34832299 0.111035004
v -0.0501949862 1.34822094 0.116290987
v -0.108846992 1.29517472 0.112185016
v -0.0725210086 1.29530108 0.122236021
v -0.0536030047 1.29557693 0.127358988
v -0.0599090084 1.20959389 0.140740007
v -0.116076 1.20852578 0.12274801
v -0.0654500052 1.12800288 0.151126996
v -0.0774490088 1.29534888 0.117199987
v -0.156005979 1.29510283 0.0862950236
v -0.18184799 1.29360986 0.0462659784
v -0.184322029 1.30817699 0.0286539812
v -0.156787962 1.2086767 0.0918109789
v -0.178049967 1.20817888 0.0493639894
v -0.122647025 1.12557602 0.129639015
v -0.0729319975 1.01935089 0.163044959
v -0.140608028 1.01974797 0.130583033
v -0.081140995 0.911032975 0.174018964
v -0.153764024 1.12417102 0.105437018
v -0.155012995 1.12523508 0.0951159745
v -0.20050399 1.01700807 0.0646110103
v -0.15685901 0.911090732 0.13350305
v -0.181643993 1.12152827 0.0534749776
v -0.182673991 1.20799494 -0.0257719941
v -0.186349973 1.11781096 -0.0160170067
v -0.173569024 0.776177883 0.139521062
v -0.0931830034 0.77442503 0.186521977
v -0.211163998 0.911022007 0.0674820095
v -0.224939004 0.776429892 0.0742000341
v -0.218027994 0.907626987 -0.00186600036
v -0.237199992 0.778392017 -0.0100390036
v -0.183270991 0.781574011 -0.0952339843
v -0.162916958 1.01282883 -0.0872909799
v -0.19698602 1.01599503 -0.0143660055
v -0.168704987 0.91168803 -0.08837495
v -0.0923929736 0.912333965 -0.135391936
v -0.0956710204 0.785430074 -0.144614041
v 1.00815978E-09 0.912057161 -0.160357058
v 5.18279464E-09 0.786043227 -0.170379996
v -0.203600004 0.909743011 -0.0152079891
v -0.189513013 1.01879919 0.0475459956
v -0.193702981 1.25914407 -0.0351860002
v -0.235232994 1.21241999 -0.0819109976
v -0.225539014 1.20007396 -0.0368739888
v -0.197321981 1.26508415 -0.0914450139
v -0.238642991 1.21702111 -0.102315016
v -0.252247006 1.23627305 -0.115777031
v -0.189207986 1.27580905 -0.0921329781
v -0.187581986 1.27057099 -0.0350400023
v -0.184630051 1.27200007 -0.0328620151
v -0.179314032 1.28545702 -0.0939099789
v -0.216795996 1.28794205 -0.108945027
v -0.266483009 1.25537193 -0.113455079
v -0.202192962 1.32910264 -0.11125198
v -0.228472024 1.31008768 -0.108809143
v -0.283403009 1.26992607 -0.0972160324
v -0.252816051 1.35272396 -0.0848600343
v -0.303078979 1.2858777 -0.0799298733
v -0.321063995 1.30374098 -0.0587310195
v -0.186126024 1.34770596 -0.114400953
v -0.172553986 1.35089087 -0.117700994
v -0.181299984 1.43160594 -0.105126008
v -0.261783034 1.37119412 -0.0404129922
v -0.324608952 1.30855501 -0.042040024
v -0.225642011 1.39290094 -0.0952690095
v -0.198815003 1.42427993 -0.101973996
v -0.185419038 1.45819306 -0.0642940179
v -0.25799799 1.36164773 -0.0268999971
v -0.309581965 1.29554689 -0.027119007
v -0.301192999 1.28859496 -0.0168639962
v -0.202142045 1.44949901 -0.0632799938
v -0.232094035 1.41634917 -0.03302598
v -0.203429043 1.45038414 -0.0273079947
v -0.188648015 1.45936906 -0.0249350108
v -0.19971998 1.4247818 0.0284770243
v -0.187031984 1.4316771 0.0319429301
v -0.248894975 1.34783459 0.0144500621
v -0.294669002 1.28391492 0.0116420062
v -0.288441986 1.27965689 0.036736086
v -0.230788931 1.3204968 0.0353320651
v -0.268083006 1.26208198 0.0476589873
v -0.249004975 1.23566699 0.0420939922
v -0.223891959 1.39322889 0.0217950046
v -0.194105983 1.37372589 0.0514440127
v -0.184075028 1.3763113 0.0585839972
v -0.184322029 1.30817699 0.0286539812
v -0.209386975 1.3526876 0.036975015
v -0.194003999 1.30001795 0.0226140041
v -0.184630051 1.27200007 -0.0328620151
v -0.187581986 1.27057099 -0.0350400023
v -0.206341967 1.28252697 0.0178409871
v -0.238293007 1.21543086 0.0124179982
v -0.193702981 1.25914407 -0.0351860002
v -0.225539014 1.20007396 -0.0368739888
v 0.500429928 0.945796967 0.0741450265
v 0.503506958 0.934145927 0.0754199773
v 0.497727007 0.92956394 0.0682139993
v 0.492291927 0.940454006 0.0660220236
v 0.570227027 0.927279055 0.0529029407
v 0.576461911 0.914424956 0.0562059619
v 0.569390953 0.915896058 0.0655439645
v 0.562560976 0.928105056 0.0628209412
v 0.574985921 0.925896943 0.0305000003
v 0.581842005 0.912406981 0.0333100036
v 0.580817997 0.912413001 0.0421480015
v 0.573684931 0.926588953 0.039950002
v 0.580129981 0.913825989 0.0218270011
v 0.574319065 0.926990926 0.0204820037
v 0.572721064 0.926827013 0.0101620043
v 0.577965975 0.914281011 0.0127170002
v 0.562574923 0.930589855 -0.00856201909
v 0.567823946 0.916641951 -0.00492900144
v 0.571775973 0.915332019 0.00285100751
v 0.567501962 0.93067795 0.000743988261
v 0.498965979 0.952550948 0.0722209737
v 0.503506958 0.934145927 0.0754199773
v 0.497727007 0.92956394 0.0682139993
v 0.489386976 0.946741939 0.0635379925
v 0.492648005 0.968522012 0.0686710104
v 0.481678009 0.961219966 0.0588809997
v 0.489585012 0.974515975 0.0682110786
v 0.476376027 0.966915965 0.0575060025
v 0.484878033 0.982581973 0.0658420771
v 0.494726986 0.94382292 0.0499219969
v 0.501185 0.927806973 0.0602299906
v 0.497727007 0.92956394 0.0682139993
v 0.485901028 0.958985984 0.0464519933
v 0.483223975 0.962881982 0.0412459932
v 0.470764041 0.97478497 0.0534989983
v 0.474868983 1.00712097 0.0548920035
v 0.461235046 0.991778016 0.0434609912
v 0.483629972 0.967471957 0.0340610072
v 0.483223975 0.962881982 0.0412459932
v 0.519751966 0.989938915 0.0487359464
v 0.505309045 0.976667106 0.052186016
v 0.489585012 0.974515975 0.0682110786
v 0.499747008 0.970907927 0.0557910018
v 0.526031911 0.982469022 0.0501889177
v 0.512439013 0.973781943 0.0496619828
v 0.540101051 0.941927075 0.05561601
v 0.537012875 0.982531846 0.036453899
v 0.547953844 0.952280939 0.0572929196
v 0.5569399 0.95191288 0.0456899218
v 0.533909976 0.988121986 0.0324909464
v 0.560058892 0.946460903 0.0474229865
v 0.551738918 0.946847916 0.0582499765
v 0.569390953 0.915896058 0.0655439645
v 0.576461911 0.914424956 0.0562059619
v 0.569390953 0.915896058 0.0655439645
v 0.562398016 0.910701036 0.0635350049
v 0.491847992 1.01747394 0.0389389396
v 0.47419098 1.0301069 0.0398739837
v 0.453132987 1.00992393 0.0337370038
v 0.458644956 1.00448692 0.00369699229
v 0.466962993 0.990327954 0.017546
v 0.483629972 0.967471957 0.0340610072
v 0.475849986 0.991737962 0.00620600674
v 0.49722603 0.975646019 0.0273839608
v 0.505309045 0.976667106 0.052186016
v 0.450792044 1.02418399 0.0241960026
v 0.449894935 1.01976097 -0.000435004738
v 0.454622 1.02412808 -0.0231550019
v 0.464583009 1.00907207 -0.0269099995
v 0.481850982 0.990372002 -0.0285409987
v 0.46448794 1.04419398 0.0278099645
v 0.489353895 1.03398085 0.00201597158
v 0.472630829 1.04661477 -8.50179858E-05
v 0.517117023 0.962992966 -0.00503000058
v 0.518079996 0.963 -0.0208460018
v 0.546041965 0.93631202 -0.0023749955
v 0.543038964 0.937864006 -0.0148750003
v 0.565813005 0.910821974 0.00351499696
v 0.562123895 0.912280917 -0.00620701164
v 0.517284036 0.962894976 0.0120799802
v 0.547390997 0.93779707 0.0165760033
v 0.546950996 0.936502039 0.00261000264
v 0.572073996 0.908061981 0.0218650047
v 0.569646001 0.908711016 0.0117060011
v 0.519233048 0.964595079 0.0292219575
v 0.505309045 0.976667106 0.052186016
v 0.512439013 0.973781943 0.0496619828
v 0.548063099 0.93780607 0.0215119962
v 0.540101051 0.941927075 0.05561601
v 0.547417998 0.93876195 0.035918992
v 0.573624969 0.907029986 0.0316420011
v 0.573210001 0.906862915 0.0427470058
v 0.544129968 0.939384997 0.0410100073
v 0.562398016 0.910701036 0.0635350049
v 0.569571972 0.908383071 0.052393999
v 0.499747008 0.970907927 0.0557910018
v 0.483223975 0.962881982 0.0412459932
v 0.500227988 0.966792941 0.0561670065
v 0.485901028 0.958985984 0.0464519933
v 0.50732398 0.952216983 0.059786994
v 0.494726986 0.94382292 0.0499219969
v 0.508903921 0.93362397 0.0671689659
v 0.501185 0.927806973 0.0602299906
v 0.503506958 0.934145927 0.0754199773
v 0.508903921 0.93362397 0.0671689659
v 0.501185 0.927806973 0.0602299906
v 0.562398016 0.910701036 0.0635350049
v 0.576461911 0.914424956 0.0562059619
v 0.569571972 0.908383071 0.052393999
v 0.464583009 1.00907207 -0.0269099995
v 0.470230967 1.04227793 -0.0210989788
v 0.454622 1.02412808 -0.0231550019
v 0.48269698 1.02622497 -0.0248280205
v 0.500360012 1.00962698 -0.0267190076
v 0.481850982 0.990372002 -0.0285409987
v 0.502261996 1.01464593 -0.0114170229
v 0.531887054 0.980919003 -0.0201030076
v 0.518079996 0.963 -0.0208460018
v 0.53659004 0.983369946 -0.00289700413
v 0.503913999 1.01930392 0.00595101807
v 0.537144005 0.985809028 0.0149320047
v 0.541438043 0.978898048 0.0176710021
v 0.538527012 0.981250048 0.0325489976
v 0.558545053 0.950658083 0.0371950008
v 0.560126066 0.94928205 0.0238480009
v 0.562822044 0.945481062 0.0249130037
v 0.561283052 0.946797073 0.037703
v 0.580817997 0.912413001 0.0421480015
v 0.581842005 0.912406981 0.0333100036
v 0.541363001 0.979487002 0.0148
v 0.540021002 0.978093028 -0.00112700055
v 0.560644984 0.950860977 0.0175219942
v 0.559961975 0.949794054 0.00468099723
v 0.563239992 0.944378972 0.00611899607
v 0.563996017 0.945465982 0.0182459988
v 0.580129981 0.913825989 0.0218270011
v 0.577965975 0.914281011 0.0127170002
v 0.535331011 0.975641012 -0.0193500165
v 0.540248036 0.978072941 -0.00431201747
v 0.559247971 0.949577987 -0.00199898821
v 0.553140998 0.948125005 -0.0134959863
v 0.543038964 0.937864006 -0.0148750003
v 0.556287944 0.942349017 -0.0121009815
v 0.562108994 0.943719089 -0.00139397394
v 0.571775973 0.915332019 0.00285100751
v 0.567823946 0.916641951 -0.00492900144
v 0.567823946 0.916641951 -0.00492900144
v 0.562123895 0.912280917 -0.00620701164
v 0.562123895 0.912280917 -0.00620701164
v 0.571775973 0.915332019 0.00285100751
v 0.565813005 0.910821974 0.00351499696
v 0.581842005 0.912406981 0.0333100036
v 0.573624969 0.907029986 0.0316420011
v 0.573210001 0.906862915 0.0427470058
v 0.580817997 0.912413001 0.0421480015
v 0.547417998 0.93876195 0.035918992
v 0.580817997 0.912413001 0.0421480015
v 0.573210001 0.906862915 0.0427470058
v 0.561283052 0.946797073 0.037703
v 0.558545053 0.950658083 0.0371950008
v 0.519233048 0.964595079 0.0292219575
v 0.538527012 0.981250048 0.0325489976
v 0.533909976 0.988121986 0.0324909464
v 0.569646001 0.908711016 0.0117060011
v 0.572073996 0.908061981 0.0218650047
v 0.580129981 0.913825989 0.0218270011
v 0.577965975 0.914281011 0.0127170002
v 0.565813005 0.910821974 0.00351499696
v 0.562108994 0.943719089 -0.00139397394
v 0.571775973 0.915332019 0.00285100751
v 0.546041965 0.93631202 -0.0023749955
v 0.559247971 0.949577987 -0.00199898821
v 0.540248036 0.978072941 -0.00431201747
v 0.517117023 0.962992966 -0.00503000058
v 0.53659004 0.983369946 -0.00289700413
v 0.577965975 0.914281011 0.0127170002
v 0.546950996 0.936502039 0.00261000264
v 0.569646001 0.908711016 0.0117060011
v 0.563239992 0.944378972 0.00611899607
v 0.559961975 0.949794054 0.00468099723
v 0.517117023 0.962992966 -0.00503000058
v 0.540021002 0.978093028 -0.00112700055
v 0.53659004 0.983369946 -0.00289700413
v 0.581842005 0.912406981 0.0333100036
v 0.548063099 0.93780607 0.0215119962
v 0.573624969 0.907029986 0.0316420011
v 0.562822044 0.945481062 0.0249130037
v 0.560126066 0.94928205 0.0238480009
v 0.517284036 0.962894976 0.0120799802
v 0.541438043 0.978898048 0.0176710021
v 0.537144005 0.985809028 0.0149320047
v 0.544129968 0.939384997 0.0410100073
v 0.569571972 0.908383071 0.052393999
v 0.576461911 0.914424956 0.0562059619
v 0.560058892 0.946460903 0.0474229865
v 0.5569399 0.95191288 0.0456899218
v 0.519233048 0.964595079 0.0292219575
v 0.537012875 0.982531846 0.036453899
v 0.533909976 0.988121986 0.0324909464
v 0.563996017 0.945465982 0.0182459988
v 0.580129981 0.913825989 0.0218270011
v 0.572073996 0.908061981 0.0218650047
v 0.547390997 0.93779707 0.0165760033
v 0.560644984 0.950860977 0.0175219942
v 0.541363001 0.979487002 0.0148
v 0.517284036 0.962894976 0.0120799802
v 0.537144005 0.985809028 0.0149320047
v 0.50732398 0.952216983 0.059786994
v 0.508903921 0.93362397 0.0671689659
v 0.503506958 0.934145927 0.0754199773
v 0.498965979 0.952550948 0.0722209737
v 0.492648005 0.968522012 0.0686710104
v 0.500227988 0.966792941 0.0561670065
v 0.489585012 0.974515975 0.0682110786
v -0.500429988 0.945796967 0.0741450042
v -0.492291987 0.940454006 0.0660220012
v -0.497727007 0.92956394 0.0682139918
v -0.503507018 0.934145927 0.0754200295
v -0.570226967 0.927278817 0.0529031232
v -0.562560976 0.928104818 0.0628211275
v -0.569389999 0.915895879 0.0655440763
v -0.57646203 0.914424956 0.056205079
v -0.574985981 0.925897121 0.0305000059
v -0.57368499 0.926589131 0.0399500057
v -0.580817997 0.912413061 0.0421479978
v -0.581842005 0.912406981 0.0333099999
v -0.580129981 0.913825989 0.0218270011
v -0.577965975 0.914281011 0.0127170049
v -0.572720885 0.926827013 0.0101620099
v -0.574318886 0.926990926 0.0204820074
v -0.562575042 0.930590212 -0.00856197719
v -0.567502022 0.930678248 0.000744025165
v -0.571775973 0.915332079 0.00285104499
v -0.567823946 0.91664207 -0.00492895767
v -0.498965979 0.952550888 0.0722210333
v -0.497727007 0.92956394 0.0682139918
v -0.503507018 0.934145927 0.0754200295
v -0.489387006 0.946741998 0.063538
v -0.492647976 0.968521953 0.0686709881
v -0.481678039 0.961220086 0.0588809997
v -0.489585072 0.974516094 0.0682109669
v -0.476376027 0.966915965 0.0575059913
v -0.484878063 0.982582211 0.0658419579
v -0.494726986 0.94382298 0.0499219969
v -0.50118494 0.927806973 0.060229972
v -0.497727007 0.92956394 0.0682139918
v -0.485902011 0.958986044 0.0464520007
v -0.483224005 0.962882042 0.0412460044
v -0.470764011 0.974784911 0.053499002
v -0.474868953 1.00712097 0.0548919998
v -0.461234987 0.991777956 0.0434609912
v -0.483629972 0.967471957 0.0340610035
v -0.483224005 0.962882042 0.0412460044
v -0.519751966 0.989939988 0.0487360507
v -0.505308986 0.976666987 0.0521860272
v -0.489585072 0.974516094 0.0682109669
v -0.499747008 0.970907927 0.0557910129
v -0.526031971 0.982469022 0.0501890443
v -0.512439013 0.973782003 0.0496620014
v -0.540101051 0.941927016 0.0556160063
v -0.537012994 0.982531846 0.0364540629
v -0.547954023 0.952281117 0.0572930798
v -0.556940079 0.951913059 0.0456900746
v -0.533910036 0.988121986 0.0324910544
v -0.56005913 0.946461082 0.0474230908
v -0.551739097 0.946848035 0.0582500882
v -0.569389999 0.915895879 0.0655440763
v -0.57646203 0.914424956 0.056205079
v -0.569389999 0.915895879 0.0655440763
v -0.562397957 0.910700917 0.0635350049
v -0.491848022 1.01747394 0.0389390513
v -0.47419101 1.0301069 0.0398740061
v -0.453132987 1.00992393 0.0337370001
v -0.458644956 1.00448692 0.00369700044
v -0.466962993 0.990327954 0.0175460037
v -0.483629972 0.967471957 0.0340610035
v -0.475850016 0.991738021 0.00620600767
v -0.49722591 0.975645781 0.0273841452
v -0.505308986 0.976666987 0.0521860272
v -0.450791985 1.02418399 0.0241960064
v -0.449894965 1.01976097 -0.000434988062
v -0.454622 1.02412808 -0.0231549907
v -0.464583039 1.00907207 -0.0269099995
v -0.481850982 0.990372002 -0.0285410043
v -0.46448797 1.04419398 0.0278099813
v -0.489354044 1.03398108 0.00201597437
v -0.472631067 1.04661608 -8.50342694E-05
v -0.517116964 0.962992013 -0.00502999779
v -0.518079996 0.963001013 -0.0208460018
v -0.517283976 0.962894976 0.0120800268
v -0.546042025 0.93631202 -0.00237500248
v -0.543039024 0.937864006 -0.0148750013
v -0.565813005 0.910821974 0.0035149972
v -0.562123954 0.912281036 -0.00620700466
v -0.547391057 0.93779701 0.0165760033
v -0.546950996 0.93650198 0.00261000451
v -0.572074056 0.908061981 0.0218650028
v -0.569646001 0.908711016 0.0117060076
v -0.519232988 0.96459496 0.0292220842
v -0.505308986 0.976666987 0.0521860272
v -0.512439013 0.973782003 0.0496620014
v -0.54806298 0.93780601 0.0215120055
v -0.540101051 0.941927016 0.0556160063
v -0.547417998 0.93876195 0.0359190069
v -0.573625028 0.907029986 0.0316419974
v -0.573210001 0.906863093 0.0427470021
v -0.544130027 0.939384997 0.0410099961
v -0.562397957 0.910700917 0.0635350049
v -0.569572031 0.908383012 0.0523940064
v -0.499747008 0.970907927 0.0557910129
v -0.483224005 0.962882042 0.0412460044
v -0.500227988 0.966792941 0.0561669953
v -0.485902011 0.958986044 0.0464520007
v -0.50732398 0.952216923 0.0597870201
v -0.494726986 0.94382298 0.0499219969
v -0.50890398 0.93362385 0.067169033
v -0.50118494 0.927806973 0.060229972
v -0.50118494 0.927806973 0.060229972
v -0.50890398 0.93362385 0.067169033
v -0.503507018 0.934145927 0.0754200295
v -0.562397957 0.910700917 0.0635350049
v -0.569572031 0.908383012 0.0523940064
v -0.57646203 0.914424956 0.056205079
v -0.464583039 1.00907207 -0.0269099995
v -0.454622 1.02412808 -0.0231549907
v -0.470231086 1.04227817 -0.0210990123
v -0.48269701 1.02622497 -0.0248280074
v -0.500359952 1.00962698 -0.0267189946
v -0.481850982 0.990372002 -0.0285410043
v -0.502261996 1.01464593 -0.0114170033
v -0.531886935 0.980918944 -0.0201029871
v -0.518079996 0.963001013 -0.0208460018
v -0.53658998 0.983369887 -0.00289698644
v -0.503914058 1.01930404 0.0059509892
v -0.537144005 0.985809088 0.0149320029
v -0.541437984 0.978897989 0.0176709965
v -0.538526952 0.981248975 0.0325490013
v -0.558545053 0.950658083 0.0371950008
v -0.560126007 0.94928205 0.0238480009
v -0.562822044 0.945481002 0.0249130037
v -0.561283052 0.946797073 0.037703
v -0.580817997 0.912413061 0.0421479978
v -0.581842005 0.912406981 0.0333099999
v -0.541361988 0.979487062 0.0148000009
v -0.540021002 0.978093028 -0.00112699554
v -0.560645044 0.950861037 0.0175219961
v -0.559961975 0.949793994 0.00468099583
v -0.563239992 0.944378972 0.00611899886
v -0.563996017 0.945465982 0.0182459969
v -0.580129981 0.913825989 0.0218270011
v -0.577965975 0.914281011 0.0127170049
v -0.540247917 0.978072882 -0.00431199139
v -0.535330951 0.975640953 -0.0193499904
v -0.559247911 0.949577928 -0.0019989803
v -0.553140938 0.948124886 -0.0134959789
v -0.543039024 0.937864006 -0.0148750013
v -0.556287944 0.942349017 -0.0121009499
v -0.562108934 0.943719029 -0.00139394961
v -0.571775973 0.915332079 0.00285104499
v -0.567823946 0.91664207 -0.00492895767
v -0.567823946 0.91664207 -0.00492895767
v -0.562123954 0.912281036 -0.00620700466
v -0.562123954 0.912281036 -0.00620700466
v -0.571775973 0.915332079 0.00285104499
v -0.565813005 0.910821974 0.0035149972
v -0.581842005 0.912406981 0.0333099999
v -0.580817997 0.912413061 0.0421479978
v -0.573210001 0.906863093 0.0427470021
v -0.573625028 0.907029986 0.0316419974
v -0.547417998 0.93876195 0.0359190069
v -0.573210001 0.906863093 0.0427470021
v -0.580817997 0.912413061 0.0421479978
v -0.561283052 0.946797073 0.037703
v -0.558545053 0.950658083 0.0371950008
v -0.519232988 0.96459496 0.0292220842
v -0.538526952 0.981248975 0.0325490013
v -0.533910036 0.988121986 0.0324910544
v -0.569646001 0.908711016 0.0117060076
v -0.577965975 0.914281011 0.0127170049
v -0.580129981 0.913825989 0.0218270011
v -0.572074056 0.908061981 0.0218650028
v -0.565813005 0.910821974 0.0035149972
v -0.571775973 0.915332079 0.00285104499
v -0.562108934 0.943719029 -0.00139394961
v -0.546042025 0.93631202 -0.00237500248
v -0.559247911 0.949577928 -0.0019989803
v -0.540247917 0.978072882 -0.00431199139
v -0.517116964 0.962992013 -0.00502999779
v -0.53658998 0.983369887 -0.00289698644
v -0.577965975 0.914281011 0.0127170049
v -0.569646001 0.908711016 0.0117060076
v -0.546950996 0.93650198 0.00261000451
v -0.563239992 0.944378972 0.00611899886
v -0.559961975 0.949793994 0.00468099583
v -0.517116964 0.962992013 -0.00502999779
v -0.540021002 0.978093028 -0.00112699554
v -0.53658998 0.983369887 -0.00289698644
v -0.581842005 0.912406981 0.0333099999
v -0.573625028 0.907029986 0.0316419974
v -0.54806298 0.93780601 0.0215120055
v -0.562822044 0.945481002 0.0249130037
v -0.560126007 0.94928205 0.0238480009
v -0.517283976 0.962894976 0.0120800268
v -0.541437984 0.978897989 0.0176709965
v -0.537144005 0.985809088 0.0149320029
v -0.544130027 0.939384997 0.0410099961
v -0.57646203 0.914424956 0.056205079
v -0.569572031 0.908383012 0.0523940064
v -0.56005913 0.946461082 0.0474230908
v -0.556940079 0.951913059 0.0456900746
v -0.519232988 0.96459496 0.0292220842
v -0.537012994 0.982531846 0.0364540629
v -0.533910036 0.988121986 0.0324910544
v -0.563996017 0.945465982 0.0182459969
v -0.572074056 0.908061981 0.0218650028
v -0.580129981 0.913825989 0.0218270011
v -0.547391057 0.93779701 0.0165760033
v -0.560645044 0.950861037 0.0175219961
v -0.541361988 0.979487062 0.0148000009
v -0.517283976 0.962894976 0.0120800268
v -0.537144005 0.985809088 0.0149320029
v -0.50732398 0.952216923 0.0597870201
v -0.503507018 0.934145927 0.0754200295
v -0.50890398 0.93362385 0.067169033
v -0.498965979 0.952550888 0.0722210333
v -0.492647976 0.968521953 0.0686709881
v -0.500227988 0.966792941 0.0561669953
v -0.489585072 0.974516094 0.0682109669
v 4.09547563E-10 1.49994993 -0.0714339986
v 7.61184227E-10 1.56369793 -0.0751070008
v 0.0401280001 1.56027877 -0.0618769936
v 0.0402770042 1.49672484 -0.0635769963
v 0.0643829927 1.55266786 -0.0354999974
v 0.062475998 1.48573875 -0.0338400006
v 0.0720159933 1.54015696 0.000708994339
v 0.0656809956 1.46437502 -0.00394400535
v 0.0664399862 1.52087593 0.0387909934
v 0.0638880059 1.44517303 0.0305579938
v 0.0578179918 1.50213492 0.0630550012
v 0.0528550036 1.44813597 0.0573260002
v 0.0569980033 1.43743491 0.0461970046
v 0.0524919927 1.48144305 0.0691799968
v 5.15348297E-09 1.50839508 -0.103719994
v 0.0483891778 1.55964029 -0.0808953568
v 5.87493387E-10 1.56127417 -0.0960274264
v 0.0520220064 1.5046519 -0.0865000114
v 0.0743944645 1.55238938 -0.0551724471
v 0.086259 1.49878097 -0.0556489937
v 0.0974199846 1.5325309 -0.00174698944
v 0.0986180007 1.47985196 -0.0119670667
v 0.0906759873 1.514292 0.0496690013
v 0.0880410075 1.45100188 0.0333729535
v 0.0813889951 1.49613595 0.0751710013
v 0.0712260008 1.44398403 0.0690800101
v 0.0731680021 1.47808897 0.0801259726
v 0.0710839927 1.43739188 0.0594110154
v 0.066343002 1.43644011 0.0566360205
v 4.09547563E-10 1.49994993 -0.0714339986
v -0.0401280001 1.56027889 -0.0618770011
v 7.61184227E-10 1.56369793 -0.0751070008
v -0.0402769968 1.49672496 -0.0635770038
v -0.0646859929 1.55546904 -0.0355000012
v -0.062475998 1.48573899 -0.0338399969
v -0.0720160007 1.54015696 0.000709012034
v -0.0656809956 1.46437502 -0.00394398626
v -0.066440016 1.52087593 0.0387910195
v -0.0638879985 1.44517303 0.0305580087
v -0.057818003 1.50213492 0.0630550086
v -0.0528549962 1.44813597 0.0573260002
v -0.0569979995 1.43743491 0.0461969934
v -0.0524919815 1.48144305 0.0691799968
v 5.15348297E-09 1.50839508 -0.103719994
v 5.87493387E-10 1.56127417 -0.0960274264
v -0.0483891778 1.55964029 -0.0808953494
v -0.0520220064 1.50465178 -0.0864999965
v -0.0743944645 1.5523895 -0.0551724471
v -0.0862590075 1.49878109 -0.0556490012
v -0.097420007 1.5325309 -0.001746997
v -0.0986180082 1.47985208 -0.0119669912
v -0.0906760022 1.514292 0.0496690013
v -0.088041015 1.45100212 0.0333730131
v -0.0813889951 1.49613595 0.0751710013
v -0.0712259933 1.44398403 0.0690799728
v -0.0731679946 1.47808897 0.0801259428
v -0.0710839853 1.43739188 0.0594110005
v -0.066343002 1.43643999 0.0566359833
v -0.066343002 1.43643999 0.0566359833
v -0.0710839853 1.43739188 0.0594110005
v -0.0712259933 1.44398403 0.0690799728
v -0.061557997 1.44347787 0.0670619532
v -0.0569979995 1.43743491 0.0461969934
v -0.0528549962 1.44813597 0.0573260002
v -0.0731679946 1.47808897 0.0801259428
v -0.0524919815 1.48144305 0.0691799968
v -0.0625319853 1.48052299 0.0805329308
v -0.0693709925 1.50477791 0.0717799738
v -0.0813889951 1.49613595 0.0751710013
v -0.057818003 1.50213492 0.0630550086
v -0.0801400095 1.52347398 0.0469920114
v -0.066440016 1.52087593 0.0387910195
v -0.0906760022 1.514292 0.0496690013
v -0.0720160007 1.54015696 0.000709012034
v -0.0842530057 1.54352093 0.000171001273
v -0.097420007 1.5325309 -0.001746997
v -0.0646859929 1.55546904 -0.0355000012
v -0.0743944645 1.5523895 -0.0551724471
v -0.0709273145 1.55994105 -0.0473800898
v -0.0401280001 1.56027889 -0.0618770011
v -0.0483891778 1.55964029 -0.0808953494
v -0.0452045798 1.56773126 -0.0773718655
v 7.61184227E-10 1.56369793 -0.0751070008
v 5.87493387E-10 1.56127417 -0.0960274264
v -0.0021622323 1.57076013 -0.0896451846
v 0.0712260008 1.44398403 0.0690800101
v 0.0710839927 1.43739188 0.0594110154
v 0.066343002 1.43644011 0.0566360205
v 0.0615580007 1.44347787 0.0670620203
v 0.0569980033 1.43743491 0.0461970046
v 0.0528550036 1.44813597 0.0573260002
v 0.0731680021 1.47808897 0.0801259726
v 0.0524919927 1.48144305 0.0691799968
v 0.0625320002 1.48052299 0.0805329606
v 0.0693709999 1.50477791 0.0717799962
v 0.0813889951 1.49613595 0.0751710013
v 0.0578179918 1.50213492 0.0630550012
v 0.0801399872 1.52347398 0.0469920039
v 0.0664399862 1.52087593 0.0387909934
v 0.0906759873 1.514292 0.0496690013
v 0.0720159933 1.54015696 0.000708994339
v 0.0842529759 1.54351997 0.00017100574
v 0.0974199846 1.5325309 -0.00174698944
v 0.0643829927 1.55266786 -0.0354999974
v 0.0743944645 1.55238938 -0.0551724471
v 0.0774139911 1.559111 -0.0441649966
v 0.0401280001 1.56027877 -0.0618769936
v 0.0483891778 1.55964029 -0.0808953568
v 0.0408801176 1.56773126 -0.0773718655
v 7.61184227E-10 1.56369793 -0.0751070008
v 5.87493387E-10 1.56127417 -0.0960274264
v -0.0021622323 1.57076013 -0.0896451846
v 4.09547563E-10 1.49994993 -0.0714339986
v 0.0409719981 1.554299 -0.0540909991
v -0 1.55568993 -0.063176997
v 0.0402770042 1.49672484 -0.0635769963
v 0.0594799966 1.54531908 -0.0186999999
v 0.062475998 1.48573875 -0.0338400006
v 0.0372239985 1.53036094 0.0263659991
v 0.0403959975 1.47164392 0.00981399976
v -0 1.52341294 0.0477069989
v -0 1.46452796 0.029581001
v -0 1.39768004 0.0646549985
v -0 1.42458498 0.0391630009
v 0.0364709981 1.41930401 0.0490929969
v 0.0421250015 1.44957507 0.0260339994
v 0.0638880059 1.44517303 0.0305579938
v -0 1.44318604 0.0342050008
v 0.0656809956 1.46437502 -0.00394400535
v -0 1.46452796 0.029581001
v 0.062475998 1.48573875 -0.0338400006
v 0.0403959975 1.47164392 0.00981399976
v 0.0372239985 1.53036094 0.0263659991
v -0 1.52341294 0.0477069989
v -0 1.53977597 -0.0196790006
v 0.0594799966 1.54531908 -0.0186999999
v 0.0409719981 1.554299 -0.0540909991
v -0 1.55568993 -0.063176997
v 0.0569980033 1.43743491 0.0461970046
v 0.00624899985 1.42958999 0.0454619974
v 0.0638880059 1.44517303 0.0305579938
v 0.0073739998 1.42532301 0.0598349981
v 0.00310299988 1.42346299 0.0474100001
v 0.0577799976 1.41638899 0.0576350018
v 0.00437200023 1.42057097 0.0623009987
v -0 1.42152405 0.0623009987
v -0 1.42346299 0.0474100001
v -0 1.37375796 0.091527991
v 0.00427399995 1.37375796 0.091527991
v -0 1.30109406 0.109931
v 0.0665799975 1.42773998 0.0636179969
v 0.066343002 1.43644011 0.0566360205
v 0.0880410075 1.45100188 0.0333729535
v 0.0615320019 1.39475691 0.0707740039
v 0.0831200033 1.38759995 0.0856529996
v 0.12066 1.34742403 0.0626609847
v 0.0696769953 1.40762889 0.0774030015
v 0.0754429996 1.37473297 0.078162998
v 0.00434600003 1.30109406 0.109931
v 0.0733779967 1.30093706 0.103171997
v 0.132107005 1.29615903 0.0724550039
v 0.0730900019 1.21614301 0.108739004
v 0.126436993 1.21537995 0.0696289986
v 0.00468100002 1.21636498 0.110714994
v -0 1.21636498 0.110714994
v 0.00462999986 1.15232301 0.110581994
v -0 1.15232301 0.110581994
v 0.0742189959 1.15167296 0.107013993
v 0.135331988 1.12234902 0.0706249848
v 0.00518399989 1.11924005 0.120175995
v -0 1.11924005 0.120175995
v -0 1.08736002 0.110156998
v 0.00461099995 1.08736002 0.110156998
v 0.0745169967 1.11888993 0.112377994
v 0.0756969973 1.09092104 0.10204
v 0.132040977 1.08816409 0.06356401
v 0.00461099995 1.08736002 0.110156998
v -0 1.08226299 0.129051
v -0 1.08736002 0.110156998
v 0.00505999988 1.08226299 0.129051
v 0.0756969973 1.09092104 0.10204
v -0 1.03134799 0.132144004
v 0.0845129937 1.08551204 0.120522
v 0.132040977 1.08816409 0.06356401
v 0.00534600019 1.03134799 0.132144004
v -0 1.01115501 0.129812002
v 0.090417996 1.03355002 0.121394992
v 0.00544499978 1.01115501 0.129812002
v -0 1.00651491 0.110635012
v 0.00508699985 1.00651491 0.110635012
v 0.0165199991 1.006194 0.129418999
v 0.0164599996 1.00180387 0.110649996
v 0.0347429998 1.00587797 0.127785996
v 0.0334240012 1.00162494 0.109241977
v 0.081035994 1.00750995 0.10177999
v 0.0869419947 1.01127601 0.119528994
v 0.136262 1.013708 0.0615840033
v 0.148434997 1.03520799 0.0610139966
v 0.157973975 1.01965511 -0.00612100773
v 0.21973899 1.25681901 0.00274999999
v 0.250366986 1.19406593 -0.0441800021
v 0.209561989 1.24935496 -0.0465969965
v 0.262003005 1.2002269 0.00149299996
v 0.265704989 1.17778599 -0.0417969972
v 0.245317981 1.28358197 0.0168839991
v 0.281971991 1.17818797 0.00377499987
v 0.278144002 1.165784 -0.039065998
v 0.287021995 1.13747203 -0.0378869995
v 0.288948983 1.22812891 0.0151229994
v 0.295682997 1.15211093 0.00832699984
v 0.30073601 1.13358295 -0.0372359976
v 0.311787993 1.25200593 0.002721
v 0.270893008 1.31034601 0.00271199993
v 0.30943799 1.20448494 0.0160009991
v 0.307053983 1.14714205 0.00588499987
v 0.311261982 1.13758194 -0.0345199965
v 0.340207994 1.22848797 0.00354900002
v 0.321456969 1.18928194 0.0224519987
v 0.321325004 1.26216996 -0.0416480005
v 0.277851015 1.32072401 -0.0418759994
v 0.316134989 1.14771998 0.000722999976
v 0.316643 1.12977302 -0.0331389979
v 0.335458964 1.24236894 -0.0405899994
v 0.31397 1.25382304 -0.0800369978
v 0.269241005 1.31180298 -0.0826629996
v 0.288232982 1.22855902 -0.0932269916
v 0.243663996 1.2850399 -0.0967059955
v 0.330269009 1.23595095 -0.0804259926
v 0.353616983 1.23035395 -0.0404770002
v 0.330372006 1.17932701 0.0188329984
v 0.360094965 1.21378696 0.00864600018
v 0.261687994 1.20333397 -0.0809399933
v 0.278239995 1.18358397 -0.0816159993
v 0.218085989 1.25827599 -0.0826629996
v 0.250366986 1.19406593 -0.0441800021
v 0.209561989 1.24935496 -0.0465969965
v 0.265704989 1.17778599 -0.0417969972
v 0.278144002 1.165784 -0.039065998
v 0.364333004 1.19846094 0.00588999968
v 0.304899991 1.20989001 -0.094584994
v 0.348174989 1.21789002 -0.0817940012
v 0.32100299 1.19066501 -0.096111998
v 0.291913003 1.16778898 -0.0834109932
v 0.301658005 1.14496005 -0.0793389976
v 0.287021995 1.13747203 -0.0378869995
v 0.30073601 1.13358295 -0.0372359976
v 0.365087003 1.20545304 -0.0794369951
v 0.372332007 1.21724796 -0.0388109982
v 0.333219975 1.17584097 -0.0932530016
v 0.312216997 1.14200103 -0.0717270002
v 0.375797004 1.20216393 -0.0354909971
v 0.367561966 1.19293499 -0.0721969977
v 0.33889097 1.16860092 -0.0848169997
v 0.320462972 1.14302492 -0.0651360005
v 0.311261982 1.13758194 -0.0345199965
v 0.316643 1.12977302 -0.0331389979
v 0.342305988 1.16639793 -0.0760580003
v 0.373324007 1.19329202 -0.0330599993
v 0.326570988 1.13641095 -0.0652199984
v 0.316735983 1.11856997 -0.0320260003
v 0.349233001 1.15881693 -0.0772709996
v 0.366766006 1.18533301 -0.0663129985
v 0.327728987 1.12599802 -0.0727880001
v 0.373788983 1.17865503 -0.0654279962
v 0.380488008 1.18743396 -0.0322799981
v 0.362578005 1.189466 0.000599000021
v 0.384141982 1.17835891 -0.0723740011
v 0.39200598 1.06477201 -0.0515209995
v 0.379321992 1.06292701 -0.0190019999
v 0.405283988 1.026142 -0.0080939997
v 0.35443297 1.15366197 -0.0877009928
v 0.413791001 1.08351791 -0.0645639971
v 0.420185 1.026425 -0.0461899973
v 0.369253993 1.18350101 0.00300799985
v 0.436123013 1.10706794 -0.0516059995
v 0.429695994 1.02441001 -0.0361719988
v 0.418722004 1.02369106 -0.00378499995
v 0.420026988 1.01526296 -0.00218600011
v 0.340489 1.16770196 0.0147259999
v 0.377692968 1.18333995 0.0131120002
v 0.390705973 1.18805897 -0.0336269997
v 0.439253002 1.11955094 -0.0191629995
v 0.471127003 1.07448399 -0.0474879965
v 0.447299004 1.04844594 -0.0601639971
v 0.451146007 1.04110992 -0.0477330014
v 0.426707 1.11763799 0.0171179995
v 0.334035993 1.17444599 0.0118449992
v 0.322286993 1.14031601 0.00312099978
v 0.316735983 1.11856997 -0.0320260003
v 0.345406979 1.16354096 0.0276389997
v 0.32328099 1.13086402 0.013429
v 0.382529974 1.07531297 0.0172339994
v 0.379321992 1.06292701 -0.0190019999
v 0.405283988 1.026142 -0.0080939997
v 0.401228964 1.09767902 0.0292969979
v 0.432942986 1.06594002 0.0432229973
v 0.408277005 1.04086602 0.0305349994
v 0.421351016 1.03501403 0.0262639988
v 0.418722004 1.02369106 -0.00378499995
v 0.420026988 1.01526296 -0.00218600011
v 0.460059017 1.08796799 0.029693
v 0.440028995 1.05524302 0.0357029997
v 0.474231988 1.08904099 -0.009509
v 0.461402982 1.07203698 0.0249699987
v 0.471971005 1.07321 -0.00660600001
v 0.467925966 1.06949306 0.0299539994
v 0.443971992 1.05066097 0.0420389995
v 0.423016012 1.02796996 0.0314989984
v 0.452214003 0.98989898 0.0471949987
v 0.448613018 0.975465 0.00914099999
v 0.475993007 1.01561499 0.0588899963
v 0.503022015 1.03692806 0.0449420027
v 0.516373992 1.03810596 0.00611999957
v 0.479766995 1.07076097 -0.00526400004
v 0.477162987 1.05761397 -0.039717
v 0.512772977 1.0236119 -0.0316050015
v 0.489004999 0.997893989 -0.0428439975
v 0.469756991 1.06142306 -0.0375399999
v 0.456269979 1.03484595 -0.0508879982
v 0.432247013 1.01610804 -0.0381119996
v 0.461975992 0.976633966 -0.0294029992
v 0.448613018 0.975465 0.00914099999
v 4.09547563E-10 1.49994993 -0.0714339986
v -0 1.55568993 -0.063176997
v -0.0409719981 1.554299 -0.0540909991
v -0.0402769968 1.49672496 -0.0635770038
v -0.0594799966 1.54531908 -0.0186999999
v -0.062475998 1.48573899 -0.0338399969
v -0.0372239985 1.53036094 0.0263659991
v -0.0403959975 1.47164392 0.00981399976
v -0 1.52341294 0.0477069989
v -0 1.46452796 0.029581001
v -0 1.39768004 0.0646549985
v -0.0364709981 1.41930401 0.0490929969
v -0 1.42458498 0.0391630009
v -0.0421250015 1.44957507 0.0260339994
v -0.0638879985 1.44517303 0.0305580087
v -0 1.44318604 0.0342050008
v -0.0656809956 1.46437502 -0.00394398626
v -0 1.46452796 0.029581001
v -0.062475998 1.48573899 -0.0338399969
v -0.0403959975 1.47164392 0.00981399976
v -0.0372239985 1.53036094 0.0263659991
v -0 1.53977597 -0.0196790006
v -0 1.52341294 0.0477069989
v -0.0594799966 1.54531908 -0.0186999999
v -0.0409719981 1.554299 -0.0540909991
v -0 1.55568993 -0.063176997
v -0.0569979995 1.43743491 0.0461969934
v -0.0638879985 1.44517303 0.0305580087
v -0.00624899985 1.42958999 0.0454619974
v -0.0073739998 1.42532301 0.0598349981
v -0.00310299988 1.42346299 0.0474100001
v -0.0577799976 1.41638899 0.0576350018
v -0.00437200023 1.42057097 0.0623009987
v -0 1.42152405 0.0623009987
v -0 1.42346299 0.0474100001
v -0 1.37375796 0.091527991
v -0.00427399995 1.37375796 0.091527991
v -0 1.30109406 0.109931
v -0.0665799975 1.42773998 0.0636179969
v -0.066343002 1.43643999 0.0566359833
v -0.088041015 1.45100212 0.0333730131
v -0.0615320019 1.39475691 0.0707740039
v -0.0831200033 1.38759995 0.0856529996
v -0.12066 1.34742403 0.0626609921
v -0.0696769953 1.40762889 0.0774030015
v -0.0754429996 1.37473297 0.078162998
v -0.00434600003 1.30109406 0.109931
v -0.0733779967 1.30093706 0.103171997
v -0.13210699 1.29615891 0.0724549964
v -0.0730900019 1.21614301 0.108739004
v -0.126436993 1.21537995 0.0696289986
v -0.00468100002 1.21636498 0.110714994
v -0 1.21636498 0.110714994
v -0.00462999986 1.15232301 0.110581994
v -0 1.15232301 0.110581994
v -0.0742189959 1.15167296 0.107013993
v -0.135332003 1.12234902 0.0706249997
v -0.00518399989 1.11924005 0.120175995
v -0 1.11924005 0.120175995
v -0 1.08736002 0.110156998
v -0.00461099995 1.08736002 0.110156998
v -0.0745169967 1.11888993 0.112377994
v -0.0756969973 1.09092104 0.10204
v -0.132040977 1.08816397 0.0635639951
v -0.00461099995 1.08736002 0.110156998
v -0 1.08736002 0.110156998
v -0 1.08226299 0.129051
v -0.00505999988 1.08226299 0.129051
v -0.0756969973 1.09092104 0.10204
v -0 1.03134799 0.132144004
v -0.0845129937 1.08551204 0.120522
v -0.132040977 1.08816397 0.0635639951
v -0.00534600019 1.03134799 0.132144004
v -0 1.01115501 0.129812002
v -0.090417996 1.03355002 0.121394992
v -0.00544499978 1.01115501 0.129812002
v -0 1.00651491 0.110635012
v -0.00508699985 1.00651491 0.110635012
v -0.0165199991 1.006194 0.129418999
v -0.0164599996 1.00180387 0.110649996
v -0.0347429998 1.00587797 0.127785996
v -0.0334240012 1.00162494 0.109242
v -0.081035994 1.00750995 0.10177999
v -0.0869419947 1.01127601 0.119528994
v -0.136262 1.01370788 0.061584007
v -0.148434997 1.03520799 0.0610139966
v -0.157973975 1.01965487 -0.00612098956
v -0.21973899 1.25681901 0.00274999999
v -0.209561989 1.24935496 -0.0465969965
v -0.250366986 1.19406593 -0.0441800021
v -0.262003005 1.2002269 0.00149299996
v -0.265704989 1.17778599 -0.0417969972
v -0.245317981 1.28358197 0.0168839991
v -0.281971991 1.17818797 0.00377499987
v -0.278144002 1.165784 -0.039065998
v -0.287021995 1.13747203 -0.0378869995
v -0.288948983 1.22812891 0.0151229994
v -0.295682997 1.15211093 0.00832699984
v -0.30073601 1.13358295 -0.0372359976
v -0.311787993 1.25200593 0.002721
v -0.270893008 1.31034601 0.00271199993
v -0.30943799 1.20448494 0.0160009991
v -0.307053983 1.14714205 0.00588499987
v -0.311261982 1.13758194 -0.0345199965
v -0.340207994 1.22848797 0.00354900002
v -0.321456969 1.18928194 0.0224519987
v -0.321325004 1.26216996 -0.0416480005
v -0.277851015 1.32072401 -0.0418759994
v -0.316134989 1.14771998 0.000722999976
v -0.316643 1.12977302 -0.0331389979
v -0.335458964 1.24236894 -0.0405899994
v -0.31397 1.25382304 -0.0800369978
v -0.269241005 1.31180298 -0.0826629996
v -0.288232982 1.22855902 -0.0932269916
v -0.243663996 1.2850399 -0.0967059955
v -0.330269009 1.23595095 -0.0804259926
v -0.353616983 1.23035395 -0.0404770002
v -0.330372006 1.17932701 0.0188329984
v -0.322286993 1.14031601 0.00312099978
v -0.316735983 1.11856997 -0.0320260003
v -0.360094965 1.21378696 0.00864600018
v -0.261687994 1.20333397 -0.0809399933
v -0.278239995 1.18358397 -0.0816159993
v -0.218085989 1.25827599 -0.0826629996
v -0.250366986 1.19406593 -0.0441800021
v -0.209561989 1.24935496 -0.0465969965
v -0.265704989 1.17778599 -0.0417969972
v -0.278144002 1.165784 -0.039065998
v -0.364333004 1.19846094 0.00588999968
v -0.304899991 1.20989001 -0.094584994
v -0.348174989 1.21789002 -0.0817940012
v -0.32100299 1.19066501 -0.096111998
v -0.291913003 1.16778898 -0.0834109932
v -0.301658005 1.14496005 -0.0793389976
v -0.287021995 1.13747203 -0.0378869995
v -0.30073601 1.13358295 -0.0372359976
v -0.365087003 1.20545304 -0.0794369951
v -0.333219975 1.17584097 -0.0932530016
v -0.312216997 1.14200103 -0.0717270002
v -0.372332007 1.21724796 -0.0388109982
v -0.33889097 1.16860092 -0.0848169997
v -0.320462972 1.14302492 -0.0651360005
v -0.311261982 1.13758194 -0.0345199965
v -0.316643 1.12977302 -0.0331389979
v -0.375797004 1.20216393 -0.0354909971
v -0.367561966 1.19293499 -0.0721969977
v -0.342305988 1.16639793 -0.0760580003
v -0.326570988 1.13641095 -0.0652199984
v -0.316735983 1.11856997 -0.0320260003
v -0.373324007 1.19329202 -0.0330599993
v -0.349233001 1.15881693 -0.0772709996
v -0.327728987 1.12599802 -0.0727880001
v -0.366766006 1.18533301 -0.0663129985
v -0.373788983 1.17865503 -0.0654279962
v -0.380488008 1.18743396 -0.0322799981
v -0.362578005 1.189466 0.000599000021
v -0.384141982 1.17835891 -0.0723740011
v -0.39200598 1.06477201 -0.0515209995
v -0.379321992 1.06292701 -0.0190019999
v -0.405283988 1.026142 -0.0080939997
v -0.35443297 1.15366197 -0.0877009928
v -0.413791001 1.08351791 -0.0645639971
v -0.420185 1.026425 -0.0461899973
v -0.369253993 1.18350101 0.00300799985
v -0.334035993 1.17444599 0.0118449992
v -0.340489 1.16770196 0.0147259999
v -0.377692968 1.18333995 0.0131120002
v -0.345406979 1.16354096 0.0276389997
v -0.390705973 1.18805897 -0.0336269997
v -0.426707 1.11763799 0.0171179995
v -0.439253002 1.11955094 -0.0191629995
v -0.32328099 1.13086402 0.013429
v -0.382529974 1.07531297 0.0172339994
v -0.379321992 1.06292701 -0.0190019999
v -0.405283988 1.026142 -0.0080939997
v -0.436123013 1.10706794 -0.0516059995
v -0.471127003 1.07448399 -0.0474879965
v -0.401228964 1.09767902 0.0292969979
v -0.432942986 1.06594002 0.0432229973
v -0.408277005 1.04086602 0.0305349994
v -0.421351016 1.03501403 0.0262639988
v -0.418722004 1.02369106 -0.00378499995
v -0.420026988 1.01526296 -0.00218600011
v -0.460059017 1.08796799 0.029693
v -0.447299004 1.04844594 -0.0601639971
v -0.440028995 1.05524302 0.0357029997
v -0.474231988 1.08904099 -0.009509
v -0.461402982 1.07203698 0.0249699987
v -0.471971005 1.07321 -0.00660600001
v -0.469756991 1.06142306 -0.0375399999
v -0.477162987 1.05761397 -0.039717
v -0.451146007 1.04110992 -0.0477330014
v -0.467925966 1.06949306 0.0299539994
v -0.443971992 1.05066097 0.0420389995
v -0.429695994 1.02441001 -0.0361719988
v -0.418722004 1.02369106 -0.00378499995
v -0.420026988 1.01526296 -0.00218600011
v -0.432247013 1.01610804 -0.0381119996
v -0.461975992 0.976633966 -0.0294029992
v -0.448613018 0.975465 0.00914099999
v -0.489004999 0.997893989 -0.0428439975
v -0.456269979 1.03484595 -0.0508879982
v -0.512772977 1.0236119 -0.0316050015
v -0.516373992 1.03810596 0.00611999957
v -0.479766995 1.07076097 -0.00526400004
v -0.503022015 1.03692806 0.0449420027
v -0.475993007 1.01561499 0.0588899963
v -0.423016012 1.02796996 0.0314989984
v -0.452214003 0.98989898 0.0471949987
v -0.448613018 0.975465 0.00914099999
v -0.165315002 0.306515962 -0.088395983
v -0.177340999 0.374027997 -0.0410779975
v -0.179330006 0.304143012 -0.0507480055
v -0.158418 0.379235983 -0.0857039988
v -0.175347 0.421203017 -0.0374410041
v -0.124292001 0.309215993 -0.108557984
v -0.165666997 0.475526005 -0.0786749944
v -0.178766996 0.494713008 -0.0273810029
v -0.175246999 0.546114981 -0.0220320001
v -0.156226978 0.551691949 -0.0599010028
v -0.110385984 0.549488962 -0.0800080001
v -0.173141003 0.571174979 -0.0169799998
v -0.149441987 0.592198968 -0.0559800006
v -0.172590002 0.598930955 -0.0117410002
v -0.17775701 0.61717999 -0.0078370031
v -0.117380992 0.467148989 -0.108802997
v -0.117480002 0.381505013 -0.105737999
v -0.0784709975 0.378642976 -0.0804729983
v -0.0919709951 0.307999998 -0.0876959935
v -0.14936699 0.626209974 -0.0586019978
v -0.171294004 0.628184021 -0.00758499792
v -0.10752999 0.585205972 -0.0770079941
v -0.106619991 0.622932971 -0.0757659972
v -0.0638180003 0.588059962 -0.0544140004
v -0.0611850023 0.622932971 -0.0598599985
v -0.0622240007 0.476712972 -0.0739760026
v -0.068833001 0.373465985 -0.0388819948
v -0.0764470026 0.303151011 -0.0491620004
v -0.0602930002 0.426092982 -0.0363309979
v -0.0501309969 0.484099984 -0.027560005
v -0.0472109988 0.533295989 -0.0219549984
v -0.0614249967 0.545565963 -0.0591400005
v -0.0452370048 0.563717008 -0.0183889959
v -0.0408729985 0.591620982 -0.0177889988
v -0.0343829989 0.616099 -0.00962699857
v -0.0395519957 0.622932971 -0.00733499974
v -0.0815450102 0.29915002 -0.00372499647
v -0.068833001 0.373465985 -0.0388819948
v -0.0764470026 0.303151011 -0.0491620004
v -0.0760359988 0.366999 0.0140030049
v -0.0602930002 0.426092982 -0.0363309979
v -0.122034006 0.296879977 0.018074004
v -0.0631190017 0.530563056 0.0382530019
v -0.0501309969 0.484099984 -0.027560005
v -0.0472109988 0.533295989 -0.0219549984
v -0.0607899986 0.567124009 0.0487870015
v -0.0452370048 0.563717008 -0.0183889959
v -0.058743 0.60078299 0.0519060045
v -0.0408729985 0.591620982 -0.0177889988
v -0.0343829989 0.616099 -0.00962699857
v -0.114337996 0.527359962 0.0647020042
v -0.121906005 0.36499998 0.0346370004
v -0.0612160005 0.622932971 0.0491679981
v -0.0395519957 0.622932971 -0.00733499974
v -0.0805889964 0.622932971 0.0651659966
v -0.113922991 0.566869974 0.0751120001
v -0.112635002 0.605436981 0.0800990015
v -0.165508986 0.604355991 0.040621005
v -0.111197993 0.62293303 0.080065012
v -0.146476001 0.625028014 0.0626200065
v -0.163005009 0.62687397 0.041331999
v -0.164134994 0.368571013 0.00846999884
v -0.166668996 0.297764003 -0.00208200351
v -0.179330006 0.304143012 -0.0507480055
v -0.177340999 0.374027997 -0.0410779975
v -0.175347 0.421203017 -0.0374410041
v -0.166056007 0.534045935 0.0281509962
v -0.178766996 0.494713008 -0.0273810029
v -0.175246999 0.546114981 -0.0220320001
v -0.163460001 0.569815993 0.0367470011
v -0.173141003 0.571174979 -0.0169799998
v -0.172590002 0.598930955 -0.0117410002
v -0.17775701 0.61717999 -0.0078370031
v -0.171294004 0.628184021 -0.00758499792
v -0.165851995 0.738393009 0.0540239997
v -0.173909977 0.738803983 -0.00185200153
v -0.184606969 0.764065981 -0.00251500192
v -0.168236002 0.759339988 0.0615289956
v -0.143086016 0.737500966 0.0831430033
v -0.175904006 0.786484957 -0.000471001491
v -0.143740997 0.755660892 0.0918800011
v -0.111251011 0.736345947 0.094960995
v -0.166658983 0.784466922 0.0642939955
v -0.114310004 0.754428923 0.103950985
v -0.0757660046 0.735112965 0.0877139941
v -0.112701997 0.779251993 0.100470006
v -0.151583001 0.883500934 0.0670599937
v -0.168612018 0.885851979 -8.39989079E-05
v -0.165571004 0.932345927 -0.000803996751
v -0.0739080012 0.751004934 0.0959909931
v -0.0411980003 0.749561012 0.0668599904
v -0.0464540012 0.734225988 0.0609889925
v -0.0248699952 0.734045982 -0.00029599751
v -0.0210820008 0.748655975 -0.0011609986
v -0.0731419995 0.775488853 0.0955469981
v -0.0384359993 0.770330966 0.0648339912
v -0.0200470015 0.769010961 -0.000951003341
v -0.0992770046 0.860800028 0.104989015
v -0.0618890002 0.840286016 0.101808004
v -0.0285049956 0.818224013 0.0716749951
v -0.0101850014 0.808718026 -0.0013880136
v -0.0539619997 0.857294977 0.105061993
v -0.0945480019 0.897996128 0.107506998
v -0.0128909983 0.833820045 0.0688460022
v -0.00585200312 0.822722971 0.00018399299
v -0.0219650008 0.845063984 0.0902060047
v -0.143024981 0.928661048 0.0692779794
v -0.0440989994 0.877364993 0.110894002
v 5.12261511E-10 0.883243024 0.111509986
v -5.65105351E-10 0.843223035 0.088372983
v -0.0881320015 0.94066906 0.109717987
v -0.148825988 0.993611991 0.0402560048
v -0.160219997 0.973004997 -0.00194499665
v -4.09330969E-09 0.835227966 0.0656160042
v -0.00585200312 0.822722971 0.00018399299
v -0.0430919975 0.945427001 0.114133991
v 4.29906145E-11 0.945776939 0.116850011
v -0.133773997 0.978350043 0.0710639954
v -0.142206997 0.997705996 0.0366549976
v -0.157973975 1.01965487 -0.00612098956
v -0.136262 1.01370788 0.061584007
v -0.081035994 1.00750995 0.10177999
v -0.0334240012 1.00162494 0.109242
v -0.0164599996 1.00180387 0.110649996
v -0.00508699985 1.00651491 0.110635012
v -0 1.00651491 0.110635012
v 0.00508699985 1.00651491 0.110635012
v 0.0164599996 1.00180387 0.110649996
v 0.0430919975 0.945425987 0.114133984
v 0.0334240012 1.00162494 0.109241977
v 0.081035994 1.00750995 0.10177999
v 0.0440989994 0.877364993 0.11089398
v 0.0881319791 0.94066906 0.109717965
v 0.0216030013 0.845063984 0.0902059823
v 0.133773997 0.978349984 0.0710639954
v 0.136262 1.013708 0.0615840033
v 0.0125439987 0.833820045 0.0688459948
v 0.0536110066 0.857294977 0.105061978
v 0.0945479646 0.897995949 0.107506968
v 0.143024981 0.92866087 0.0692779943
v 0.148826003 0.993611991 0.0402560085
v 0.0281399991 0.818224013 0.0717299879
v 0.142206997 0.997705996 0.0366550013
v 0.157973975 1.01965511 -0.00612100773
v 0.160219997 0.973004997 -0.00194499549
v 0.165571004 0.932345867 -0.000803998322
v 0.151256993 0.883500934 0.0670599863
v 0.168258965 0.885851979 -6.70074005E-05
v 0.0989449844 0.860798955 0.104989
v 0.140745983 0.975934982 -0.0627119914
v 0.138353974 1.02059996 -0.0637240037
v 0.158512995 0.730307996 0.0512029976
v 0.169083998 0.728468001 -0.00355199864
v 0.0617710054 0.840286016 0.101808004
v 0.105332002 0.728491902 0.0968929827
v 0.14303498 0.958626151 -0.0624359772
v 0.165571004 0.932345867 -0.000803998322
v 0.114076987 0.976209104 -0.0941659808
v 0.076444976 1.02206492 -0.110475987
v 0.165508986 0.60435605 0.040621005
v 0.172589988 0.598931015 -0.0117409956
v 0.173141003 0.571174979 -0.0169799961
v 0.0466960035 0.721929014 0.062924996
v 0.112635002 0.605436981 0.0800990015
v 0.163460001 0.569816053 0.0367470048
v 0.175246999 0.546114981 -0.0220319983
v 0.113968 0.566870034 0.0751120076
v 0.166056007 0.534045994 0.0281509981
v 0.178686991 0.494753033 -0.0273620021
v 0.175347 0.421202987 -0.0373869948
v 0.0100129992 0.808718026 -0.00139000278
v 0.00567999948 0.822722971 0.000184000208
v -1.15398957E-09 0.824416995 2.40014633E-05
v -0.00585200312 0.822722971 0.00018399299
v 0.0229630005 0.715882123 -0.00607400481
v 0.0587020032 0.60078603 0.0524219982
v 0.0408730023 0.591621101 -0.0177890006
v 0.0452370048 0.563717008 -0.0183889996
v 0.0607899986 0.56712395 0.0487869978
v 0.0472129993 0.533295989 -0.0219400041
v 0.114337988 0.527359962 0.0647020042
v 0.0631190017 0.530562997 0.0382529981
v 0.0501310006 0.484099984 -0.027560005
v 0.0602940023 0.426093012 -0.0363430046
v 0.0760359988 0.366999 0.0140029974
v 0.0688339993 0.373469025 -0.0389090069
v 0.121906005 0.36499995 0.0346369967
v 0.0815450102 0.29915002 -0.00372500019
v 0.0764469951 0.303151011 -0.0491620041
v 0.122033991 0.296879977 0.0180739965
v 0.164134994 0.368571013 0.00846999884
v 0.166668996 0.297763973 -0.00208200351
v 0.177340999 0.37402001 -0.0410029925
v 0.179330006 0.304143012 -0.0507479981
v -0.184606969 0.764065981 -0.00251500192
v -0.173909977 0.738803983 -0.00185200153
v -0.14714399 0.73724401 -0.0621369965
v -0.152344018 0.757064879 -0.0728100613
v -0.175904006 0.786484957 -0.000471001491
v -0.102217011 0.752440989 -0.0963850319
v -0.102527998 0.73446399 -0.0832500085
v -0.0517729931 0.733690023 -0.0709180012
v -0.148501009 0.783101916 -0.0644130483
v -0.168612018 0.885851979 -8.39989079E-05
v -0.0455729999 0.748840988 -0.0747240037
v -0.0248699952 0.734045982 -0.00029599751
v -0.0210820008 0.748655975 -0.0011609986
v -0.0200470015 0.769010961 -0.000951003341
v -0.0950890034 0.77839303 -0.0931690112
v -0.0427920036 0.769424975 -0.0748889968
v -0.0327300094 0.813158035 -0.0749630034
v -0.0101850014 0.808718026 -0.0013880136
v -0.00585200312 0.822722971 0.00018399299
v -0.0824429989 0.832727015 -0.0988469943
v -0.118299998 0.850526869 -0.0833560005
v -0.147137016 0.866797924 -0.0613770075
v -0.0257840026 0.833029985 -0.0890499949
v 2.01488159E-09 0.837985992 -0.0840340033
v -1.15398957E-09 0.824416995 2.40014633E-05
v 0.00567999948 0.822722971 0.000184000208
v -0.145015001 0.911948919 -0.0619390011
v -0.165571004 0.932345927 -0.000803996751
v -0.115375996 0.891202986 -0.0940999985
v -0.0750130042 0.864518046 -0.105337009
v -0.143034995 0.958625972 -0.0624359883
v -0.160219997 0.973004997 -0.00194499665
v -0.0423299968 0.874763012 -0.114821993
v -0.115187988 0.933425963 -0.0944789872
v -0.0664969981 0.892808974 -0.113852002
v -0.140745983 0.975935042 -0.0627119839
v -0.157973975 1.01965487 -0.00612098956
v -0.138353989 1.02059996 -0.0637239739
v -0.114076994 0.976208985 -0.0941660032
v -0.0764449984 1.02206492 -0.110475987
v -0.0728160068 0.932399929 -0.119029008
v -0.0734459981 0.976831853 -0.114507996
v -4.34795266E-09 1.02209187 -0.115694977
v -4.70439687E-10 0.974290967 -0.120946988
v -1.52384466E-10 0.93097198 -0.123491988
v 0.0734459981 0.976832032 -0.114507981
v 0.0728159994 0.932399929 -0.119028986
v 4.05462441E-10 0.877765954 -0.116772994
v 0.0423299968 0.874763012 -0.114821993
v 0.115187988 0.933426082 -0.0944789872
v 0.0256540012 0.833029985 -0.0890500024
v 0.0664969981 0.892808974 -0.113851994
v 0.145014986 0.911949158 -0.0619389936
v 0.168258965 0.885851979 -6.70074005E-05
v 0.0743699893 0.864517868 -0.105336986
v 0.115375981 0.891203046 -0.0940999836
v 0.147137016 0.866798162 -0.0613770001
v 0.169083998 0.728468001 -0.00355199864
v 0.032474 0.813158035 -0.0749630183
v 0.0100129992 0.808718026 -0.00139000278
v 0.0824429989 0.832726896 -0.0988469869
v 0.0988359973 0.713174939 -0.0854660124
v 0.0488620028 0.711227119 -0.0663950071
v 0.0229630005 0.715882123 -0.00607400481
v 0.0408730023 0.591621101 -0.0177890006
v 0.118299998 0.850526929 -0.0833560005
v 0.149892017 0.723927081 -0.0605099984
v 0.172589988 0.598931015 -0.0117409956
v 0.0638180003 0.588060021 -0.0543999933
v 0.0452370048 0.563717008 -0.0183889996
v 0.149441987 0.592198968 -0.0559800006
v 0.173141003 0.571174979 -0.0169799961
v 0.0614249967 0.545565963 -0.0590809956
v 0.110328987 0.549515963 -0.0800079927
v 0.0472129993 0.533295989 -0.0219400041
v 0.107557997 0.585343003 -0.0770079941
v 0.156226993 0.551692009 -0.0599009842
v 0.175246999 0.546114981 -0.0220319983
v 0.0622250028 0.476712972 -0.0739760026
v 0.0501310006 0.484099984 -0.027560005
v 0.0602940023 0.426093012 -0.0363430046
v 0.165666983 0.475526005 -0.078674987
v 0.178686991 0.494753033 -0.0273620021
v 0.175347 0.421202987 -0.0373869948
v 0.158417985 0.379235983 -0.0857039988
v 0.177340999 0.37402001 -0.0410029925
v 0.179330006 0.304143012 -0.0507479981
v 0.165315002 0.306516021 -0.0883959904
v 0.124292001 0.309215993 -0.108557992
v 0.117380999 0.46714896 -0.108802997
v 0.0784709901 0.378642976 -0.0804730132
v 0.0688339993 0.373469025 -0.0389090069
v 0.117480002 0.381505013 -0.105737999
v 0.0919709951 0.307999998 -0.0876960084
v 0.0764469951 0.303151011 -0.0491620041
v -0.171294004 0.628184021 -0.00758499792
v -0.173909977 0.738803983 -0.00185200153
v -0.165851995 0.738393009 0.0540239997
v -0.163005009 0.62687397 0.041331999
v -0.143086016 0.737500966 0.0831430033
v -0.146476001 0.625028014 0.0626200065
v -0.111197993 0.62293303 0.080065012
v -0.111251011 0.736345947 0.094960995
v -0.0757660046 0.735112965 0.0877139941
v -0.0805889964 0.622932971 0.0651659966
v -0.0612160005 0.622932971 0.0491679981
v -0.0464540012 0.734225988 0.0609889925
v -0.0395519957 0.622932971 -0.00733499974
v -0.0248699952 0.734045982 -0.00029599751
v -0.0517729931 0.733690023 -0.0709180012
v -0.0611850023 0.622932971 -0.0598599985
v -0.102527998 0.73446399 -0.0832500085
v -0.106619991 0.622932971 -0.0757659972
v -0.14936699 0.626209974 -0.0586019978
v -0.14714399 0.73724401 -0.0621369965
v -0.173909977 0.738803983 -0.00185200153
v -0.171294004 0.628184021 -0.00758499792
v -0.0241420008 0.69579494 -0.00132200145
v -0.0300970003 0.662092984 -0.00322800246
v -0.0514400005 0.662399948 0.055084005
v -0.0462589972 0.695906937 0.057533998
v -0.0762919933 0.662844002 0.0791219994
v -0.0750990063 0.696206927 0.0845579952
v -0.111264996 0.696723998 0.0961340144
v -0.111843996 0.663572013 0.0904959962
v -0.147313997 0.664233983 0.0799069926
v -0.145277992 0.697186947 0.0828960016
v -0.168648988 0.697553992 0.0522039942
v -0.169630975 0.664757013 0.0499299951
v -0.177098989 0.66515702 -0.00160700479
v -0.176991999 0.697835982 -0.000456004724
v -0.161983997 0.664618969 -0.0526809953
v -0.161208004 0.697462976 -0.0529520027
v -0.138475001 0.663808048 -0.0760589987
v -0.136512995 0.69689697 -0.0767059997
v -0.0947739929 0.696406007 -0.0834179968
v -0.0965419933 0.663108945 -0.0828690007
v -0.0527059957 0.662063003 -0.0659679994
v -0.0503350012 0.695576012 -0.0674230009
v -0.0300970003 0.662092984 -0.00322800246
v -0.0241420008 0.69579494 -0.00132200145
v -0.116962992 0.658947945 0.00484299939
v -0.169630975 0.664757013 0.0499299951
v -0.147313997 0.664233983 0.0799069926
v -0.116962992 0.658947945 0.00484299939
v -0.177098989 0.66515702 -0.00160700479
v -0.111843996 0.663572013 0.0904959962
v -0.161983997 0.664618969 -0.0526809953
v -0.0762919933 0.662844002 0.0791219994
v -0.116962992 0.658947945 0.00484299939
v -0.138475001 0.663808048 -0.0760589987
v -0.0514400005 0.662399948 0.055084005
v -0.0300970003 0.662092984 -0.00322800246
v -0.0965419933 0.663108945 -0.0828690007
v -0.0527059957 0.662063003 -0.0659679994
v -0.113599002 0.700600922 0.0060099992
v -0.145277992 0.697186947 0.0828960016
v -0.168648988 0.697553992 0.0522039942
v -0.113599002 0.700600922 0.0060099992
v -0.111264996 0.696723998 0.0961340144
v -0.176991999 0.697835982 -0.000456004724
v -0.0750990063 0.696206927 0.0845579952
v -0.161208004 0.697462976 -0.0529520027
v -0.113599002 0.700600922 0.0060099992
v -0.0462589972 0.695906937 0.057533998
v -0.136512995 0.69689697 -0.0767059997
v -0.0241420008 0.69579494 -0.00132200145
v -0.0947739929 0.696406007 -0.0834179968
v -0.0503350012 0.695576012 -0.0674230009
v 0.105440997 0.165151 -0.0529779941
v 0.0876749977 0.340377986 -0.0535959899
v 0.0994510055 0.340378016 -0.0165430009
v 0.114086002 0.165151015 -0.0261610001
v 0.131138012 0.340377986 -0.000722000084
v 0.135462999 0.165151 -0.0149049973
v 0.165969998 0.340377986 -0.0224510022
v 0.159427986 0.165151 -0.029966997
v 0.162542984 0.340377986 -0.0568439998
v 0.159337997 0.165151 -0.0561609939
v 0.140133992 0.340377986 -0.0874429867
v 0.140717 0.165151 -0.0763339922
v 0.103744 0.340377986 -0.0870099887
v 0.115212999 0.165151 -0.0750899911
v 0.0876749977 0.340377986 -0.0535959899
v 0.105440997 0.165151 -0.0529779941
v -0.105440989 0.165150985 -0.0529779941
v -0.0994509831 0.340377986 -0.0165429916
v -0.0876749903 0.340377957 -0.0535959899
v -0.114085987 0.165151 -0.0261609945
v -0.131137997 0.340378016 -0.000721999735
v -0.135462999 0.165151015 -0.0149049982
v -0.165970013 0.340378016 -0.022451004
v -0.159428 0.165151015 -0.0299670026
v -0.162542984 0.340377986 -0.056843996
v -0.159337997 0.165151015 -0.0561609976
v -0.140133992 0.340377986 -0.0874429867
v -0.140716985 0.165151 -0.0763339922
v -0.103744008 0.340377986 -0.0870100036
v -0.115213007 0.165151 -0.0750899985
v -0.0876749903 0.340377957 -0.0535959899
v -0.105440989 0.165150985 -0.0529779941
v 0.188750982 0.0425229967 0.103108004
v 0.195555985 0.040608 0.0982130021
v 0.198423997 0.039274998 0.10813202
v 0.192177996 0.0410259999 0.114009015
v 0.108576998 0.0714859962 0.0570119992
v 0.105411001 0.0182039998 0.0582609959
v 0.147567987 0.00873099826 0.0459250025
v 0.148250997 0.0833429992 0.0505079962
v 0.195648 0.0694999918 0.0378159992
v 0.204888001 0.018203998 0.0362079963
v 0.15532501 0.065760009 0.0836019963
v 0.208104983 0.0541939996 0.0719509944
v 0.111803994 0.057124 0.092193
v 0.107240997 0.018203998 0.0933989957
v 0.218514994 0.018203998 0.0707810074
v 0.195648 0.0694999918 0.0378159992
v 0.204888001 0.018203998 0.0362079963
v 0.218514994 0.018203998 0.0707810074
v 0.208104983 0.0541939996 0.0719509944
v 0.148250997 0.0833429992 0.0505079962
v 0.15532501 0.065760009 0.0836019963
v 0.111803994 0.057124 0.092193
v 0.108576998 0.0714859962 0.0570119992
v 0.107240997 0.018203998 0.0933989957
v 0.105411001 0.0182039998 0.0582609959
v 0.212096989 0.014891997 0.0932919979
v 0.206193998 0.037717998 0.0687519908
v 0.206193984 0.0148919998 0.0687519908
v 0.212096989 0.0297379959 0.0932919979
v 0.193731993 0.014891997 0.11561399
v 0.194116995 0.040045999 0.114928983
v 0.146438986 0.0516440012 0.0830829889
v 0.156897992 0.0467129983 0.13097699
v 0.156127974 0.014891996 0.132346973
v 0.129939988 0.014891996 0.129648983
v 0.133616984 0.0407929942 0.12891899
v 0.120355986 0.0472129956 0.0876739845
v 0.113387994 0.014891997 0.0898009837
v 0.155663967 0.0485660024 0.114403985
v 0.166186973 0.046593003 0.11121399
v 0.170856968 0.0452700034 0.123164982
v 0.157169983 0.0475190058 0.128773987
v 0.135001004 0.0446730033 0.115196995
v 0.146237999 0.0468720049 0.114438996
v 0.151679993 0.0459720045 0.127909005
v 0.135102987 0.0429410003 0.127889991
v 0.179230005 0.018203998 -0.0674759969
v 0.178906024 0.0549350008 -0.0689990073
v 0.14677301 0.0544309951 -0.110532008
v 0.146871999 0.018203998 -0.112135001
v 0.109280005 0.018203998 -0.108444996
v 0.109181002 0.0544309951 -0.106842004
v 0.0918949991 0.018203998 -0.0579429977
v 0.0927569866 0.0484729931 -0.0609179996
v 0.108459994 0.129489005 -0.0142189991
v 0.0912600011 0.102775 -0.0450389981
v 0.0993809998 0.129489005 -0.0451119989
v 0.108794995 0.0893579945 0.0155459987
v 0.138718992 0.12948899 0.000845999748
v 0.0943949968 0.0686519966 -0.0570879988
v 0.105806999 0.0543279983 0.00198799977
v 0.0935949981 0.0510899946 -0.0589559972
v 0.102330998 0.0182039998 -0.00190899754
v 0.0918949991 0.018203998 -0.0579429977
v 0.107296996 0.0182040017 0.0936519951
v 0.116363987 0.0511579961 0.0858749971
v 0.154682994 0.0624089986 0.0784189999
v 0.142416999 0.0982979909 0.0205669999
v 0.138718992 0.12948899 0.000845999748
v 0.202466995 0.0537629984 0.0686550066
v 0.179783002 0.0857419968 0.00947600044
v 0.218569994 0.0182039998 0.0710339993
v 0.185610011 0.018203998 -0.0140779978
v 0.177487001 0.0879380107 -0.0173909999
v 0.166765988 0.129489005 -0.0191980004
v 0.138718992 0.12948899 0.000845999748
v 0.169663996 0.129489005 -0.0505019948
v 0.178493991 0.0581549965 -0.0673120022
v 0.179230005 0.018203998 -0.0674759969
v 0.176994994 0.0965199992 -0.0571279936
v 0.149687991 0.128926992 -0.0873089954
v 0.146241993 0.0575049967 -0.105994001
v 0.14709501 0.0945459977 -0.0949400142
v 0.112286992 0.128926992 -0.0823439881
v 0.108951993 0.0571399964 -0.102251992
v 0.109598994 0.0945459977 -0.0907310024
v 0.0912600011 0.102775 -0.0450389981
v 0.0993809998 0.129489005 -0.0451119989
v 0.0943949968 0.0686519966 -0.0570879988
v 0.0935949981 0.0510899946 -0.0589559972
v 0.0918949991 0.018203998 -0.0579429977
v 0.0918949991 0.000599000079 -0.0579429977
v 0.109280005 0.000599000137 -0.108444996
v 0.109280005 0.018203998 -0.108444996
v 0.146871999 0.000599000661 -0.112134986
v 0.146871999 0.018203998 -0.112135001
v 0.179230005 0.000599000428 -0.0674759969
v 0.179230005 0.018203998 -0.0674759969
v 0.185610011 0.018203998 -0.0140779978
v 0.185610011 0.000599000021 -0.0140779978
v 0.218569994 0.0182039998 0.0710339993
v 0.218625978 0.000598999788 0.0712879971
v 0.213082999 0.000598999788 0.116378002
v 0.213082999 0.0182039998 0.116378009
v 0.191043004 0.0182039998 0.140854001
v 0.191043004 0.000599000079 0.140854001
v 0.151180997 0.000598999788 0.151595995
v 0.151180997 0.0182039998 0.151595995
v 0.122420996 0.0182039998 0.131145
v 0.122420996 0.000598999613 0.131145
v 0.107296996 0.0182040017 0.0936519951
v 0.107351996 0.000599000021 0.0939060003
v 0.102330998 0.000599000079 -0.00190899847
v 0.102330998 0.0182039998 -0.00190899754
v 0.0918949991 0.018203998 -0.0579429977
v 0.0918949991 0.000599000079 -0.0579429977
v 0.178906024 0.0549350008 -0.0689990073
v 0.179230005 0.018203998 -0.0674759969
v 0.178493991 0.0581549965 -0.0673120022
v 0.146241993 0.0575049967 -0.105994001
v 0.14677301 0.0544309951 -0.110532008
v 0.108951993 0.0571399964 -0.102251992
v 0.109181002 0.0544309951 -0.106842004
v 0.0935949981 0.0510899946 -0.0589559972
v 0.0927569866 0.0484729931 -0.0609179996
v 0.0918949991 0.018203998 -0.0579429977
v 0.20065999 0.0392699949 0.0951649994
v 0.207724988 0.0355619937 0.0902589932
v 0.209241003 0.0339669921 0.096107997
v 0.203338996 0.0362199955 0.102292001
v 0.173073992 0.0448330007 0.108524002
v 0.181676 0.0434999987 0.104986005
v 0.187924996 0.0416020006 0.115515009
v 0.174717009 0.0443399996 0.121397004
v -0.188750967 0.0425229892 0.103107013
v -0.192177981 0.0410259888 0.114009008
v -0.198423967 0.0392749906 0.108132005
v -0.19555597 0.0406079888 0.0982130021
v -0.108576998 0.0714859962 0.0570119992
v -0.147568002 0.00873099919 0.0459249951
v -0.105411001 0.0182040017 0.0582609959
v -0.148251012 0.0833429992 0.0505080037
v -0.195648 0.0694999993 0.037816003
v -0.204888001 0.018203998 0.0362079963
v -0.15532501 0.0657600015 0.0836020038
v -0.111803994 0.057124 0.092193
v -0.208104983 0.0541939996 0.0719510019
v -0.107240997 0.018203998 0.0933989957
v -0.218514994 0.0182040017 0.0707809925
v -0.195648 0.0694999993 0.037816003
v -0.218514994 0.0182040017 0.0707809925
v -0.204888001 0.018203998 0.0362079963
v -0.208104983 0.0541939996 0.0719510019
v -0.148251012 0.0833429992 0.0505080037
v -0.15532501 0.0657600015 0.0836020038
v -0.108576998 0.0714859962 0.0570119992
v -0.111803994 0.057124 0.092193
v -0.107240997 0.018203998 0.0933989957
v -0.105411001 0.0182040017 0.0582609959
v -0.212096989 0.0148920007 0.0932919979
v -0.206193984 0.0148919998 0.0687519908
v -0.206193998 0.0377180055 0.0687519982
v -0.212097004 0.0297380034 0.0932919979
v -0.193732023 0.0148920035 0.115614019
v -0.19411701 0.0400460027 0.114929006
v -0.146438986 0.0516440012 0.0830829963
v -0.156897992 0.0467129983 0.130977005
v -0.156128004 0.0148919988 0.132347003
v -0.129939988 0.014891996 0.129648983
v -0.133616984 0.0407929942 0.12891899
v -0.120355986 0.0472129956 0.0876739994
v -0.113388002 0.0148919988 0.0898009911
v -0.155663997 0.0485659987 0.114404
v -0.157169998 0.0475190021 0.128774002
v -0.170856982 0.0452699997 0.123164997
v -0.166187003 0.0465929992 0.111213997
v -0.135001004 0.0446729995 0.115197018
v -0.135102987 0.0429409966 0.127890021
v -0.151679993 0.0459719971 0.127909034
v -0.146237999 0.0468720011 0.114439018
v -0.179230019 0.0182040017 -0.0674760044
v -0.146772996 0.0544309951 -0.110531993
v -0.178906024 0.0549350008 -0.0689990073
v -0.146871999 0.018203998 -0.112135001
v -0.109280005 0.018203998 -0.108444996
v -0.109181002 0.0544309989 -0.106842004
v -0.0918949991 0.018203998 -0.0579429977
v -0.0927569941 0.0484729931 -0.060918007
v -0.108459994 0.12948899 -0.0142190037
v -0.0993809998 0.12948899 -0.0451119989
v -0.0912600011 0.102775 -0.0450389981
v -0.108795002 0.0893579945 0.015545995
v -0.138718992 0.12948899 0.000845997827
v -0.0943949968 0.0686519966 -0.0570879988
v -0.105806999 0.0543279983 0.00198799907
v -0.0935949981 0.0510900021 -0.0589559972
v -0.102330998 0.0182039998 -0.00190899835
v -0.0918949991 0.018203998 -0.0579429977
v -0.107296996 0.018203998 0.0936519951
v -0.116363987 0.0511579961 0.0858749971
v -0.154682979 0.0624089986 0.0784189999
v -0.142416999 0.0982979909 0.0205669943
v -0.138718992 0.12948899 0.000845997827
v -0.202466995 0.0537629984 0.0686550066
v -0.179783002 0.0857419968 0.00947600044
v -0.218569994 0.018203998 0.0710339993
v -0.185610011 0.018203998 -0.0140779968
v -0.177486971 0.0879380032 -0.0173909981
v -0.166765988 0.12948899 -0.0191980004
v -0.138718992 0.12948899 0.000845997827
v -0.169663996 0.129489005 -0.0505019948
v -0.178493991 0.0581549928 -0.0673120022
v -0.179230019 0.0182040017 -0.0674760044
v -0.176994964 0.0965199992 -0.0571279898
v -0.149687991 0.128927007 -0.087308988
v -0.146241993 0.0575049967 -0.105994001
v -0.147094995 0.0945459977 -0.0949399993
v -0.112286992 0.128926992 -0.0823439956
v -0.108951993 0.0571399964 -0.102251992
v -0.109598994 0.0945459977 -0.0907310024
v -0.0912600011 0.102775 -0.0450389981
v -0.0993809998 0.12948899 -0.0451119989
v -0.0943949968 0.0686519966 -0.0570879988
v -0.0935949981 0.0510900021 -0.0589559972
v -0.0918949991 0.018203998 -0.0579429977
v -0.109280005 0.000598999904 -0.108445004
v -0.0918949991 0.000598999904 -0.0579429977
v -0.109280005 0.018203998 -0.108444996
v -0.146871999 0.000599000661 -0.112135001
v -0.146871999 0.018203998 -0.112135001
v -0.179230005 0.000599000487 -0.0674759969
v -0.179230019 0.0182040017 -0.0674760044
v -0.185610011 0.018203998 -0.0140779968
v -0.185610011 0.000598999788 -0.0140779978
v -0.218569994 0.018203998 0.0710339993
v -0.218625993 0.000598999846 0.0712879971
v -0.213083014 0.018203998 0.116378009
v -0.213083014 0.000598999555 0.116378009
v -0.191043004 0.018203998 0.140854016
v -0.191043004 0.000598999672 0.140854001
v -0.151180997 0.000598999788 0.151595995
v -0.151180997 0.0182039998 0.151595995
v -0.122420996 0.018203998 0.131145
v -0.122420996 0.00059899973 0.131145
v -0.107296996 0.018203998 0.0936519951
v -0.107351996 0.000598999672 0.0939060003
v -0.102330998 0.000599000196 -0.00190899894
v -0.102330998 0.0182039998 -0.00190899835
v -0.0918949991 0.018203998 -0.0579429977
v -0.0918949991 0.000598999904 -0.0579429977
v -0.178906024 0.0549350008 -0.0689990073
v -0.178493991 0.0581549928 -0.0673120022
v -0.179230019 0.0182040017 -0.0674760044
v -0.146241993 0.0575049967 -0.105994001
v -0.146772996 0.0544309951 -0.110531993
v -0.108951993 0.0571399964 -0.102251992
v -0.109181002 0.0544309989 -0.106842004
v -0.0935949981 0.0510900021 -0.0589559972
v -0.0927569941 0.0484729931 -0.060918007
v -0.0918949991 0.018203998 -0.0579429977
v -0.20066002 0.0392699912 0.0951650143
v -0.203339025 0.0362199917 0.102292009
v -0.209241018 0.0339669921 0.0961080045
v -0.207725003 0.0355619937 0.0902590081
v -0.173073992 0.044832997 0.108523995
v -0.174717009 0.0443399958 0.121396996
v -0.187924996 0.0416020006 0.115514003
v -0.181676 0.0434999987 0.104985997
v 0.285813868 0.363293976 0.0435349308
v 0.294899017 0.367840022 -0.0320410095
v 0.146113902 0.396652818 -0.0985810235
v 0.149572998 0.386563033 -0.10941799
v 0.131825998 0.387238979 -0.116450995
v 0.126990274 0.397778392 -0.107763425
v 0.110168986 0.394860983 -0.160100952
v 0.126990274 0.397778392 -0.107763425
v 0.102873608 0.403204173 -0.147800535
v 0.0501453355 0.413696438 -0.175054654
v 0.0580989905 0.406706005 -0.190179974
v -3.30835848E-09 0.411580026 -0.197445974
v 0.0501453355 0.413696438 -0.175054654
v 1.34304162E-06 0.417379528 -0.182689965
v -0.294899046 0.367839962 -0.0320410021
v -0.285814047 0.363293916 0.0435350612
v -0.131825998 0.387239039 -0.116451003
v -0.149573013 0.386563033 -0.109418005
v -0.146108061 0.396602392 -0.0985858515
v -0.126964256 0.397759587 -0.107780084
v -0.184803769 0.394741744 -0.104888439
v -0.149573013 0.386563033 -0.109418005
v -0.190032974 0.384431958 -0.118933007
v -0.243559673 0.388845325 -0.0926993936
v -0.253299981 0.380355 -0.105904005
v -0.280047089 0.376876891 -0.0287135895
v -0.294899046 0.367839962 -0.0320410021
v 0.0133954138 1.56287169 0.0874118879
v 0.0138340686 1.56391597 0.0885950327
v 0.0198639426 1.56181872 0.0834294409
v 0.00757983467 1.56394625 0.0919897407
v 0.00757998275 1.56517136 0.0935337543
v -7.05408311E-05 1.56328797 0.0946486965
v -7.05408311E-05 1.56446397 0.0959294587
v -0.00735451374 1.56368864 0.0919034556
v -0.00742879929 1.56485152 0.0924304724
v -0.0124055976 1.56232846 0.0886804909
v -0.0124966893 1.56329072 0.0887950808
v -0.0180436987 1.56109202 0.0841973498
v -0.0159869436 1.7081269 -0.13418442
v -0.0100347353 1.70005047 -0.118390061
v -0.0218001083 1.69444501 -0.125820443
v -0.00288022426 1.69398904 -0.107635409
v -0.0257457402 1.68181086 -0.117410645
v -0.0208760407 1.66896892 -0.105733603
v 0.00316482806 1.6804713 -0.0975350142
v -0.00227814005 1.65914536 -0.0865253359
v 0.0111495424 1.63846552 -0.0830569565
v -0.0105984947 1.62890112 -0.0886819735
v -0.00389327784 1.65106344 -0.0885424465
v 0.0175753441 1.62655401 -0.0817015544
v 0.017197514 1.6129663 -0.0820986256
v -0.00855691917 1.61598122 -0.0903965011
v 0.00154548779 1.60054624 -0.0901485607
v 0.0137309358 1.59931803 -0.0880920589
v 0.012985968 1.58766198 -0.0929611176
v -0.00482531684 1.64305639 -0.0926647931
v -0.0120074274 1.65358484 -0.0829774737
v -0.00722838333 1.64437211 -0.0809380859
v -0.00675080577 1.64577079 -0.0990417376
v -0.00772930682 1.65503716 -0.0988289043
v -0.00828602817 1.66163063 -0.0947943404
v -0.00848095957 1.66188931 -0.0830087513
v -0.00722838333 1.64437211 -0.0809380859
v 0.00530973915 1.64658546 -0.0811299086
v 0.00378481043 1.64445853 -0.0921718851
v -0.00482531684 1.64305639 -0.0926647931
v 0.00596705917 1.64774668 -0.0968462601
v -0.00675080577 1.64577079 -0.0990417376
v -0.00772930682 1.65503716 -0.0988289043
v 0.0047708489 1.6557287 -0.0977445617
v 0.00236275559 1.66245389 -0.0944447517
v -0.00828602817 1.66163063 -0.0947943404
v -0.00848095957 1.66188931 -0.0830087513
v 0.00262371916 1.66282189 -0.0819305032
v 0.00596705917 1.64774668 -0.0968462601
v 0.00378481043 1.64445853 -0.0921718851
v 0.00530973915 1.64658546 -0.0811299086
v 0.00702315569 1.65391719 -0.080637835
v 0.0047708489 1.6557287 -0.0977445617
v 0.00236275559 1.66245389 -0.0944447517
v 0.00262371916 1.66282189 -0.0819305032
v 0.0624035001 1.70316505 0.0763435587
v 0.0611632429 1.69953728 0.0826518238
v 0.0331946276 1.70317686 0.101690851
v 0.0338519178 1.70698118 0.0941158384
v 3.24397148E-10 1.70478654 0.106883138
v 3.26853627E-10 1.70875072 0.0996389836
v -0.0338519178 1.70698118 0.0941158384
v -0.0331946276 1.70317686 0.101690851
v -0.0624035001 1.70316505 0.0763435587
v -0.0611632429 1.69953728 0.0826518238
v 0.0624044538 1.67835903 0.0832551867
v 0.0611632429 1.69953728 0.0826518238
v 0.0624035001 1.70316505 0.0763435587
v 0.0634440407 1.67824936 0.0768804625
v 0.0618998557 1.65699899 0.0769712031
v 0.0608541779 1.65953636 0.0833493024
v 0.0593722314 1.65474558 0.0785000771
v 0.0586245768 1.65734398 0.084897615
v 0.0327804349 1.65570796 0.0944737718
v 0.0322701596 1.65954542 0.103249624
v 2.36548198E-10 1.65673888 0.0996411368
v 2.48410292E-10 1.66057611 0.108150363
v -0.0322701596 1.65954542 0.103249624
v -0.0327804349 1.65570796 0.0944737718
v -0.0586245768 1.65734398 0.084897615
v -0.0593722314 1.65474558 0.0785000771
v -0.0608541779 1.65953636 0.0833493024
v -0.0618998557 1.65699899 0.0769712031
v -0.0624044538 1.67835903 0.0832551867
v -0.0634440407 1.67824936 0.0768804625
v -0.0624035001 1.70316505 0.0763435587
v -0.0611632429 1.69953728 0.0826518238
v 0.0586245768 1.65734398 0.084897615
v 0.0624044538 1.67835903 0.0832551867
v 0.0608541779 1.65953636 0.0833493024
v 0.0322701596 1.65954542 0.103249624
v 0.0331946276 1.70317686 0.101690851
v 0.0611632429 1.69953728 0.0826518238
v 2.48410292E-10 1.66057611 0.108150363
v 3.24397148E-10 1.70478654 0.106883138
v -0.0331946276 1.70317686 0.101690851
v -0.0322701596 1.65954542 0.103249624
v -0.0624044538 1.67835903 0.0832551867
v -0.0611632429 1.69953728 0.0826518238
v -0.0586245768 1.65734398 0.084897615
v -0.0608541779 1.65953636 0.0833493024
v -0.053537719 1.54412842 -0.0323841162
v -0.0489352643 1.58986032 -0.0591305755
v -0.0667002127 1.58460522 -0.0322008766
v -0.0755905062 1.62720466 -0.0382146388
v -0.0705827847 1.58152354 -0.0143873151
v -0.0629759952 1.55552208 -0.0113276159
v -0.0722658113 1.62895548 0.00479804724
v -0.0834978819 1.62693298 -0.0256787818
v -0.0807232186 1.65770304 -0.0438132137
v -0.0891201645 1.66700971 0.000742116536
v -0.0378194191 1.63189256 -0.0731532425
v -0.0446662381 1.65535843 -0.0720264837
v -0.078192018 1.62847495 0.0119881639
v -0.0798755363 1.67274499 0.038141124
v -0.0681143478 1.59112501 0.0125911403
v -0.0744364783 1.62926483 0.0240442548
v -0.000180863062 1.63177919 -0.0842818469
v -0.000181482319 1.65264583 -0.0842728689
v 0.0454820767 1.65543437 -0.0680769682
v 0.0414364561 1.62795305 -0.0652935877
v 0.0805453733 1.65770292 -0.0438132137
v -0.0305030271 1.59174049 -0.0705638006
v 0.00138096826 1.59147751 -0.0804905295
v -0.0338364057 1.56612098 -0.0559027344
v -0.0471605994 1.53308892 -0.0483321622
v -0.0291206352 1.53331459 -0.057223279
v 0.0273316279 1.58898759 -0.0701795444
v 0.00300402031 1.57017946 -0.0781640261
v 0.0753738657 1.62663317 -0.0408950448
v 0.0489352643 1.58498287 -0.0532894023
v 0.0834790617 1.62693298 -0.0256787818
v 0.0891201645 1.66700971 0.00074211671
v 0.0320553333 1.56317687 -0.0562546626
v 0.0209789723 1.53881884 -0.064594835
v 0.0391557477 1.54172075 -0.0495973192
v 0.0647277832 1.58505118 -0.0354366414
v 0.053537719 1.54412842 -0.0323841162
v 0.0714365169 1.58152354 -0.0143873151
v 0.0607837774 1.55552208 -0.0113276159
v 0.0722658113 1.62895548 0.00479804724
v 0.078192018 1.62847495 0.0119881639
v 0.0681143478 1.59112501 0.0125911403
v 0.0744364783 1.62926483 0.0240442548
v 0.0798755363 1.67274499 0.038141124
v 0.053537719 1.54412842 -0.0323841162
v 0.0485484004 1.57152915 -0.0192779582
v 0.0647277832 1.58505118 -0.0354366414
v 0.054100126 1.58381677 -0.0125649823
v -0.0483169481 1.57152915 -0.0195363965
v -0.053537719 1.54412842 -0.0323841162
v -0.0667002127 1.58460522 -0.0322008766
v -0.054100126 1.58381677 -0.0125649823
v -5.77569735E-05 1.53555477 -0.0675824508
v 0.00300402031 1.57017946 -0.0781640261
v -0.0195793193 1.57515287 -0.0484657176
v 0.00138096826 1.59147751 -0.0804905295
v -5.77569735E-05 1.53555477 -0.0675824508
v 0.0141492318 1.56167781 -0.0558645912
v 0.00300402031 1.57017946 -0.0781640261
v 0.0209789723 1.53881884 -0.064594835
v 0.0141492318 1.56167781 -0.0558645912
v 0.0320553333 1.56317687 -0.0562546626
v 0.0485484004 1.57152915 -0.0192779582
v -0.0471605994 1.53308892 -0.0483321622
v -0.0336469337 1.576455 -0.0354062393
v -0.0338364057 1.56612098 -0.0559027344
v -0.0483169481 1.57152915 -0.0195363965
v 1.52432164E-10 1.64636314 -0.00853233971
v 2.23395483E-10 1.64880657 0.10065563
v 0.0315652266 1.64691615 0.0955634862
v 0.0599186644 1.64328253 0.0783154294
v 0.0756608248 1.64077711 0.0625491962
v 0.0884649605 1.63890159 0.0351235606
v 0.0913996696 1.63932419 -0.00593993952
v 0.0822402164 1.63799036 -0.0442414507
v 0.0439311452 1.63692772 -0.0731264874
v 8.96312677E-11 1.63691986 -0.0844727755
v 3.42094492E-10 1.71717393 0.100647092
v 2.35696684E-10 1.69312119 -0.00512826722
v 0.0328548178 1.71518159 0.0950217918
v 0.0633767396 1.7124939 0.0776594132
v 0.079768002 1.70836747 0.0596369766
v 0.0936455131 1.70205986 0.0321553536
v 0.0972219035 1.69105721 -0.00740197999
v 0.0859525502 1.67394745 -0.0510170348
v 0.0448232219 1.66384447 -0.0789411068
v 1.2802559E-10 1.6607089 -0.0892351419
v 0.0439311452 1.63692772 -0.0731264874
v 1.2802559E-10 1.6607089 -0.0892351419
v 8.96312677E-11 1.63691986 -0.0844727755
v 0.0448232219 1.66384447 -0.0789411068
v 0.0822402164 1.63799036 -0.0442414507
v 0.0859525502 1.67394745 -0.0510170348
v 0.0972219035 1.69105721 -0.00740197999
v 0.0913996696 1.63932419 -0.00593993952
v 0.0936455131 1.70205986 0.0321553536
v 0.0884649605 1.63890159 0.0351235606
v 0.079768002 1.70836747 0.0596369766
v 0.0756608248 1.64077711 0.0625491962
v 0.0599186644 1.64328253 0.0783154294
v 0.0633767396 1.7124939 0.0776594132
v 0.0315652266 1.64691615 0.0955634862
v 0.0328548178 1.71518159 0.0950217918
v 2.23395483E-10 1.64880657 0.10065563
v 3.42094492E-10 1.71717393 0.100647092
v 1.52432164E-10 1.64636314 -0.00853233971
v -0.0315652266 1.64691615 0.0955634862
v 2.23395483E-10 1.64880657 0.10065563
v -0.0599186644 1.64328253 0.0783154294
v -0.0756608248 1.64077711 0.0625491962
v -0.0884649605 1.63890159 0.0351235606
v -0.0913996696 1.63932419 -0.00593993952
v -0.0822402164 1.63799036 -0.0442414507
v -0.0439311452 1.63692772 -0.0731264874
v 8.96312677E-11 1.63691986 -0.0844727755
v 3.42094492E-10 1.71717393 0.100647092
v -0.0328548178 1.71518159 0.0950217918
v 2.35696684E-10 1.69312119 -0.00512826722
v -0.0633767396 1.7124939 0.0776594132
v -0.079768002 1.70836747 0.0596369766
v -0.0936455131 1.70205986 0.0321553536
v -0.0972219035 1.69105721 -0.00740197999
v -0.0859525502 1.67394745 -0.0510170348
v -0.0448232219 1.66384447 -0.0789411068
v 1.2802559E-10 1.6607089 -0.0892351419
v -0.0439311452 1.63692772 -0.0731264874
v 8.96312677E-11 1.63691986 -0.0844727755
v 1.2802559E-10 1.6607089 -0.0892351419
v -0.0448232219 1.66384447 -0.0789411068
v -0.0822402164 1.63799036 -0.0442414507
v -0.0859525502 1.67394745 -0.0510170348
v -0.0972219035 1.69105721 -0.00740197999
v -0.0913996696 1.63932419 -0.00593993952
v -0.0936455131 1.70205986 0.0321553536
v -0.0884649605 1.63890159 0.0351235606
v -0.079768002 1.70836747 0.0596369766
v -0.0756608248 1.64077711 0.0625491962
v -0.0599186644 1.64328253 0.0783154294
v -0.0633767396 1.7124939 0.0776594132
v -0.0315652266 1.64691615 0.0955634862
v -0.0328548178 1.71518159 0.0950217918
v 2.23395483E-10 1.64880657 0.10065563
v 3.42094492E-10 1.71717393 0.100647092
v 4.39092825E-11 1.51751828 0.0324391685
v 3.45874059E-11 1.53329754 0.0401938856
v 0.010809483 1.5369302 0.0358883627
v 0.0238978863 1.52299893 0.0194461029
v 2.66451056E-10 1.48398459 0.0238952804
v 0.0252444483 1.54585505 0.0247170702
v 0.0248397514 1.48712814 0.010431218
v 0.0492083915 1.55169141 -0.0109591736
v 0.0438743047 1.56124508 0.00644776132
v 0.0531277582 1.57970655 -0.00176447653
v 0.049406819 1.53305709 -0.0148343155
v 0.0512441657 1.49646831 -0.0239197295
v 0.0363758877 1.54236341 -0.0530967899
v 0.0362949185 1.49991941 -0.0655521601
v 0.0379866734 1.57391691 -0.0454691797
v 7.13441084E-10 1.54426646 -0.0597849116
v 1.19228527E-09 1.49999321 -0.0715310872
v 4.77380704E-11 1.57590842 -0.0562198423
v 5.1794586E-11 1.60627759 -0.05932533
v 0.045114588 1.60366523 -0.0448889807
v 0.0581264235 1.59593153 -0.00491058221
v 0.0618449971 1.6054002 -0.00719331019
v 0.0677775964 1.62123358 -0.016944617
v 0.0812400132 1.63745642 -0.00266126473
v 0.086549297 1.64033413 -0.0129114622
v 0.0912275985 1.63635337 -0.0253794529
v 0.0909074917 1.62578666 -0.0282023251
v 0.0863478184 1.6096797 -0.022341745
v 0.0719605461 1.62901926 0.00479804724
v 0.0796220452 1.59929883 -0.0132099353
v 0.0673195571 1.59846067 0.00220888201
v 0.0796220452 1.59929883 -0.0132099353
v 0.0618449971 1.6054002 -0.00719331019
v 0.0581264235 1.59593153 -0.00491058221
v 0.0863478184 1.6096797 -0.022341745
v 0.0677775964 1.62123358 -0.016944617
v 0.0909074917 1.62578666 -0.0282023251
v 0.0687305033 1.62874961 -0.0119419973
v 0.0912275985 1.63635337 -0.0253794529
v 0.086549297 1.64033413 -0.0129114622
v 0.0812400132 1.63745642 -0.00266126473
v 0.0719605461 1.62901926 0.00479804724
v 4.39092825E-11 1.51751828 0.0324391685
v -0.0108094783 1.5369302 0.0358883627
v 3.45874059E-11 1.53329754 0.0401938856
v -0.0238978863 1.52299893 0.019446101
v 2.66451056E-10 1.48398459 0.0238952804
v -0.0252444427 1.54585505 0.0247170702
v -0.0248397514 1.48712814 0.010431218
v -0.0492083766 1.55169141 -0.0109591736
v -0.0438742787 1.56124508 0.00644776225
v -0.0531277694 1.57970667 -0.00176447653
v -0.049406819 1.53305709 -0.0148343155
v -0.0512441657 1.49646842 -0.0239197295
v -0.0363758802 1.54236341 -0.0530967899
v -0.0362949111 1.49991906 -0.0655521601
v -0.0379866362 1.57391691 -0.0454691797
v 7.13441084E-10 1.54426646 -0.0597849116
v 1.19228527E-09 1.49999321 -0.0715310872
v 4.77380704E-11 1.57590842 -0.0562198423
v 5.1794586E-11 1.60627759 -0.05932533
v -0.0451145545 1.60366523 -0.0448889807
v -0.0581264347 1.59593153 -0.00491058221
v -0.061845012 1.6054002 -0.00719331019
v -0.0677775592 1.62123358 -0.016944617
v -0.0531277694 1.57970667 -0.00176447653
v -0.0581264347 1.59593153 -0.00491058221
v -0.0673195869 1.59846067 0.00220888201
v -0.0616514198 1.57977319 0.00303250481
v -0.0464514755 1.55861354 0.0101254638
v -0.0438742787 1.56124508 0.00644776225
v -0.0252444427 1.54585505 0.0247170702
v -0.0327357128 1.54528105 0.0442587137
v -0.0108094783 1.5369302 0.0358883627
v -0.0662592947 1.60333908 0.0327022336
v -0.0719605237 1.62901926 0.00479804724
v -0.0463079885 1.55931425 0.0389093123
v -0.0603819303 1.58181286 0.033708971
v -0.0455792099 1.56339324 0.0639308468
v -0.0162425656 1.53185511 0.0692461208
v -0.0333571434 1.54987717 0.06954512
v -0.00792449526 1.52917504 0.0765719637
v 3.45874059E-11 1.53329754 0.0401938856
v -3.45482332E-09 1.52822077 0.0783302635
v -0.0161438864 1.53748405 0.0829223022
v -0.0633782819 1.60646462 0.0589379743
v -0.0570011027 1.58423483 0.0611721687
v -0.0691082925 1.63027644 0.0539733544
v -0.0579256155 1.60876155 0.0697546005
v -0.0532676205 1.59087241 0.0707725137
v -0.0434946232 1.56837082 0.0728212073
v -0.0315656513 1.55195355 0.0757795796
v -0.0361006893 1.57628357 0.0797067583
v -0.0401047394 1.59029961 0.078875795
v -0.00744259218 1.55345762 0.0876170173
v -0.021802118 1.5630343 0.0812007636
v -0.00830252841 1.53487611 0.0875886157
v -1.47821306E-12 1.53399563 0.0893573165
v -3.45482332E-09 1.52822077 0.0783302635
v 6.27649654E-10 1.55285096 0.0899198353
v -0.00755712157 1.55862892 0.0911189094
v 5.05918085E-10 1.5579741 0.0942869931
v -0.0078170225 1.56503677 0.0906656832
v 7.28823529E-11 1.56433332 0.0943643525
v -0.00799284689 1.56867242 0.0967785344
v 8.26807373E-11 1.56789351 0.100283369
v 1.05894737E-10 1.5815655 0.0994249806
v -0.00755950902 1.5816859 0.0966289565
v -0.00651629921 1.59225631 0.110037938
v 1.26912592E-10 1.5893656 0.111657768
v 1.36894301E-10 1.59456038 0.113232151
v -0.0135207055 1.58825028 0.0940210149
v -0.00496673817 1.6093123 0.0988323167
v 1.58793506E-10 1.61067724 0.103275344
v 1.7898287E-10 1.62427533 0.0976779088
v -0.0109698912 1.60565186 0.0910212994
v -0.0107380794 1.62539887 0.0892863274
v -0.0439404175 1.60896087 0.0769884586
v -0.0618506484 1.62990534 0.0641498864
v -0.0206695553 1.64140046 0.0949689299
v 2.04468609E-10 1.63863933 0.0985712707
v 2.68188388E-10 1.67511916 0.0991942659
v -0.0222184006 1.67577696 0.0961800814
v -0.0518458448 1.64449692 0.0778687298
v -0.0507855751 1.67604232 0.0777824074
v -0.0461230166 1.62824869 0.0746403411
v -0.0646212474 1.64501429 0.0673229694
v -0.0669361502 1.67560148 0.0627476349
v -0.0714994967 1.67329597 0.0512321703
v -0.0716109052 1.64363694 0.0554522648
v -0.074275814 1.66457331 0.00774734607
v -0.0687304884 1.62874961 -0.0119419973
v -0.0796220452 1.59929883 -0.0132099353
v -0.0581264347 1.59593153 -0.00491058221
v -0.061845012 1.6054002 -0.00719331019
v -0.0863478556 1.6096797 -0.022341745
v -0.0677775592 1.62123358 -0.016944617
v -0.0909074694 1.62578666 -0.0282023251
v -0.0687304884 1.62874961 -0.0119419973
v -0.0912275985 1.63635337 -0.0253794529
v -0.086549297 1.64033413 -0.0129114622
v -0.0812400132 1.63745642 -0.00266126473
v -0.0719605237 1.62901926 0.00479804724
v 0.0531277582 1.57970655 -0.00176447653
v 0.0673195571 1.59846067 0.00220888201
v 0.0581264235 1.59593153 -0.00491058221
v 0.0616514049 1.57977319 0.00303250481
v 0.046451509 1.55861354 0.0101254638
v 0.0438743047 1.56124508 0.00644776132
v 0.0252444483 1.54585505 0.0247170702
v 0.032735724 1.54528093 0.0442587137
v 0.010809483 1.5369302 0.0358883627
v 0.0662592873 1.60333908 0.0327022336
v 0.0719605461 1.62901926 0.00479804724
v 0.046308022 1.55931437 0.0389093123
v 0.0603818968 1.58181286 0.033708971
v 0.0455792435 1.56339324 0.0639308468
v 0.0162425674 1.53185511 0.0692461208
v 0.0333571434 1.54987717 0.06954512
v 0.00792449899 1.52917504 0.0765719637
v 3.45874059E-11 1.53329754 0.0401938856
v -3.45482332E-09 1.52822077 0.0783302635
v 0.016143892 1.53748405 0.0829223022
v 0.0633782595 1.60646451 0.0589379743
v 0.0570010692 1.58423483 0.0611721687
v 0.0691082999 1.63027644 0.0539733544
v 0.0579256751 1.60876155 0.0697546005
v 0.0532676131 1.59087241 0.0707725137
v 0.043494653 1.56837082 0.0728212073
v 0.0315656513 1.55195355 0.0757795796
v 0.0361007191 1.57628357 0.0797067583
v 0.0401047692 1.59029961 0.078875795
v 0.00830253679 1.53487611 0.0875886157
v 0.00744259357 1.55345762 0.0876170173
v -1.47821306E-12 1.53399563 0.0893573165
v -3.45482332E-09 1.52822077 0.0783302635
v 6.27649654E-10 1.55285096 0.0899198353
v 0.021802118 1.5630343 0.0812007636
v 0.00755712157 1.55862892 0.0911189094
v 5.05918085E-10 1.5579741 0.0942869931
v 0.0078170225 1.56470454 0.0906656832
v 7.28823529E-11 1.56433332 0.0943643525
v 0.00799284689 1.56867242 0.0967785344
v 8.26807373E-11 1.56789351 0.100283369
v 1.05894737E-10 1.5815655 0.0994249806
v 0.00755950902 1.5816859 0.0966289565
v 0.0135207055 1.58825028 0.0940210149
v 0.00651629921 1.59225631 0.110037938
v 1.26912592E-10 1.5893656 0.111657768
v 1.36894301E-10 1.59456038 0.113232151
v 0.0109698912 1.60565186 0.0910212994
v 0.00496673817 1.6093123 0.0988323167
v 1.58793506E-10 1.61067724 0.103275344
v 1.7898287E-10 1.62427533 0.0976779088
v 0.0439404324 1.60896087 0.0769884586
v 0.0106651401 1.62537551 0.0892875344
v 0.0618506595 1.62990534 0.0641498864
v 0.0206695553 1.64140046 0.0949689299
v 2.04468609E-10 1.63863933 0.0985712707
v 2.68188388E-10 1.67511916 0.0991942659
v 0.0222184006 1.67577696 0.0961800814
v 0.0518458448 1.64449692 0.0778687298
v 0.0507855751 1.67604232 0.0777824074
v 0.0460500866 1.62822533 0.0746415481
v 0.0646212474 1.64501429 0.0673229694
v 0.0669361502 1.67560148 0.0627476349
v 0.0714994967 1.67329597 0.0512321703
v 0.0716109052 1.64363694 0.0554522648
v 0.074275814 1.66457331 0.00774734607
v 0.0687305033 1.62874961 -0.0119419973
v -0.0812400132 1.63745642 -0.00266126473
v -0.0912275985 1.63635337 -0.0253794529
v -0.086549297 1.64033413 -0.0129114622
v -0.0909074694 1.62578666 -0.0282023251
v -0.0863478556 1.6096797 -0.022341745
v -0.0719605237 1.62901926 0.00479804724
v -0.0796220452 1.59929883 -0.0132099353
v -0.0673195869 1.59846067 0.00220888201
v 0.0103137661 1.63055801 0.0953390226
v 0.00927963387 1.63096249 0.0965972617
v 0.0128497314 1.63382554 0.0961690247
v 0.00817369204 1.62580216 0.0955113545
v 0.00684520649 1.62580216 0.0967341959
v 0.00697926013 1.61869168 0.0970639661
v 0.00593861332 1.61869168 0.09791933
v 0.00605388405 1.61035872 0.0999951512
v 0.0480554253 1.63211524 0.0762917101
v 0.052257847 1.63508439 0.0750675723
v 0.0462765098 1.62837064 0.0748988912
v 0.0442388728 1.63577592 0.078764677
v 0.0445006564 1.63281059 0.0783303306
v 0.0350945033 1.63499618 0.0827226713
v 0.0354073346 1.63227034 0.0823617354
v 0.0280339923 1.63027036 0.0844540596
v 0.0273032356 1.63268459 0.0848014429
v 0.023628084 1.62962294 0.0856501833
v 0.0244140811 1.62752485 0.0852695331
v 0.0218213666 1.62474072 0.0857378095
v 0.019291427 1.62425804 0.0868026838
v 0.0321452767 1.62450755 0.0822939947
v 0.0321155153 1.62347865 0.0822947696
v 0.0253411718 1.62342012 0.0845952109
v 0.0414229371 1.62495601 0.0778045282
v 0.0418252759 1.62374127 0.0775894895
v 0.0450005792 1.62698925 0.0760120451
v 0.0443968847 1.6385237 0.0798861161
v 0.0481506847 1.63811135 0.0778390542
v 0.0444595888 1.63765585 0.0798345804
v 0.0349138342 1.63593674 0.0840315819
v 0.034802895 1.63719571 0.0842232406
v 0.0273637436 1.63255477 0.0857643783
v 0.0269640088 1.63310707 0.086035192
v 0.023257928 1.62919903 0.0860049427
v 0.0132333701 1.63430321 0.0964850113
v 0.0221358389 1.6409657 0.0952800065
v 0.0206035916 1.63626003 0.0949186981
v 0.0418754853 1.64178419 0.0859570652
v 0.0411091968 1.64432013 0.0866094679
v 0.0545800403 1.64521039 0.0761470795
v -0.0132333701 1.63430321 0.0964850113
v -0.0206035916 1.63626003 0.0949186981
v -0.0221358389 1.6409657 0.0952800065
v -0.0418754853 1.64178419 0.0859570652
v -0.0411091968 1.64432013 0.0866094679
v -0.0545800403 1.64521039 0.0761470795
v -0.0445325263 1.63778305 0.079833366
v -0.0482236296 1.63813472 0.0778378397
v -0.0444718152 1.6385411 0.0798849016
v -0.0348434597 1.63676596 0.0840463266
v -0.0349867754 1.63578987 0.0840303674
v -0.0274516102 1.63251841 0.0857631639
v -0.0270369481 1.63313043 0.086033985
v -0.0233108364 1.62928009 0.0860037282
v -0.0481283665 1.63213861 0.0762904957
v -0.0463494472 1.62839401 0.0748976767
v -0.0523307882 1.63510764 0.0750663579
v -0.0443118103 1.63579917 0.0787634701
v -0.0445735939 1.63283396 0.0783291161
v -0.0351674408 1.63501954 0.0827214569
v -0.0354802758 1.6322937 0.082360521
v -0.0281069316 1.63029325 0.0844528452
v -0.0273770355 1.632707 0.0848002285
v -0.0237010233 1.6296463 0.0856489763
v -0.0244870204 1.62754822 0.0852683261
v -0.0218943059 1.62476408 0.0857365951
v -0.0193643626 1.62428141 0.0868014693
v -0.0322182178 1.62447429 0.0822927803
v -0.0254141111 1.62344337 0.0845939964
v -0.0321884528 1.62344539 0.0822935551
v -0.0414958745 1.62497938 0.0778033137
v -0.0418982171 1.62376463 0.0775882825
v -0.0450735167 1.62701261 0.0760108307
v -0.0413388535 1.73712063 -0.08372657
v -0.066325821 1.71855438 -0.0579206459
v -0.0478574634 1.70320296 -0.0708220676
v -0.0985019282 1.63996637 -0.0664170757
v -0.0855556875 1.70021832 -0.0431440622
v 0.0360153206 1.74942887 0.101766326
v 0.0165965129 1.78611267 0.0777874291
v 0.0166782755 1.78435302 0.0513681173
v 0.026064774 1.76961792 0.112222739
v 0.0161624625 1.78746331 0.104598284
v 0.01672481 1.78820968 0.126972288
v 0.110930696 1.74330759 0.057742402
v 0.0894317031 1.75666618 0.0542098992
v 0.0978024006 1.75187695 0.040912699
v 0.0558656342 1.7741437 0.0451006219
v 0.065053612 1.77183473 0.0141242938
v 0.0894317031 1.75666618 0.0542098992
v 0.110930696 1.74330759 0.057742402
v 0.0702217743 1.74165249 0.0648639351
v 0.0558656342 1.7741437 0.0451006219
v 0.087463975 1.736884 0.0393106416
v 0.110930696 1.74330759 0.057742402
v 0.0978024006 1.75187695 0.040912699
v 0.065053612 1.77183473 0.0141242938
v 0.0913442597 1.7639221 0.111947112
v 0.061417006 1.75626755 0.105894603
v 0.064823471 1.76921248 0.0948456302
v 0.0360153206 1.74942887 0.101766326
v 0.0428406708 1.77421689 0.0785881802
v 0.0558656342 1.7741437 0.0451006219
v 0.0754412264 1.7685678 0.0809063166
v 0.0913442597 1.7639221 0.111947112
v 0.061417006 1.75626755 0.105894603
v 0.0913442597 1.7639221 0.111947112
v 0.0726056248 1.74714673 0.0999812484
v 0.0360153206 1.74942887 0.101766326
v 0.0563489422 1.73202765 0.0889090225
v 0.0913442597 1.7639221 0.111947112
v 0.0754412264 1.7685678 0.0809063166
v 0.0811021328 1.75321388 0.088001281
v 0.0558656342 1.7741437 0.0451006219
v 0.0702217743 1.74165249 0.0648639351
v 0.0563489422 1.73202765 0.0889090225
v 0.0811021328 1.75321388 0.088001281
v 0.0702217743 1.74165249 0.0648639351
v 0.0726056248 1.74714673 0.0999812484
v 0.0913442597 1.7639221 0.111947112
v 0.0871411487 1.71467829 0.0906866938
v 0.115479209 1.70027566 0.0917553231
v 0.092293039 1.7043705 0.0750173479
v 0.0563489422 1.73202765 0.0889090225
v 0.079327926 1.70670128 0.0679996312
v 0.079327926 1.70670128 0.0679996312
v 0.10092216 1.71931982 0.0645348802
v 0.087463975 1.736884 0.0393106416
v 0.092293039 1.7043705 0.0750173479
v 0.115479209 1.70027566 0.0917553231
v 0.0340855606 1.72214699 0.126885161
v 0.0584996976 1.72609735 0.139846489
v 0.0417937413 1.70675302 0.106314607
v 0.0157840531 1.71884 0.117331006
v 0.0578258708 1.72763395 0.117647864
v 0.0584996976 1.72609735 0.139846489
v 0.046149224 1.73708296 0.122102231
v 0.0563489422 1.73202765 0.0889090225
v 0.0360153206 1.74942887 0.101766326
v 0.0417937413 1.70675302 0.106314607
v 0.026091313 1.70545864 0.108001411
v 0.0157840531 1.71884 0.117331006
v 0.0464312583 1.67189264 0.102933861
v 0.0368488505 1.67139173 0.104739204
v 0.0461990647 1.64471233 0.100349106
v 0.0520416312 1.67306423 0.0911933556
v 0.0582310185 1.70578873 0.0935264155
v 0.0563489422 1.73202765 0.0889090225
v 0.079327926 1.70670128 0.0679996312
v 0.0650738999 1.67249143 0.0876973644
v 0.0651630759 1.63176942 0.0809519142
v 0.0746341124 1.67252958 0.0736965984
v 0.0584996976 1.72609735 0.139846489
v 0.0578258708 1.72763395 0.117647864
v 0.0417937413 1.70675302 0.106314607
v 0.0563489422 1.73202765 0.0889090225
v 0.0961033925 1.72203743 0.0163351018
v 0.087463975 1.736884 0.0393106416
v 0.110666998 1.73756933 0.0223006848
v 0.108004406 1.73099709 0.010837731
v 0.0935629904 1.73394191 -0.0288399477
v 0.131878406 1.74076104 0.00279324339
v 0.109607972 1.73441124 -0.0174051244
v 0.087463975 1.736884 0.0393106416
v 0.065053612 1.77183473 0.0141242938
v 0.110666998 1.73756933 0.0223006848
v 0.102591433 1.75627923 0.00543157943
v 0.131878406 1.74076104 0.00279324339
v 0.102591433 1.75627923 0.00543157943
v 0.065053612 1.77183473 0.0141242938
v 0.0695829242 1.76578629 -0.0118792504
v 0.109607972 1.73441124 -0.0174051244
v 0.0935629904 1.73394191 -0.0288399477
v 0.131878406 1.74076104 0.00279324339
v 0.107387267 1.68807244 -0.0152554838
v 0.114644192 1.69471884 -0.0103881201
v 0.12181519 1.68504775 -0.0243188236
v 0.0973509774 1.69212079 -0.00600570906
v 0.0961033925 1.72203743 0.0163351018
v 0.0961033925 1.72203743 0.0163351018
v 0.0935629904 1.73394191 -0.0288399477
v 0.114191666 1.70317578 -0.0253315605
v 0.114644192 1.69471884 -0.0103881201
v 0.12181519 1.68504775 -0.0243188236
v 0.103451841 1.68865275 -0.0852827728
v 0.0840514749 1.69514251 -0.0807593912
v 0.0929858088 1.68219066 -0.0694021434
v 0.0844515115 1.67434156 -0.0514685512
v 0.065576151 1.70203781 -0.0742905438
v 0.0929858088 1.68219066 -0.0694021434
v 0.0991606414 1.68972266 -0.0625259578
v 0.103451841 1.68865275 -0.0852827728
v 0.0844515115 1.67434156 -0.0514685512
v 0.0950587317 1.691275 -0.0348066576
v 0.0910253227 1.68030083 -0.034025047
v 0.103451841 1.68865275 -0.0852827728
v 0.0902762488 1.70329678 -0.0703575611
v 0.0840514749 1.69514251 -0.0807593912
v 0.0737715662 1.72149014 -0.0609252714
v 0.065576151 1.70203781 -0.0742905438
v 0.0912048817 1.71189189 -0.0341428444
v 0.0737715662 1.72149014 -0.0609252714
v 0.0902762488 1.70329678 -0.0703575611
v 0.0991606414 1.68972266 -0.0625259578
v 0.103451841 1.68865275 -0.0852827728
v 0.0950587317 1.691275 -0.0348066576
v 0.096577853 1.68931961 -0.0265720151
v 0.0973509774 1.69212079 -0.00600570906
v 0.0910253227 1.68030083 -0.034025047
v 0.106216133 1.65944648 -0.0273530949
v -0.0837280899 1.73478556 -0.0247086491
v -0.114330582 1.68394482 -0.0249229521
v -0.0909958705 1.70992684 -0.0339582302
v -0.102574423 1.72078228 -0.0115343044
v -0.0766114295 1.73019469 -0.0704198405
v -0.0957966223 1.74734008 -0.090626508
v -0.0894368514 1.74054587 -0.0579508655
v -0.066325821 1.71855438 -0.0579206459
v -0.0837280899 1.73478556 -0.0247086491
v -0.00595128629 1.7879113 -0.0159750041
v 0.0136492858 1.8016448 0.00644223811
v -0.0115957279 1.78954291 0.0218892489
v 0.0274031386 1.81207275 0.0216691103
v 0.0202550571 1.81081223 0.0342982933
v 0.045479659 1.82734585 0.0446725562
v -0.0194395445 1.77308512 0.0626342967
v 0.0165965129 1.78611267 0.0777874291
v 0.0161624625 1.78746331 0.104598284
v 0.0166782755 1.78435302 0.0513681173
v -0.00168530887 1.77080452 0.111260869
v -0.0179324653 1.75328898 0.0937186033
v 0.0161624625 1.78746331 0.104598284
v 0.01672481 1.78820968 0.126972288
v -0.0446984954 1.75110304 0.120125398
v -0.0615951382 1.75029922 0.111247316
v -0.0688988641 1.74198163 0.144394934
v -0.0699350312 1.74031639 0.1091609
v -0.0720065907 1.73735178 0.0730397925
v -0.0551760048 1.76036847 0.0712343827
v -0.0690958127 1.75575447 0.0589214489
v -0.0720065907 1.73735178 0.0730397925
v -0.130867332 1.72935545 0.0602089949
v -0.0699350312 1.74031639 0.1091609
v -0.0688988641 1.74198163 0.144394934
v -0.0544724204 1.73382258 0.117704466
v -0.0720065907 1.73735178 0.0730397925
v -0.0525497645 1.7283572 0.0977361277
v -0.0525497645 1.7283572 0.0977361277
v -0.0446984954 1.75110304 0.120125398
v -0.0179324653 1.75328898 0.0937186033
v -0.0544724204 1.73382258 0.117704466
v -0.0688988641 1.74198163 0.144394934
v 0.0166782755 1.78435302 0.0513681173
v -0.0194395445 1.77308512 0.0626342967
v -0.0115957279 1.78954291 0.0218892489
v -0.0424537696 1.77472484 0.0466336161
v -0.0618234575 1.82358348 0.00213295501
v -0.00595128629 1.7879113 -0.0159750041
v -0.00865444634 1.77729964 -0.0524609797
v 0.0311461277 1.80594301 0.0484366976
v 0.0166782755 1.78435302 0.0513681173
v 0.0202550571 1.81081223 0.0342982933
v 0.045479659 1.82734585 0.0446725562
v -0.00595128629 1.7879113 -0.0159750041
v 0.0456176922 1.8120774 -0.0669182017
v 0.0444347933 1.78036797 -0.0184702612
v 0.0364502482 1.7858398 0.00380839012
v 0.0867000744 1.79519379 0.00365300174
v 0.0136492858 1.8016448 0.00644223811
v 0.0274031386 1.81207275 0.0216691103
v 0.0449159928 1.80248201 0.0302885473
v 0.045479659 1.82734585 0.0446725562
v 0.044133354 1.78387666 0.0226555821
v 0.0867000744 1.79519379 0.00365300174
v 0.00367116462 1.77164137 -0.0872939155
v -0.0122296857 1.7760092 -0.116770007
v -0.00732335448 1.74831581 -0.0948163122
v -0.00593726616 1.72860277 -0.083220005
v 0.015848482 1.76503074 -0.0700942427
v -0.0957966223 1.74734008 -0.090626508
v -0.0655035898 1.7424916 -0.0869197026
v -0.0659696385 1.75823379 -0.0710809901
v -0.0388213135 1.76551616 -0.054438848
v -0.0413388535 1.73712063 -0.08372657
v -0.00593726616 1.72860277 -0.083220005
v -0.0655035898 1.7424916 -0.0869197026
v -0.0957966223 1.74734008 -0.090626508
v -0.0766114295 1.73019469 -0.0704198405
v -0.066325821 1.71855438 -0.0579206459
v -0.0413388535 1.73712063 -0.08372657
v -0.0693364665 1.67022288 -0.0620803349
v -0.0985019282 1.63996637 -0.0664170757
v -0.084338218 1.67543137 -0.0515603498
v -0.0855556875 1.70021832 -0.0431440622
v -0.0973912701 1.65768516 -0.0311465319
v -0.0855556875 1.70021832 -0.0431440622
v -0.0909958705 1.70992684 -0.0339582302
v -0.0969096273 1.69064343 -0.0118189435
v -0.0973912701 1.65768516 -0.0311465319
v -0.0916103944 1.68228865 -0.0299469028
v -0.0855556875 1.70021832 -0.0431440622
v -0.0969096273 1.69064343 -0.0118189435
v -0.0693364665 1.67022288 -0.0620803349
v -0.0524410084 1.63630533 -0.091683425
v -0.0478574634 1.70320296 -0.0708220676
v -0.0295730699 1.68303216 -0.0815152228
v -0.0159629826 1.69180167 -0.08377783
v -0.0105558131 1.70437419 -0.0921642855
v -0.0241308715 1.66253066 -0.0940693393
v 0.0133298486 1.68678308 -0.0853394419
v -0.0178979281 1.66514993 -0.0969292596
v -0.0209118333 1.64458334 -0.106777139
v -0.0138398213 1.66157663 -0.0958566964
v -0.00128773064 1.67718911 -0.0870772824
v 0.00893448479 1.66719115 -0.0946331993
v 0.0178116411 1.66877115 -0.0970473289
v 0.0196464602 1.65367997 -0.106326528
v 0.0144261224 1.72704268 -0.0779572278
v 0.0390847549 1.73846817 -0.110910937
v -0.00593726616 1.72860277 -0.083220005
v 0.0489825495 1.73909318 -0.0601647943
v 0.0489825495 1.73909318 -0.0601647943
v 0.0144261224 1.72704268 -0.0779572278
v 0.067218557 1.70444179 -0.112881511
v 0.0737715662 1.72149014 -0.0609252714
v 0.0695829242 1.76578629 -0.0118792504
v 0.0444347933 1.78036797 -0.0184702612
v 0.102755718 1.75311327 -0.0729197785
v 0.0935629904 1.73394191 -0.0288399477
v 0.0449159928 1.80248201 0.0302885473
v 0.0311461277 1.80594301 0.0484366976
v 0.045479659 1.82734585 0.0446725562
v 0.044133354 1.78387666 0.0226555821
v 0.0166782755 1.78435302 0.0513681173
v 0.0117535815 1.66494811 -0.0798563361
v 0.0323284976 1.66507065 -0.0811344311
v 0.0268821381 1.66118073 -0.0905667767
v 0.0153680723 1.66350555 -0.0899289027
v 0.0196464602 1.65367997 -0.106326528
v 0.00893448479 1.66719115 -0.0946331993
v -0.00128773064 1.67718911 -0.0870772824
v 0.0268821381 1.66118073 -0.0905667767
v 0.0178116411 1.66877115 -0.0970473289
v 0.0196464602 1.65367997 -0.106326528
v 0.0323284976 1.66507065 -0.0811344311
v 0.0133298486 1.68678308 -0.0853394419
v 0.0323284976 1.66507065 -0.0811344311
v 0.0337854065 1.6944598 -0.0903635398
v 0.0133298486 1.68678308 -0.0853394419
v 0.0530223697 1.67130554 -0.0869553238
v 0.0567508787 1.63678646 -0.0934049934
v 0.065576151 1.70203781 -0.0742905438
v 0.0661877096 1.67126584 -0.0657395795
v -0.0165521093 1.66412199 -0.0818999931
v -0.00128773064 1.67718911 -0.0870772824
v -0.0138398213 1.66157663 -0.0958566964
v -0.0159997288 1.65788877 -0.0897522271
v -0.0209118333 1.64458334 -0.106777139
v -0.0295730699 1.68303216 -0.0815152228
v -0.0165521093 1.66412199 -0.0818999931
v -0.0159997288 1.65788877 -0.0897522271
v -0.0241308715 1.66253066 -0.0940693393
v -0.0209118333 1.64458334 -0.106777139
v -0.127147555 1.72904551 -0.000183468714
v -0.0843560025 1.75140488 0.0163843948
v -0.0940097496 1.72517955 0.0264392402
v -0.0813761726 1.74288201 0.040761102
v -0.0940097496 1.72517955 0.0264392402
v -0.117835268 1.67500651 0.036265526
v -0.102574423 1.72078228 -0.0115343044
v -0.0916458368 1.71606779 0.052042339
v -0.130867332 1.72935545 0.0602089949
v -0.0940097496 1.72517955 0.0264392402
v -0.0813761726 1.74288201 0.040761102
v -0.0690958127 1.75575447 0.0589214489
v -0.0551760048 1.76036847 0.0712343827
v -0.0690958127 1.75575447 0.0589214489
v -0.0424537696 1.77472484 0.0466336161
v -0.0194395445 1.77308512 0.0626342967
v 0.00631484808 1.74631262 0.106457263
v 0.026064774 1.76961792 0.112222739
v 0.0360153206 1.74942887 0.101766326
v 0.0120941866 1.76855743 0.117963314
v -0.0179324653 1.75328898 0.0937186033
v 0.01672481 1.78820968 0.126972288
v -0.00168530887 1.77080452 0.111260869
v -0.0179324653 1.75328898 0.0937186033
v -0.0341670662 1.71613157 0.132810444
v -0.0525497645 1.7283572 0.0977361277
v -0.0193437245 1.72346544 0.137841418
v 0.00631484808 1.74631262 0.106457263
v -0.0194123723 1.708215 0.161930442
v -0.00933842082 1.72367501 0.133382484
v -0.0953633264 1.70434105 0.078439787
v -0.0991823375 1.69052064 0.107510172
v -0.0806926116 1.69645822 0.0922511369
v -0.0762384236 1.70251966 0.0742524788
v -0.0916458368 1.71606779 0.052042339
v -0.0644840971 1.69752991 0.0876603201
v -0.0720065907 1.73735178 0.0730397925
v -0.0953633264 1.70434105 0.078439787
v -0.0916458368 1.71606779 0.052042339
v -0.0860935971 1.71283293 0.0923401043
v -0.0991823375 1.69052064 0.107510172
v -0.081132859 1.70422697 0.10337875
v -0.0525497645 1.7283572 0.0977361277
v -0.0697770268 1.68947446 0.130477637
v -0.0484307297 1.6959492 0.102741085
v -0.0644840971 1.69752991 0.0876603201
v -0.0318566598 1.71618927 0.121542193
v -0.0484307297 1.6959492 0.102741085
v -0.0318566598 1.71618927 0.121542193
v -0.0200449172 1.71208155 0.124666668
v -0.0289954301 1.69687557 0.104827441
v -0.033846952 1.68757641 0.104218572
v -0.0246301368 1.68159151 0.107376553
v -0.0404969081 1.67027712 0.103564098
v -0.0480171256 1.67129326 0.102171965
v -0.0502964817 1.64604807 0.101310946
v -0.0517689884 1.67168534 0.0924638063
v -0.0499662235 1.70461106 0.0884266049
v -0.0132266795 1.6836431 0.117395483
v -0.0192965083 1.65873945 0.109200798
v -0.0134075731 1.66127944 0.11404369
v -0.0142870229 1.63970649 0.110377997
v -0.00748191634 1.66247833 0.109683245
v -0.00215444248 1.68416452 0.107987791
v 0.0018091097 1.69915736 0.108130902
v 0.00160005386 1.71612406 0.113162115
v 0.00631484808 1.74631262 0.106457263
v 0.0157840531 1.71884 0.117331006
v 0.00730904192 1.67841518 0.112084053
v 0.0148768323 1.67813957 0.114487886
v 0.026091313 1.70545864 0.108001411
v 0.0169557165 1.64785576 0.110904463
v 0.0223683994 1.67841625 0.107915744
v -0.0762384236 1.70251966 0.0742524788
v -0.076031737 1.66721845 0.0719555616
v -0.0916458368 1.71606779 0.052042339
v -0.0673412755 1.66636145 0.0882616341
v -0.0644840971 1.69752991 0.0876603201
v -0.0614475608 1.63308573 0.0874878168
v -0.0536637194 1.66622293 0.093784295
v -0.0484307297 1.6959492 0.102741085
v -0.0644840971 1.69752991 0.0876603201
v -0.0499662235 1.70461106 0.0884266049
v -0.0536637194 1.66622293 0.093784295
v -0.0484307297 1.6959492 0.102741085
v -0.0676546171 1.66646206 0.0806023329
v -0.0614475608 1.63308573 0.0874878168
v -0.076031737 1.66721845 0.0719555616
v -0.0916458368 1.71606779 0.052042339
v 0.0961033925 1.72203743 0.0163351018
v 0.112420321 1.64151323 -0.0101426011
v 0.101422973 1.66240978 0.0114798825
v 0.0939805582 1.66137564 0.0307502151
v 0.101299778 1.62573326 0.00183819502
v 0.097450614 1.66711056 -0.00139993906
v 0.0942435712 1.71501827 0.0443291664
v 0.087463975 1.736884 0.0393106416
v 0.079327926 1.70670128 0.0679996312
v 0.0828877538 1.66097331 0.0608556122
v 0.0575397573 1.6598742 0.0822843239
v 0.0581817701 1.70956862 0.0814129785
v 0.074528046 1.60780275 0.061051853
v 0.0587307736 1.60725379 0.0773214325
v 0.0617573708 1.54847109 0.060939949
v 0.0552543961 1.55048478 0.0674288496
v 0.0510843806 1.50709116 0.0566888936
v 0.0648250356 1.54793417 0.0430817455
v 0.0856457949 1.60791421 0.0320296437
v 0.0906692669 1.60713708 0.0188537538
v 0.0910075158 1.63870907 0.00379795418
v 0.0904916301 1.60653424 0.00679756142
v 0.086583823 1.57043839 0.0143737765
v 0.0686238483 1.54690361 0.0372022577
v 0.0847233683 1.60641646 0.0100906631
v 0.0610661097 1.52979839 0.0401776731
v 0.0665775537 1.54654562 0.0285145137
v 0.0461990647 1.64471233 0.100349106
v 0.0520416312 1.67306423 0.0911933556
v 0.0368488505 1.67139173 0.104739204
v 0.026091313 1.70545864 0.108001411
v 0.0581817701 1.70956862 0.0814129785
v 0.0746341124 1.67252958 0.0736965984
v 0.0651630759 1.63176942 0.0809519142
v 0.079327926 1.70670128 0.0679996312
v -0.0289954301 1.69687557 0.104827441
v -0.03823312 1.69935131 0.0949935317
v -0.033846952 1.68757641 0.104218572
v -0.0457061753 1.66826475 0.0988410711
v -0.0404969081 1.67027712 0.103564098
v -0.0517689884 1.67168534 0.0924638063
v -0.0502964817 1.64604807 0.101310946
v -0.0855556875 1.70021832 -0.0431440622
v -0.0916103944 1.68228865 -0.0299469028
v -0.0899721384 1.67728746 -0.0417272076
v -0.100370288 1.65026903 -0.0536128469
v -0.0525497645 1.7283572 0.0977361277
v -0.0341670662 1.71613157 0.132810444
v -0.0318566598 1.71618927 0.121542193
v -0.0194123723 1.708215 0.161930442
v -0.0200449172 1.71208155 0.124666668
v 0.183008 0.378705025 0.18814601
v 0.174910501 0.385422885 0.178994998
v 0.137157887 0.38255173 0.20112966
v 0.142019004 0.375283033 0.210829005
v 0.168899059 0.505162954 0.173332065
v 0.174910501 0.385422885 0.178994998
v 0.193569109 0.389927119 0.15012604
v 0.189301014 0.505811989 0.149746001
v 0.149572998 0.386563033 -0.10941799
v 0.146113902 0.396652818 -0.0985810235
v 0.18480669 0.394729197 -0.104889527
v 0.190032989 0.384431958 -0.118932985
v 0.243578747 0.388730586 -0.0927158743
v 0.253300011 0.380355 -0.105903983
v 0.280077398 0.376727581 -0.0287227407
v 0.294899017 0.367840022 -0.0320410095
v 0.260359973 0.513084948 0.0405690148
v 0.270823002 0.369876772 0.0394235626
v 0.280077398 0.376727581 -0.0287227407
v 0.267612994 0.515493989 -0.023002984
v 0.212449715 0.382538319 0.0980272666
v 0.203740001 0.381621957 0.124720015
v 0.222893029 0.371957958 0.104117006
v 0.193039715 0.388687134 0.120339274
v 0.204182982 0.383120984 0.154607996
v 0.193569109 0.389927119 0.15012604
v 0.212449715 0.382538319 0.0980272666
v 0.249656349 0.367956191 0.0819124207
v 0.243583962 0.509566009 0.0793959945
v 0.218046963 0.508928061 0.0889209732
v 0.270823002 0.369876772 0.0394235626
v 0.249656349 0.367956191 0.0819124207
v 0.258277923 0.365040034 0.0915139243
v 0.285813868 0.363293976 0.0435349308
v -0.137135744 0.382677376 0.201116845
v -0.174897641 0.385513753 0.178984314
v -0.183008 0.378704816 0.18814598
v -0.142018989 0.375282735 0.210829005
v -0.193554461 0.390025616 0.150122121
v -0.174897641 0.385513753 0.178984314
v -0.168899 0.505162895 0.173332021
v -0.189300984 0.505811989 0.149745971
v -0.267612964 0.515493929 -0.0230029766
v -0.280047089 0.376876891 -0.0287135895
v -0.270637214 0.370288312 0.0394001715
v -0.260359943 0.513084888 0.0405690074
v -0.203740001 0.381621957 0.12472
v -0.212446004 0.382567018 0.0980240777
v -0.222893044 0.371957958 0.104117021
v -0.193027556 0.388774633 0.120339356
v -0.204182997 0.383120954 0.154607996
v -0.193554461 0.390025616 0.150122121
v -0.243583977 0.50956589 0.0793959945
v -0.249645337 0.368038774 0.0819055885
v -0.212446004 0.382567018 0.0980240777
v -0.218046948 0.508927763 0.0889209807
v -0.102862939 0.403284609 -0.147795886
v -0.0500059314 0.413759977 -0.175083801
v -0.0580989905 0.406706005 -0.190179989
v -0.110169001 0.394861072 -0.160100967
v -0.126964256 0.397759587 -0.107780084
v -0.131825998 0.387239039 -0.116451003
v -0.0500059314 0.413759977 -0.175083801
v 1.34304162E-06 0.417379528 -0.182689965
v -3.30835848E-09 0.411580026 -0.197445974
v -0.258278072 0.365039855 0.0915140733
v -0.249645337 0.368038774 0.0819055885
v -0.270637214 0.370288312 0.0394001715
v -0.285814047 0.363293916 0.0435350612
v 0.452214003 0.98989898 0.0471949987
v 0.475993007 1.01561499 0.0588899963
v 0.462925971 1.02792001 0.0043899999
v 0.448613018 0.975465 0.00914099999
v 0.503022015 1.03692806 0.0449420027
v 0.461975992 0.976633966 -0.0294029992
v 0.516373992 1.03810596 0.00611999957
v 0.489004999 0.997893989 -0.0428439975
v 0.512772977 1.0236119 -0.0316050015
v -0.452214003 0.98989898 0.0471949987
v -0.462925971 1.02792001 0.0043899999
v -0.475993007 1.01561499 0.0588899963
v -0.448613018 0.975465 0.00914099999
v -0.503022015 1.03692806 0.0449420027
v -0.461975992 0.976633966 -0.0294029992
v -0.516373992 1.03810596 0.00611999957
v -0.489004999 0.997893989 -0.0428439975
v -0.512772977 1.0236119 -0.0316050015
v -0.0100347353 1.70005047 -0.118390061
v -0.0159869436 1.7081269 -0.13418442
v -0.0156486891 1.696365 -0.125079021
v -0.0218001083 1.69444501 -0.125820443
v -0.0116565228 1.68564713 -0.116212808
v -0.00288022426 1.69398904 -0.107635409
v -0.0257457402 1.68181086 -0.117410645
v -0.00677953055 1.67404854 -0.105151244
v 0.00316482806 1.6804713 -0.0975350142
v -0.0208760407 1.66896892 -0.105733603
v -0.00227814005 1.65914536 -0.0865253359
v 0.00833729282 1.59973443 -0.0929191113
v 0.012985968 1.58766198 -0.0929611176
v 0.0137309358 1.59931803 -0.0880920589
v 0.017197514 1.6129663 -0.0820986256
v 0.00154548779 1.60054624 -0.0901485607
v 0.00410401588 1.61771858 -0.0946938023
v -0.00855691917 1.61598122 -0.0903965011
v 0.0175753441 1.62655401 -0.0817015544
v -0.0105984947 1.62890112 -0.0886819735
v 0.00106843119 1.63132751 -0.0922263041
v 0.0111495424 1.63846552 -0.0830569565
v -0.00389327784 1.65106344 -0.0885424465
v -0.0417495482 1.63083386 0.0788075551
v -0.040898554 1.63509965 0.0798618048
v -0.0342613682 1.62984061 0.0813918784
v -0.0406852476 1.62655056 0.0784364119
v -0.0280234944 1.632743 0.0841916725
v -0.037933968 1.62391627 0.0791544393
v -0.028104037 1.62837279 0.0842972249
v -0.0335203484 1.623721 0.0809844285
v -0.0301765744 1.62522483 0.0830795541
v 0.0409497283 1.63083386 0.078807652
v 0.0334615521 1.62984061 0.0813919753
v 0.0400987379 1.63509965 0.0798618942
v 0.0398854278 1.62655056 0.0784365088
v 0.0272236764 1.632743 0.0841917694
v 0.0371341482 1.62391627 0.0791545361
v 0.0273042191 1.62837279 0.0842973217
v 0.0327205323 1.623721 0.0809845254
v 0.0293767564 1.62522483 0.083079651
v 0.115479209 1.70027566 0.0917553231
v 0.0871411487 1.71467829 0.0906866938
v 0.094292976 1.72095215 0.079632327
v 0.10092216 1.71931982 0.0645348802
v 0.0563489422 1.73202765 0.0889090225
v 0.087463975 1.736884 0.0393106416
v 0.0702217743 1.74165249 0.0648639351
v 0.0161890462 1.67876673 0.107349686
v 0.0223683994 1.67841625 0.107915744
v 0.026091313 1.70545864 0.108001411
v 0.0018091097 1.69915736 0.108130902
v 0.0169557165 1.64785576 0.110904463
v 0.00730904192 1.67841518 0.112084053
v 0.0018091097 1.69915736 0.108130902
v -0.0115731033 1.68071544 0.104086667
v -0.00215444248 1.68416452 0.107987791
v -0.0289954301 1.69687557 0.104827441
v -0.00748191634 1.66247833 0.109683245
v -0.0246301368 1.68159151 0.107376553
v -0.0129246302 1.66051149 0.107620358
v -0.0142870229 1.63970649 0.110377997
v -0.0192965083 1.65873945 0.109200798
v 0.309582025 1.29554701 -0.0271189939
v 0.324608982 1.30855501 -0.042039983
v 0.229797989 1.30988991 -0.0382819995
v 0.301192999 1.28859496 -0.0168640092
v 0.321063995 1.30374086 -0.0587310009
v 0.294669002 1.28391492 0.0116419978
v 0.303078979 1.28587675 -0.0799300522
v 0.288441986 1.27965689 0.0367360637
v 0.283402979 1.26992583 -0.0972160473
v 0.268083006 1.26208186 0.0476590134
v 0.266483009 1.25537193 -0.113455005
v 0.249004975 1.23566711 0.0420939997
v 0.252247006 1.23627281 -0.115776986
v 0.238292992 1.21543097 0.0124179898
v 0.238642007 1.21702099 -0.102315016
v 0.225538969 1.20007396 -0.0368740112
v 0.235232994 1.21241999 -0.0819110125
v -0.309581965 1.29554689 -0.027119007
v -0.229797989 1.30988991 -0.0382819995
v -0.324608952 1.30855501 -0.042040024
v -0.301192999 1.28859496 -0.0168639962
v -0.321063995 1.30374098 -0.0587310195
v -0.294669002 1.28391492 0.0116420062
v -0.303078979 1.2858777 -0.0799298733
v -0.288441986 1.27965689 0.036736086
v -0.283403009 1.26992607 -0.0972160324
v -0.268083006 1.26208198 0.0476589873
v -0.266483009 1.25537193 -0.113455079
v -0.249004975 1.23566699 0.0420939922
v -0.252247006 1.23627305 -0.115777031
v -0.238293007 1.21543086 0.0124179982
v -0.238642991 1.21702111 -0.102315016
v -0.225539014 1.20007396 -0.0368739888
v -0.235232994 1.21241999 -0.0819109976
v -0.165315002 0.306515962 -0.088395983
v -0.125264987 0.346172988 -0.0349909998
v -0.124292001 0.309215993 -0.108557984
v -0.179330006 0.304143012 -0.0507480055
v -0.0919709951 0.307999998 -0.0876959935
v -0.166668996 0.297764003 -0.00208200351
v -0.0764470026 0.303151011 -0.0491620004
v -0.122034006 0.296879977 0.018074004
v -0.0815450102 0.29915002 -0.00372499647
v 0.165315002 0.306516021 -0.0883959904
v 0.124292001 0.309215993 -0.108557992
v 0.125265002 0.346172988 -0.0349909998
v 0.179330006 0.304143012 -0.0507479981
v 0.0919709951 0.307999998 -0.0876960084
v 0.166668996 0.297763973 -0.00208200351
v 0.0764469951 0.303151011 -0.0491620041
v 0.122033991 0.296879977 0.0180739965
v 0.0815450102 0.29915002 -0.00372500019
v 0.128495991 1.18047595 0.0938099921
v 0.122035995 1.17274904 0.0706779957
v 0.0340639986 1.17564094 0.0985429958
v 0.129482999 1.18858695 0.0986239985
v 0.119727001 1.32479095 0.0655329973
v 0.0437790006 1.17898595 0.117086001
v 0.0447649993 1.18709695 0.121870004
v 0.128342003 1.31625593 0.0941679925
v 0.0415399969 1.31774592 0.113354996
v 0.0277089998 1.32641292 0.0882600024
v 0.124903001 1.32501006 0.0862220004
v 0.0385049991 1.32663095 0.106030993
v -0.128495991 1.18047595 0.0938099921
v -0.0340639986 1.17564094 0.0985429958
v -0.122035995 1.17274904 0.0706779957
v -0.129482999 1.18858695 0.0986239985
v -0.119727001 1.32479095 0.0655329973
v -0.0437790006 1.17898595 0.117086001
v -0.0447649993 1.18709695 0.121870004
v -0.128342003 1.31625497 0.0941679925
v -0.0415399969 1.31774592 0.113354996
v -0.0277089998 1.32641292 0.0882600024
v -0.124903001 1.32501006 0.0862220004
v -0.0385049991 1.32663095 0.106030993
v -0.698626339 0.84718138 -0.106021233
v -0.731170356 0.994553328 -0.106021248
v -0.719358265 1.0101434 -0.0916015059
v -0.666082263 0.994553328 -0.106021248
v -0.698626339 0.84718138 -0.106021233
v -0.677894354 1.0101434 -0.0916015059
v -0.698626339 0.84718138 -0.106021233
v -0.719358265 1.0101434 -0.120441005
v -0.731170356 0.994553328 -0.106021248
v -0.666082263 0.994553328 -0.106021248
v -0.677894354 1.0101434 -0.120441005
v -0.698626339 0.84718138 -0.106021233
v -0.780446291 0.976283371 -0.106118307
v -0.76213932 1.01072145 -0.10040056
v -0.759669304 0.995119393 -0.0981369317
v -0.734782338 1.00830138 -0.0925473273
v -0.738280296 1.03027833 -0.096792601
v -0.719358265 1.0101434 -0.0916015059
v -0.698626339 1.04119837 -0.0950448215
v -0.698626339 1.01130342 -0.0909824744
v -0.698626339 0.84718138 -0.106021233
v -0.677894354 1.0101434 -0.0916015059
v -0.658972323 1.03027833 -0.096792601
v -0.662889302 1.00654244 -0.0928885415
v -0.635113299 1.01072145 -0.10040056
v -0.637808323 0.996572375 -0.0988508239
v -0.616806328 0.976283371 -0.106118307
v -0.616806328 0.976283371 -0.106118307
v -0.638709307 0.986764371 -0.106021248
v -0.637808323 0.996572375 -0.0988508239
v -0.666082263 0.994553328 -0.106021248
v -0.662889302 1.00654244 -0.0928885415
v -0.677894354 1.0101434 -0.0916015059
v -0.780446291 0.976283371 -0.106118307
v -0.759669304 0.995119393 -0.0981369317
v -0.758543313 0.986764371 -0.106021248
v -0.731170356 0.994553328 -0.106021248
v -0.734782338 1.00830138 -0.0925473273
v -0.719358265 1.0101434 -0.0916015059
v -0.780446291 0.976283371 -0.106118307
v -0.759669304 0.995119393 -0.113905579
v -0.76213932 1.01072145 -0.111836061
v -0.734782338 1.00830138 -0.119495176
v -0.738280296 1.03027833 -0.115444027
v -0.719358265 1.0101434 -0.120441005
v -0.698626339 1.04119837 -0.117192678
v -0.698626339 1.01130342 -0.121060044
v -0.698626339 0.84718138 -0.106021233
v -0.677894354 1.0101434 -0.120441005
v -0.658972323 1.03027833 -0.115444027
v -0.662889302 1.00654244 -0.119153962
v -0.635113299 1.01072145 -0.111836061
v -0.637808323 0.996572375 -0.113191687
v -0.616806328 0.976283371 -0.106118307
v -0.616806328 0.976283371 -0.106118307
v -0.637808323 0.996572375 -0.113191687
v -0.638709307 0.986764371 -0.106021248
v -0.666082263 0.994553328 -0.106021248
v -0.662889302 1.00654244 -0.119153962
v -0.677894354 1.0101434 -0.120441005
v -0.780446291 0.976283371 -0.106118307
v -0.758543313 0.986764371 -0.106021248
v -0.759669304 0.995119393 -0.113905579
v -0.731170356 0.994553328 -0.106021248
v -0.734782338 1.00830138 -0.119495176
v -0.719358265 1.0101434 -0.120441005
v -0.616806328 0.976283371 -0.106118307
v -0.635113299 1.01072145 -0.10040056
v -0.635113299 1.01072145 -0.111836061
v -0.658972323 1.03027833 -0.115444027
v -0.658972323 1.03027833 -0.096792601
v -0.698626339 1.04119837 -0.117192678
v -0.698626339 1.04119837 -0.0950448215
v -0.738280296 1.03027833 -0.115444027
v -0.738280296 1.03027833 -0.096792601
v -0.76213932 1.01072145 -0.111836061
v -0.76213932 1.01072145 -0.10040056
v -0.780446291 0.976283371 -0.106118307
v -0.709775984 1.04683948 -0.0963772684
v -0.714393735 1.04683948 -0.106037349
v -0.714393735 1.17210734 -0.106037363
v -0.709775984 1.17210734 -0.0963765383
v -0.698626339 1.04683948 -0.0946369916
v -0.698626339 1.17210734 -0.0946362689
v -0.687476635 1.04683948 -0.0963772684
v -0.687476635 1.17210734 -0.0963765383
v -0.682858884 1.04683948 -0.106037349
v -0.682858884 1.17210734 -0.106037363
v -0.712238312 1.04781604 -0.106037349
v -0.708251297 1.04781604 -0.0964123383
v -0.706626356 1.03731096 -0.0980373472
v -0.709939301 1.03731096 -0.106037341
v -0.708251297 1.04781604 -0.0964123383
v -0.698626339 1.04781604 -0.094677344
v -0.698626339 1.03731096 -0.0965963453
v -0.706626356 1.03731096 -0.0980373472
v -0.698626339 1.04781604 -0.094677344
v -0.689001322 1.04781604 -0.0964123383
v -0.690626264 1.03731096 -0.0980373472
v -0.698626339 1.03731096 -0.0965963453
v -0.689001322 1.04781604 -0.0964123383
v -0.685014307 1.04781604 -0.106037349
v -0.687313318 1.03731096 -0.106037341
v -0.690626264 1.03731096 -0.0980373472
v -0.708802462 1.17092693 -0.0981834084
v -0.713018477 1.17092693 -0.1060379
v -0.707795322 1.18269432 -0.106037118
v -0.705109298 1.18269432 -0.0995533615
v -0.698626339 1.17092693 -0.096349597
v -0.708802462 1.17092693 -0.0981834084
v -0.705109298 1.18269432 -0.0995533615
v -0.698626339 1.18269432 -0.0983853713
v -0.688450158 1.17092693 -0.0981834084
v -0.698626339 1.17092693 -0.096349597
v -0.698626339 1.18269432 -0.0983853713
v -0.692143321 1.18269432 -0.0995533615
v -0.684234142 1.17092693 -0.1060379
v -0.688450158 1.17092693 -0.0981834084
v -0.692143321 1.18269432 -0.0995533615
v -0.689457297 1.18269432 -0.106037118
v -0.709775984 1.04683948 -0.115697421
v -0.714393735 1.17210734 -0.106037363
v -0.714393735 1.04683948 -0.106037349
v -0.709775984 1.17210734 -0.115698181
v -0.698626339 1.04683948 -0.11743769
v -0.698626339 1.17210734 -0.117438458
v -0.687476635 1.04683948 -0.115697421
v -0.687476635 1.17210734 -0.115698181
v -0.682858884 1.04683948 -0.106037349
v -0.682858884 1.17210734 -0.106037363
v -0.712238312 1.04781604 -0.106037349
v -0.709939301 1.03731096 -0.106037341
v -0.706626356 1.03731096 -0.114037342
v -0.708251297 1.04781604 -0.115662344
v -0.708251297 1.04781604 -0.115662344
v -0.706626356 1.03731096 -0.114037342
v -0.698626339 1.03731096 -0.115478344
v -0.698626339 1.04781604 -0.117397346
v -0.698626339 1.04781604 -0.117397346
v -0.698626339 1.03731096 -0.115478344
v -0.690626264 1.03731096 -0.114037342
v -0.689001322 1.04781604 -0.115662344
v -0.689001322 1.04781604 -0.115662344
v -0.690626264 1.03731096 -0.114037342
v -0.687313318 1.03731096 -0.106037341
v -0.685014307 1.04781604 -0.106037349
v -0.708802462 1.17092693 -0.114344433
v -0.705109298 1.18269432 -0.112520866
v -0.707795322 1.18269432 -0.106037118
v -0.713018477 1.17092693 -0.1060379
v -0.698626339 1.17092693 -0.116178244
v -0.698626339 1.18269432 -0.113689117
v -0.705109298 1.18269432 -0.112520866
v -0.708802462 1.17092693 -0.114344433
v -0.688450158 1.17092693 -0.114344433
v -0.692143321 1.18269432 -0.112520866
v -0.698626339 1.18269432 -0.113689117
v -0.698626339 1.17092693 -0.116178244
v -0.684234142 1.17092693 -0.1060379
v -0.689457297 1.18269432 -0.106037118
v -0.692143321 1.18269432 -0.112520866
v -0.688450158 1.17092693 -0.114344433
v -0.715383291 1.19382942 -0.100321367
v -0.698626339 1.18688846 -0.100322366
v -0.698626339 1.18069041 -0.106037363
v -0.698626339 1.19308937 -0.106037363
v -0.719766319 1.18944633 -0.106037363
v -0.710998297 1.19821441 -0.106037363
v -0.722324252 1.21058631 -0.100322366
v -0.728522301 1.21058631 -0.106037363
v -0.716123343 1.21058631 -0.106037363
v -0.715383291 1.22734344 -0.100321375
v -0.719766319 1.23172641 -0.106037378
v -0.710998297 1.22295833 -0.106037378
v -0.698626339 1.23428428 -0.100322381
v -0.698626339 1.24048233 -0.106037378
v -0.698626339 1.22808337 -0.106037378
v -0.681869328 1.22734344 -0.100321375
v -0.6774863 1.23172641 -0.106037378
v -0.686254323 1.22295833 -0.106037378
v -0.674928367 1.21058631 -0.100321367
v -0.668730319 1.21058631 -0.106037363
v -0.681129277 1.21058631 -0.106037363
v -0.681869328 1.19382942 -0.100321367
v -0.6774863 1.18944633 -0.106037363
v -0.686254323 1.19821441 -0.106037363
v -0.698626339 1.18688846 -0.100322366
v -0.698626339 1.18069041 -0.106037363
v -0.698626339 1.19308937 -0.106037363
v -0.698626339 1.18688846 -0.111752361
v -0.6774863 1.18944633 -0.106037363
v -0.686254323 1.19821441 -0.106037363
v -0.681869328 1.19382942 -0.111753367
v -0.668730319 1.21058631 -0.106037363
v -0.681129277 1.21058631 -0.106037363
v -0.674928367 1.21058631 -0.111753367
v -0.6774863 1.23172641 -0.106037378
v -0.686254323 1.22295833 -0.106037378
v -0.681869328 1.22734332 -0.111753374
v -0.698626339 1.24048233 -0.106037378
v -0.698626339 1.22808337 -0.106037378
v -0.698626339 1.23428428 -0.111752376
v -0.719766319 1.23172641 -0.106037378
v -0.710998297 1.22295833 -0.106037378
v -0.715383291 1.22734332 -0.111753374
v -0.728522301 1.21058631 -0.106037363
v -0.716123343 1.21058631 -0.106037363
v -0.722324252 1.21058631 -0.111752376
v -0.719766319 1.18944633 -0.106037363
v -0.710998297 1.19821441 -0.106037363
v -0.715383291 1.19382942 -0.111753367
v -0.698626339 1.18069041 -0.106037363
v -0.698626339 1.19308937 -0.106037363
v -0.698626339 1.18688846 -0.111752361
v -0.689457297 1.18269432 -0.106037118
v -0.698626339 1.18269432 -0.106036365
v -0.692143321 1.18269432 -0.112520866
v -0.692143321 1.18269432 -0.0995533615
v -0.698626339 1.18269432 -0.113689117
v -0.698626339 1.18269432 -0.0983853713
v -0.705109298 1.18269432 -0.112520866
v -0.705109298 1.18269432 -0.0995533615
v -0.707795322 1.18269432 -0.106037118
v -0.714393735 1.04683948 -0.106037349
v -0.709775984 1.04683948 -0.0963772684
v -0.698626339 1.04683948 -0.106037349
v -0.709775984 1.04683948 -0.115697421
v -0.698626339 1.04683948 -0.0946369916
v -0.698626339 1.04683948 -0.11743769
v -0.687476635 1.04683948 -0.0963772684
v -0.687476635 1.04683948 -0.115697421
v -0.682858884 1.04683948 -0.106037349
v -0.709775984 1.17210734 -0.0963765383
v -0.714393735 1.17210734 -0.106037363
v -0.698626339 1.17210734 -0.106037363
v -0.698626339 1.17210734 -0.0946362689
v -0.709775984 1.17210734 -0.115698181
v -0.687476635 1.17210734 -0.0963765383
v -0.698626339 1.17210734 -0.117438458
v -0.682858884 1.17210734 -0.106037363
v -0.687476635 1.17210734 -0.115698181
vt 0.0895996094 0.689453125
vt 0.0809936523 0.699707031
vt 0.0806884766 0.693359375
vt 0.0895996094 0.689453125
vt 0.0806884766 0.693359375
vt 0.0809936523 0.699707031
vt 0.0347900391 0.5703125
vt 0.036895752 0.575683594
vt 0.0117034912 0.575683594
vt 0.0117034912 0.600585938
vt 0.0117034912 0.575683594
vt 0.036895752 0.600585938
vt 0.0117034912 0.626464844
vt 0.0549926758 0.575683594
vt 0.0347900391 0.5703125
vt 0.036895752 0.626464844
vt 0.0117034912 0.631835938
vt 0.036895752 0.631835938
vt 0.0549926758 0.600585938
vt 0.0549926758 0.626464844
vt 0.0549926758 0.631835938
vt 0.07421875 0.575683594
vt 0.0347900391 0.5703125
vt 0.07421875 0.600585938
vt 0.07421875 0.626464844
vt 0.07421875 0.631835938
vt 0.0942993164 0.575683594
vt 0.0347900391 0.5703125
vt 0.0942993164 0.600585938
vt 0.0942993164 0.626464844
vt 0.0942993164 0.631835938
vt 0.11151123 0.575683594
vt 0.11151123 0.600585938
vt 0.126831055 0.575683594
vt 0.11151123 0.626464844
vt 0.11151123 0.631835938
vt 0.126831055 0.600585938
vt 0.145385742 0.575683594
vt 0.145385742 0.600585938
vt 0.126831055 0.626464844
vt 0.126831055 0.631835938
vt 0.145385742 0.626464844
vt 0.145385742 0.631835938
vt 0.114685059 0.570800781
vt 0.11151123 0.575683594
vt 0.114685059 0.570800781
vt 0.126831055 0.575683594
vt 0.114685059 0.570800781
vt 0.145385742 0.575683594
vt 0.713378906 0.884277344
vt 0.722167969 0.884277344
vt 0.722167969 0.867675781
vt 0.722167969 0.867675781
vt 0.713378906 0.867675781
vt 0.701171875 0.884277344
vt 0.701171875 0.884277344
vt 0.701171875 0.867675781
vt 0.692871094 0.867675781
vt 0.692871094 0.884277344
vt 0.701171875 0.884277344
vt 0.687988281 0.875488281
vt 0.720703125 0.908691406
vt 0.726074219 0.908691406
vt 0.726074219 0.892089844
vt 0.720703125 0.908691406
vt 0.726074219 0.892089844
vt 0.721679688 0.892089844
vt 0.711914062 0.908691406
vt 0.720703125 0.908691406
vt 0.711914062 0.892089844
vt 0.688476562 0.908691406
vt 0.686523438 0.892089844
vt 0.676269531 0.892089844
vt 0.677734375 0.908691406
vt 0.666503906 0.908691406
vt 0.666503906 0.892089844
vt 0.0347900391 0.5703125
vt 0.0117034912 0.575683594
vt 0.036895752 0.575683594
vt 0.0117034912 0.575683594
vt 0.0117034912 0.600585938
vt 0.036895752 0.600585938
vt 0.0117034912 0.626464844
vt 0.0549926758 0.575683594
vt 0.0347900391 0.5703125
vt 0.036895752 0.626464844
vt 0.0117034912 0.631835938
vt 0.036895752 0.631835938
vt 0.0549926758 0.600585938
vt 0.0549926758 0.626464844
vt 0.0549926758 0.631835938
vt 0.07421875 0.575683594
vt 0.0347900391 0.5703125
vt 0.07421875 0.600585938
vt 0.07421875 0.626464844
vt 0.07421875 0.631835938
vt 0.0942993164 0.575683594
vt 0.0347900391 0.5703125
vt 0.0942993164 0.600585938
vt 0.0942993164 0.626464844
vt 0.0942993164 0.631835938
vt 0.11151123 0.575683594
vt 0.11151123 0.600585938
vt 0.126831055 0.575683594
vt 0.11151123 0.626464844
vt 0.11151123 0.631835938
vt 0.126831055 0.600585938
vt 0.145385742 0.575683594
vt 0.145385742 0.600585938
vt 0.126831055 0.626464844
vt 0.126831055 0.631835938
vt 0.145385742 0.626464844
vt 0.145385742 0.631835938
vt 0.114685059 0.570800781
vt 0.11151123 0.575683594
vt 0.114685059 0.570800781
vt 0.126831055 0.575683594
vt 0.114685059 0.570800781
vt 0.145385742 0.575683594
vt 0.713378906 0.884277344
vt 0.722167969 0.867675781
vt 0.722167969 0.884277344
vt 0.713378906 0.867675781
vt 0.722167969 0.867675781
vt 0.701171875 0.884277344
vt 0.701171875 0.884277344
vt 0.701171875 0.867675781
vt 0.692871094 0.867675781
vt 0.701171875 0.884277344
vt 0.692871094 0.884277344
vt 0.687988281 0.875488281
vt 0.720703125 0.908691406
vt 0.721679688 0.892089844
vt 0.726074219 0.892089844
vt 0.711914062 0.908691406
vt 0.720703125 0.908691406
vt 0.711914062 0.892089844
vt 0.688476562 0.908691406
vt 0.686523438 0.892089844
vt 0.676269531 0.892089844
vt 0.677734375 0.908691406
vt 0.666503906 0.908691406
vt 0.666503906 0.892089844
vt 0.720703125 0.908691406
vt 0.726074219 0.892089844
vt 0.726074219 0.908691406
vt 0.991210938 0.635253906
vt 0.98046875 0.609375
vt 0.990722656 0.608886719
vt 0.972167969 0.636230469
vt 0.98046875 0.609375
vt 0.971679688 0.667480469
vt 0.991210938 0.667480469
vt 0.970214844 0.698242188
vt 0.991210938 0.698730469
vt 0.991210938 0.728027344
vt 0.948730469 0.696289062
vt 0.968261719 0.727539062
vt 0.991210938 0.75390625
vt 0.96875 0.75390625
vt 0.947265625 0.7265625
vt 0.927734375 0.725585938
vt 0.945800781 0.75390625
vt 0.926757812 0.75390625
vt 0.906738281 0.752929688
vt 0.899902344 0.768554688
vt 0.953125 0.666503906
vt 0.967285156 0.636230469
vt 0.969726562 0.610351562
vt 0.98046875 0.609375
vt 0.962402344 0.610839844
vt 0.956542969 0.637207031
vt 0.949707031 0.666503906
vt 0.950683594 0.637207031
vt 0.959960938 0.610839844
vt 0.953613281 0.611328125
vt 0.94140625 0.63671875
vt 0.942382812 0.611328125
vt 0.941894531 0.665527344
vt 0.927734375 0.636230469
vt 0.927246094 0.612304688
vt 0.927734375 0.664550781
vt 0.915527344 0.63671875
vt 0.927734375 0.694824219
vt 0.916503906 0.665039062
vt 0.91015625 0.6953125
vt 0.909179688 0.665039062
vt 0.910644531 0.725585938
vt 0.893066406 0.696289062
vt 0.893066406 0.727050781
vt 0.893066406 0.751464844
vt 0.907226562 0.635742188
vt 0.914550781 0.612792969
vt 0.904785156 0.611816406
vt 0.901855469 0.635742188
vt 0.906738281 0.665039062
vt 0.873535156 0.727539062
vt 0.873535156 0.751464844
vt 0.873535156 0.776367188
vt 0.873535156 0.697265625
vt 0.891113281 0.776367188
vt 0.899902344 0.776367188
vt 0.873535156 0.794921875
vt 0.899902344 0.797363281
vt 0.873535156 0.815429688
vt 0.899902344 0.815429688
vt 0.873535156 0.827636719
vt 0.899902344 0.827636719
vt 0.873535156 0.832519531
vt 0.883300781 0.848144531
vt 0.899902344 0.850097656
vt 0.901367188 0.855957031
vt 0.891113281 0.665527344
vt 0.873535156 0.666992188
vt 0.893554688 0.666015625
vt 0.893554688 0.634765625
vt 0.883300781 0.634765625
vt 0.873535156 0.635253906
vt 0.873535156 0.610839844
vt 0.881835938 0.610351562
vt 0.889160156 0.634765625
vt 0.895507812 0.609863281
vt 0.898925781 0.610839844
vt 0.890625 0.609863281
vt 0.898925781 0.604980469
vt 0.905273438 0.604980469
vt 0.881835938 0.610351562
vt 0.888671875 0.604980469
vt 0.881835938 0.604980469
vt 0.991210938 0.635253906
vt 0.990722656 0.608886719
vt 0.98046875 0.609375
vt 0.98046875 0.609375
vt 0.972167969 0.636230469
vt 0.971679688 0.667480469
vt 0.991210938 0.667480469
vt 0.970214844 0.698242188
vt 0.991210938 0.698730469
vt 0.991210938 0.728027344
vt 0.948730469 0.696289062
vt 0.968261719 0.727539062
vt 0.991210938 0.75390625
vt 0.96875 0.75390625
vt 0.947265625 0.7265625
vt 0.927734375 0.725585938
vt 0.945800781 0.75390625
vt 0.926757812 0.75390625
vt 0.906738281 0.752929688
vt 0.899902344 0.768554688
vt 0.953125 0.666503906
vt 0.967285156 0.636230469
vt 0.969726562 0.610351562
vt 0.98046875 0.609375
vt 0.962402344 0.610839844
vt 0.956542969 0.637207031
vt 0.949707031 0.666503906
vt 0.950683594 0.637207031
vt 0.959960938 0.610839844
vt 0.953613281 0.611328125
vt 0.94140625 0.63671875
vt 0.942382812 0.611816406
vt 0.941894531 0.665527344
vt 0.927734375 0.636230469
vt 0.927246094 0.612304688
vt 0.927734375 0.664550781
vt 0.915527344 0.63671875
vt 0.927734375 0.694824219
vt 0.916503906 0.665039062
vt 0.91015625 0.6953125
vt 0.909179688 0.665039062
vt 0.910644531 0.725585938
vt 0.893066406 0.696289062
vt 0.893066406 0.727050781
vt 0.893066406 0.751464844
vt 0.907226562 0.635742188
vt 0.914550781 0.612792969
vt 0.904785156 0.611816406
vt 0.901855469 0.635742188
vt 0.906738281 0.665039062
vt 0.873535156 0.727539062
vt 0.873535156 0.751464844
vt 0.873535156 0.776367188
vt 0.873535156 0.697265625
vt 0.891113281 0.776367188
vt 0.899902344 0.776367188
vt 0.873535156 0.794921875
vt 0.899902344 0.797363281
vt 0.873535156 0.815429688
vt 0.899902344 0.815429688
vt 0.873535156 0.827636719
vt 0.899902344 0.827636719
vt 0.873535156 0.832519531
vt 0.883300781 0.848144531
vt 0.899902344 0.850097656
vt 0.901367188 0.855957031
vt 0.891113281 0.665527344
vt 0.873535156 0.666992188
vt 0.893554688 0.666015625
vt 0.893554688 0.634765625
vt 0.883300781 0.634765625
vt 0.873535156 0.635253906
vt 0.873535156 0.610839844
vt 0.881835938 0.610351562
vt 0.889160156 0.634765625
vt 0.895507812 0.610351562
vt 0.898925781 0.611328125
vt 0.890625 0.609863281
vt 0.898925781 0.604980469
vt 0.905273438 0.604980469
vt 0.888671875 0.604980469
vt 0.881835938 0.610351562
vt 0.881835938 0.604980469
vt 0.255615234 0.870605469
vt 0.258544922 0.86328125
vt 0.257080078 0.856445312
vt 0.256347656 0.890625
vt 0.2578125 0.891601562
vt 0.258300781 0.891113281
vt 0.831054688 0.639160156
vt 0.833007812 0.637695312
vt 0.83203125 0.637207031
vt 0.831054688 0.646972656
vt 0.835449219 0.643066406
vt 0.833496094 0.638183594
vt 0.837890625 0.641601562
vt 0.8359375 0.642578125
vt 0.840820312 0.642578125
vt 0.833496094 0.649902344
vt 0.835449219 0.648925781
vt 0.834472656 0.646972656
vt 0.835449219 0.648925781
vt 0.838867188 0.651367188
vt 0.834472656 0.646972656
vt 0.8359375 0.642578125
vt 0.837890625 0.641601562
vt 0.836914062 0.640136719
vt 0.352539062 0.953613281
vt 0.348632812 0.931152344
vt 0.35546875 0.937988281
vt 0.288574219 0.947265625
vt 0.291503906 0.926269531
vt 0.291748047 0.956542969
vt 0.828613281 0.639160156
vt 0.829589844 0.634277344
vt 0.826171875 0.638183594
vt 0.835449219 0.645507812
vt 0.835449219 0.643066406
vt 0.831054688 0.646972656
vt 0.825683594 0.643554688
vt 0.822265625 0.646484375
vt 0.825683594 0.646484375
vt 0.835449219 0.645507812
vt 0.837890625 0.644042969
vt 0.835449219 0.643066406
vt 0.291503906 0.926269531
vt 0.296875 0.925292969
vt 0.291748047 0.956542969
vt 0.331054688 0.933105469
vt 0.339599609 0.926757812
vt 0.337158203 0.955566406
vt 0.828125 0.630371094
vt 0.82421875 0.629394531
vt 0.823730469 0.632324219
vt 0.831054688 0.63671875
vt 0.832519531 0.634765625
vt 0.830566406 0.635742188
vt 0.216308594 0.828613281
vt 0.218017578 0.829589844
vt 0.219116211 0.826171875
vt 0.216308594 0.828613281
vt 0.219116211 0.826171875
vt 0.218017578 0.829589844
vt 0.266845703 0.860351562
vt 0.265625 0.857910156
vt 0.264648438 0.854980469
vt 0.264648438 0.854980469
vt 0.265625 0.857910156
vt 0.266845703 0.860351562
vt 0.334960938 0.653320312
vt 0.317871094 0.625488281
vt 0.349365234 0.634277344
vt 0.358642578 0.599121094
vt 0.349365234 0.634277344
vt 0.333496094 0.59765625
vt 0.333496094 0.59765625
vt 0.349365234 0.634277344
vt 0.313720703 0.608398438
vt 0.316894531 0.675292969
vt 0.338867188 0.701660156
vt 0.333251953 0.674804688
vt 0.490478516 0.676269531
vt 0.467285156 0.650878906
vt 0.471191406 0.639160156
vt 0.490478516 0.676269531
vt 0.461181641 0.663085938
vt 0.482177734 0.690917969
vt 0.461181641 0.706542969
vt 0.528808594 0.502441406
vt 0.537597656 0.512207031
vt 0.540527344 0.495849609
vt 0.526855469 0.476074219
vt 0.514160156 0.490722656
vt 0.540527344 0.495849609
vt 0.539550781 0.483154297
vt 0.728515625 0.709472656
vt 0.721191406 0.72265625
vt 0.712890625 0.713378906
vt 0.721191406 0.72265625
vt 0.702636719 0.71875
vt 0.715332031 0.73828125
vt 0.721191406 0.72265625
vt 0.73046875 0.75
vt 0.715332031 0.73828125
vt 0.721191406 0.72265625
vt 0.729003906 0.724121094
vt 0.728515625 0.709472656
vt 0.305175781 0.551757812
vt 0.314697266 0.532226562
vt 0.318115234 0.547363281
vt 0.574707031 0.677246094
vt 0.561035156 0.721679688
vt 0.562011719 0.698242188
vt 0.81640625 0.619140625
vt 0.821777344 0.617675781
vt 0.8203125 0.614257812
vt 0.583496094 0.704101562
vt 0.561035156 0.721679688
vt 0.574707031 0.677246094
vt 0.449707031 0.585449219
vt 0.434082031 0.618652344
vt 0.422119141 0.589355469
vt 0.422119141 0.589355469
vt 0.434082031 0.618652344
vt 0.398681641 0.602050781
vt 0.374267578 0.618652344
vt 0.398925781 0.628417969
vt 0.411865234 0.671875
vt 0.47265625 0.83984375
vt 0.449462891 0.818359375
vt 0.468261719 0.812988281
vt 0.486816406 0.803222656
vt 0.47265625 0.83984375
vt 0.449462891 0.818359375
vt 0.47265625 0.83984375
vt 0.437255859 0.83203125
vt 0.486816406 0.803222656
vt 0.500488281 0.818359375
vt 0.47265625 0.83984375
vt 0.585449219 0.661132812
vt 0.559082031 0.679199219
vt 0.574707031 0.648925781
vt 0.5078125 0.801269531
vt 0.543457031 0.803222656
vt 0.538085938 0.831054688
vt 0.500488281 0.818359375
vt 0.5078125 0.801269531
vt 0.538085938 0.831054688
vt 0.574707031 0.648925781
vt 0.559082031 0.679199219
vt 0.559570312 0.6484375
vt 0.508300781 0.842773438
vt 0.47265625 0.83984375
vt 0.500488281 0.818359375
vt 0.538085938 0.831054688
vt 0.508300781 0.842773438
vt 0.500488281 0.818359375
vt 0.414306641 0.739746094
vt 0.437744141 0.74609375
vt 0.43359375 0.73046875
vt 0.452880859 0.767578125
vt 0.458251953 0.755371094
vt 0.437744141 0.74609375
vt 0.350341797 0.75390625
vt 0.366943359 0.770507812
vt 0.376708984 0.75
vt 0.366943359 0.770507812
vt 0.409179688 0.772949219
vt 0.403564453 0.759277344
vt 0.376708984 0.75
vt 0.366943359 0.770507812
vt 0.403564453 0.759277344
vt 0.360107422 0.727050781
vt 0.369384766 0.711914062
vt 0.355957031 0.715820312
vt 0.351806641 0.735839844
vt 0.326416016 0.714355469
vt 0.360107422 0.727050781
vt 0.177246094 0.576660156
vt 0.220336914 0.584472656
vt 0.19909668 0.576171875
vt 0.412597656 0.631347656
vt 0.411865234 0.671875
vt 0.398925781 0.628417969
vt 0.859863281 0.613769531
vt 0.845703125 0.620117188
vt 0.857910156 0.626953125
vt 0.834472656 0.623046875
vt 0.849121094 0.627929688
vt 0.834960938 0.615234375
vt 0.256835938 0.529296875
vt 0.231079102 0.521484375
vt 0.231811523 0.502929688
vt 0.231811523 0.502929688
vt 0.275878906 0.544433594
vt 0.260986328 0.628417969
vt 0.288818359 0.633789062
vt 0.271484375 0.649902344
vt 0.260986328 0.628417969
vt 0.251220703 0.606445312
vt 0.262207031 0.594238281
vt 0.300537109 0.607421875
vt 0.288818359 0.633789062
vt 0.260986328 0.628417969
vt 0.305175781 0.551757812
vt 0.298095703 0.505859375
vt 0.314697266 0.532226562
vt 0.331298828 0.522460938
vt 0.314697266 0.532226562
vt 0.298095703 0.505859375
vt 0.414550781 0.846191406
vt 0.385253906 0.828613281
vt 0.380859375 0.847167969
vt 0.414550781 0.846191406
vt 0.380859375 0.847167969
vt 0.390136719 0.870117188
vt 0.316650391 0.659179688
vt 0.296875 0.652832031
vt 0.31640625 0.645507812
vt 0.296875 0.652832031
vt 0.317871094 0.625488281
vt 0.31640625 0.645507812
vt 0.300537109 0.607421875
vt 0.296875 0.652832031
vt 0.288818359 0.633789062
vt 0.317871094 0.625488281
vt 0.296875 0.652832031
vt 0.313720703 0.608398438
vt 0.349365234 0.634277344
vt 0.852050781 0.63671875
vt 0.84375 0.633300781
vt 0.849121094 0.64453125
vt 0.624023438 0.652832031
vt 0.586425781 0.640136719
vt 0.607910156 0.629882812
vt 0.624023438 0.652832031
vt 0.592773438 0.678222656
vt 0.585449219 0.661132812
vt 0.607910156 0.629882812
vt 0.618164062 0.61328125
vt 0.624023438 0.652832031
vt 0.515136719 0.528808594
vt 0.480712891 0.536132812
vt 0.495849609 0.507324219
vt 0.495849609 0.507324219
vt 0.480712891 0.536132812
vt 0.443603516 0.509277344
vt 0.546386719 0.595214844
vt 0.583007812 0.603515625
vt 0.549804688 0.611328125
vt 0.549804688 0.611328125
vt 0.583007812 0.603515625
vt 0.547851562 0.633300781
vt 0.516113281 0.569824219
vt 0.520996094 0.539550781
vt 0.522460938 0.560058594
vt 0.516113281 0.569824219
vt 0.525878906 0.58203125
vt 0.265136719 0.685058594
vt 0.280761719 0.706542969
vt 0.253417969 0.714355469
vt 0.265136719 0.685058594
vt 0.283203125 0.694335938
vt 0.299560547 0.708007812
vt 0.227050781 0.690917969
vt 0.253417969 0.714355469
vt 0.229492188 0.721679688
vt 0.227050781 0.690917969
vt 0.265136719 0.685058594
vt 0.253417969 0.714355469
vt 0.826660156 0.626464844
vt 0.824707031 0.622070312
vt 0.821777344 0.626953125
vt 0.744140625 0.5859375
vt 0.745605469 0.58203125
vt 0.745605469 0.58984375
vt 0.745605469 0.58203125
vt 0.747070312 0.583984375
vt 0.745605469 0.58203125
vt 0.749023438 0.5859375
vt 0.755371094 0.583984375
vt 0.745605469 0.58203125
vt 0.751953125 0.576171875
vt 0.763671875 0.582519531
vt 0.762695312 0.575195312
vt 0.743652344 0.573730469
vt 0.759765625 0.56640625
vt 0.745117188 0.56640625
vt 0.751953125 0.56640625
vt 0.752441406 0.552734375
vt 0.755371094 0.553222656
vt 0.754882812 0.549804688
vt 0.759765625 0.555175781
vt 0.76171875 0.546386719
vt 0.744628906 0.567382812
vt 0.745117188 0.56640625
vt 0.745117188 0.56640625
vt 0.739746094 0.5703125
vt 0.745117188 0.56640625
vt 0.741210938 0.563964844
vt 0.744140625 0.576171875
vt 0.743652344 0.573730469
vt 0.745605469 0.58203125
vt 0.743652344 0.573730469
vt 0.744140625 0.576171875
vt 0.73828125 0.575195312
vt 0.580566406 0.762207031
vt 0.570800781 0.784179688
vt 0.572753906 0.791503906
vt 0.592285156 0.798339844
vt 0.580566406 0.762207031
vt 0.564453125 0.801269531
vt 0.562988281 0.775878906
vt 0.557128906 0.802734375
vt 0.553710938 0.837890625
vt 0.584960938 0.820800781
vt 0.602050781 0.846679688
vt 0.614257812 0.8046875
vt 0.645019531 0.807617188
vt 0.644042969 0.842773438
vt 0.625 0.765625
vt 0.64453125 0.765625
vt 0.63671875 0.720214844
vt 0.645507812 0.721679688
vt 0.645507812 0.698730469
vt 0.626464844 0.717285156
vt 0.603027344 0.7578125
vt 0.594726562 0.759765625
vt 0.583496094 0.770019531
vt 0.588378906 0.756835938
vt 0.597167969 0.7421875
vt 0.62109375 0.715820312
vt 0.600585938 0.745605469
vt 0.626953125 0.705078125
vt 0.616210938 0.713378906
vt 0.725585938 0.819335938
vt 0.723632812 0.782226562
vt 0.708984375 0.842285156
vt 0.81640625 0.620117188
vt 0.812011719 0.623535156
vt 0.816894531 0.622070312
vt 0.822753906 0.622070312
vt 0.821289062 0.620605469
vt 0.820800781 0.624511719
vt 0.804199219 0.643066406
vt 0.804199219 0.62890625
vt 0.797363281 0.623046875
vt 0.775390625 0.573242188
vt 0.776855469 0.576171875
vt 0.775390625 0.571289062
vt 0.781738281 0.571777344
vt 0.775390625 0.571289062
vt 0.774902344 0.564453125
vt 0.773925781 0.565429688
vt 0.76953125 0.561035156
vt 0.780273438 0.563964844
vt 0.778320312 0.553222656
vt 0.780761719 0.553222656
vt 0.779785156 0.550292969
vt 0.785644531 0.5625
vt 0.784667969 0.554199219
vt 0.78515625 0.546875
vt 0.789550781 0.569335938
vt 0.79296875 0.576171875
vt 0.78515625 0.577636719
vt 0.779296875 0.578613281
vt 0.7734375 0.577636719
vt 0.775390625 0.571289062
vt 0.770507812 0.572753906
vt 0.775390625 0.573242188
vt 0.8203125 0.629394531
vt 0.8203125 0.628417969
vt 0.818847656 0.629394531
vt 0.394287109 0.532226562
vt 0.424804688 0.553710938
vt 0.390625 0.518066406
vt 0.747070312 0.583984375
vt 0.749023438 0.5859375
vt 0.748535156 0.591796875
vt 0.374267578 0.618652344
vt 0.411865234 0.671875
vt 0.361572266 0.653808594
vt 0.411865234 0.671875
vt 0.372558594 0.6796875
vt 0.361572266 0.653808594
vt 0.403564453 0.759277344
vt 0.369873047 0.729003906
vt 0.376708984 0.75
vt 0.437744141 0.74609375
vt 0.414306641 0.739746094
vt 0.405761719 0.731445312
vt 0.427734375 0.7265625
vt 0.425537109 0.711914062
vt 0.446289062 0.71484375
vt 0.430419922 0.70703125
vt 0.415527344 0.696289062
vt 0.417724609 0.716308594
vt 0.379638672 0.720703125
vt 0.376220703 0.725585938
vt 0.369873047 0.729003906
vt 0.369384766 0.711914062
vt 0.414550781 0.846191406
vt 0.395263672 0.813964844
vt 0.385253906 0.828613281
vt 0.804199219 0.62890625
vt 0.802734375 0.6171875
vt 0.797363281 0.623046875
vt 0.439941406 0.864257812
vt 0.462890625 0.850097656
vt 0.446533203 0.856445312
vt 0.345458984 0.510253906
vt 0.347412109 0.553710938
vt 0.339111328 0.53125
vt 0.425048828 0.838867188
vt 0.439941406 0.864257812
vt 0.446533203 0.856445312
vt 0.231079102 0.521484375
vt 0.256835938 0.529296875
vt 0.238037109 0.543945312
vt 0.511230469 0.639648438
vt 0.529785156 0.618652344
vt 0.507324219 0.653320312
vt 0.231811523 0.502929688
vt 0.298095703 0.505859375
vt 0.275878906 0.544433594
vt 0.959960938 0.610839844
vt 0.962402344 0.610839844
vt 0.956542969 0.637207031
vt 0.962402344 0.610839844
vt 0.967285156 0.636230469
vt 0.962402344 0.610839844
vt 0.959960938 0.610839844
vt 0.956542969 0.637207031
vt 0.962402344 0.610839844
vt 0.967285156 0.636230469
vt 0.504394531 0.900390625
vt 0.556152344 0.889160156
vt 0.504394531 0.889160156
vt 0.540039062 0.900390625
vt 0.556152344 0.904296875
vt 0.540527344 0.904296875
vt 0.54296875 0.885742188
vt 0.54296875 0.871582031
vt 0.536132812 0.871582031
vt 0.536132812 0.885742188
vt 0.560058594 0.885742188
vt 0.560058594 0.871582031
vt 0.557617188 0.871582031
vt 0.557617188 0.885742188
vt 0.557617188 0.871582031
vt 0.54296875 0.871582031
vt 0.54296875 0.885742188
vt 0.557617188 0.885742188
vt 0.501953125 0.885742188
vt 0.515136719 0.885742188
vt 0.515136719 0.871582031
vt 0.501953125 0.871582031
vt 0.520507812 0.885742188
vt 0.536132812 0.885742188
vt 0.536132812 0.871582031
vt 0.520507812 0.871582031
vt 0.515136719 0.885742188
vt 0.520507812 0.885742188
vt 0.520507812 0.871582031
vt 0.515136719 0.871582031
vt 0.540039062 0.900390625
vt 0.504394531 0.900390625
vt 0.504394531 0.889160156
vt 0.556152344 0.889160156
vt 0.556152344 0.904296875
vt 0.540527344 0.904296875
vt 0.924316406 0.877441406
vt 0.936035156 0.867675781
vt 0.936035156 0.877441406
vt 0.924316406 0.8671875
vt 0.936035156 0.855957031
vt 0.923339844 0.855957031
vt 0.912597656 0.877441406
vt 0.912597656 0.855957031
vt 0.912597656 0.865234375
vt 0.899902344 0.877441406
vt 0.901367188 0.855957031
vt 0.899414062 0.865234375
vt 0.885742188 0.877441406
vt 0.883300781 0.848144531
vt 0.884277344 0.860839844
vt 0.873535156 0.877441406
vt 0.873535156 0.857910156
vt 0.873535156 0.839355469
vt 0.873535156 0.832519531
vt 0.924316406 0.877441406
vt 0.936035156 0.877441406
vt 0.936035156 0.867675781
vt 0.924316406 0.8671875
vt 0.936035156 0.855957031
vt 0.923339844 0.855957031
vt 0.912597656 0.877441406
vt 0.912597656 0.855957031
vt 0.912597656 0.865234375
vt 0.899902344 0.877441406
vt 0.901367188 0.855957031
vt 0.899414062 0.865234375
vt 0.885742188 0.877441406
vt 0.883300781 0.848144531
vt 0.884277344 0.860839844
vt 0.873535156 0.877441406
vt 0.873535156 0.857910156
vt 0.873535156 0.839355469
vt 0.873535156 0.832519531
vt 0.623046875 0.990722656
vt 0.62890625 0.981445312
vt 0.62890625 0.990722656
vt 0.623046875 0.981445312
vt 0.617675781 0.990722656
vt 0.617675781 0.981445312
vt 0.611816406 0.990722656
vt 0.611816406 0.981445312
vt 0.60546875 0.990722656
vt 0.60546875 0.981445312
vt 0.599609375 0.990722656
vt 0.599609375 0.981445312
vt 0.592285156 0.990722656
vt 0.599609375 0.981445312
vt 0.599609375 0.990722656
vt 0.592285156 0.981445312
vt 0.585449219 0.981445312
vt 0.585449219 0.990722656
vt 0.583007812 0.990722656
vt 0.583007812 0.981445312
vt 0.581542969 0.981445312
vt 0.583007812 0.981445312
vt 0.583007812 0.990722656
vt 0.581542969 0.990722656
vt 0.576171875 0.981445312
vt 0.576171875 0.990722656
vt 0.567871094 0.981445312
vt 0.567871094 0.990722656
vt 0.560058594 0.981445312
vt 0.560058594 0.990722656
vt 0.549804688 0.981445312
vt 0.549804688 0.990722656
vt 0.539550781 0.981445312
vt 0.539550781 0.990722656
vt 0.526855469 0.981445312
vt 0.526855469 0.990722656
vt 0.513671875 0.981445312
vt 0.513671875 0.990722656
vt 0.500976562 0.981445312
vt 0.500976562 0.990722656
vt 0.488525391 0.981445312
vt 0.488525391 0.990722656
vt 0.623046875 0.990722656
vt 0.62890625 0.990722656
vt 0.62890625 0.981445312
vt 0.623046875 0.981445312
vt 0.617675781 0.990722656
vt 0.617675781 0.981445312
vt 0.611816406 0.990722656
vt 0.611816406 0.981445312
vt 0.60546875 0.990722656
vt 0.60546875 0.981445312
vt 0.599609375 0.990722656
vt 0.599609375 0.981445312
vt 0.592285156 0.990722656
vt 0.599609375 0.990722656
vt 0.599609375 0.981445312
vt 0.592285156 0.981445312
vt 0.585449219 0.981445312
vt 0.585449219 0.990722656
vt 0.583007812 0.990722656
vt 0.583007812 0.981445312
vt 0.581542969 0.981445312
vt 0.583007812 0.990722656
vt 0.583007812 0.981445312
vt 0.581542969 0.990722656
vt 0.576171875 0.981445312
vt 0.576171875 0.990722656
vt 0.567871094 0.981445312
vt 0.567871094 0.990722656
vt 0.560058594 0.981445312
vt 0.560058594 0.990722656
vt 0.549804688 0.981445312
vt 0.549804688 0.990722656
vt 0.539550781 0.981445312
vt 0.539550781 0.990722656
vt 0.526855469 0.981445312
vt 0.526855469 0.990722656
vt 0.513671875 0.981445312
vt 0.513671875 0.990722656
vt 0.500976562 0.981445312
vt 0.500976562 0.990722656
vt 0.500976562 0.981445312
vt 0.488525391 0.981445312
vt 0.488525391 0.990722656
vt 0.529296875 0.343505859
vt 0.534667969 0.343994141
vt 0.534667969 0.303955078
vt 0.529296875 0.304443359
vt 0.524902344 0.343261719
vt 0.524902344 0.3046875
vt 0.524902344 0.275146484
vt 0.529296875 0.274902344
vt 0.534667969 0.274169922
vt 0.528808594 0.267822266
vt 0.522460938 0.269775391
vt 0.537109375 0.269287109
vt 0.529296875 0.274902344
vt 0.544921875 0.264892578
vt 0.515625 0.264892578
vt 0.544921875 0.254394531
vt 0.515625 0.254394531
vt 0.556640625 0.275878906
vt 0.555175781 0.275390625
vt 0.556640625 0.277587891
vt 0.552246094 0.277832031
vt 0.553710938 0.275634766
vt 0.552246094 0.275878906
vt 0.553710938 0.274658203
vt 0.555175781 0.274414062
vt 0.553710938 0.26953125
vt 0.555175781 0.269287109
vt 0.555175781 0.262695312
vt 0.553710938 0.262695312
vt 0.553710938 0.257568359
vt 0.555175781 0.257568359
vt 0.553710938 0.256591797
vt 0.555175781 0.256591797
vt 0.556640625 0.254394531
vt 0.556640625 0.256103516
vt 0.552246094 0.254394531
vt 0.552246094 0.256103516
vt 0.534179688 0.274414062
vt 0.534179688 0.304443359
vt 0.529296875 0.3046875
vt 0.529296875 0.275146484
vt 0.524414062 0.304931641
vt 0.536621094 0.26953125
vt 0.528320312 0.268310547
vt 0.524414062 0.275634766
vt 0.544433594 0.264892578
vt 0.521972656 0.270263672
vt 0.544433594 0.254882812
vt 0.515136719 0.265380859
vt 0.515136719 0.254882812
vt 0.888671875 0.582519531
vt 0.806640625 0.548339844
vt 0.806640625 0.586914062
vt 0.888671875 0.552734375
vt 0.888671875 0.460693359
vt 0.787597656 0.456298828
vt 0.787597656 0.389892578
vt 0.970703125 0.548339844
vt 0.970703125 0.586914062
vt 0.989257812 0.456298828
vt 0.989257812 0.389892578
vt 0.888671875 0.390136719
vt 0.888671875 0.311035156
vt 0.787597656 0.311523438
vt 0.989257812 0.311523438
vt 0.787597656 0.22253418
vt 0.989257812 0.22253418
vt 0.888671875 0.220458984
vt 0.787597656 0.11529541
vt 0.989257812 0.11529541
vt 0.888671875 0.113586426
vt 0.888671875 0.0136032104
vt 0.787597656 0.0136032104
vt 0.989257812 0.0136032104
vt 0.595703125 0.58984375
vt 0.563964844 0.58984375
vt 0.563964844 0.573730469
vt 0.594726562 0.573730469
vt 0.625976562 0.58984375
vt 0.563964844 0.559082031
vt 0.625976562 0.571777344
vt 0.657226562 0.58984375
vt 0.659667969 0.567871094
vt 0.690917969 0.58984375
vt 0.6640625 0.548339844
vt 0.624511719 0.557617188
vt 0.696289062 0.562011719
vt 0.708496094 0.547363281
vt 0.721191406 0.58984375
vt 0.723144531 0.560546875
vt 0.755859375 0.529296875
vt 0.775390625 0.518066406
vt 0.594726562 0.559082031
vt 0.596191406 0.55078125
vt 0.563964844 0.550292969
vt 0.563964844 0.540039062
vt 0.597167969 0.541992188
vt 0.625488281 0.55078125
vt 0.626464844 0.545410156
vt 0.624023438 0.519042969
vt 0.59375 0.52734375
vt 0.604003906 0.490478516
vt 0.631347656 0.486816406
vt 0.603515625 0.464111328
vt 0.638183594 0.510253906
vt 0.640136719 0.53125
vt 0.6484375 0.519042969
vt 0.66015625 0.53515625
vt 0.661132812 0.522949219
vt 0.691894531 0.527832031
vt 0.686035156 0.519042969
vt 0.635742188 0.461914062
vt 0.641601562 0.465820312
vt 0.668457031 0.461914062
vt 0.716796875 0.508789062
vt 0.704589844 0.50390625
vt 0.740234375 0.517089844
vt 0.636230469 0.435302734
vt 0.602539062 0.432861328
vt 0.604003906 0.397216797
vt 0.669433594 0.456298828
vt 0.638183594 0.398681641
vt 0.603027344 0.354492188
vt 0.767089844 0.518554688
vt 0.76953125 0.509277344
vt 0.775390625 0.509277344
vt 0.749511719 0.479980469
vt 0.766601562 0.481933594
vt 0.775390625 0.482421875
vt 0.775390625 0.443115234
vt 0.749511719 0.440917969
vt 0.775390625 0.407714844
vt 0.763671875 0.482177734
vt 0.726074219 0.475830078
vt 0.704589844 0.472900391
vt 0.696777344 0.477783203
vt 0.7265625 0.439453125
vt 0.705566406 0.437988281
vt 0.749023438 0.405273438
vt 0.775390625 0.362548828
vt 0.744140625 0.361083984
vt 0.775390625 0.318115234
vt 0.731445312 0.403564453
vt 0.727050781 0.404296875
vt 0.70703125 0.357421875
vt 0.741210938 0.316650391
vt 0.705078125 0.402099609
vt 0.671875 0.436279297
vt 0.673828125 0.399414062
vt 0.740722656 0.256835938
vt 0.775390625 0.256835938
vt 0.70703125 0.314453125
vt 0.709472656 0.256835938
vt 0.679199219 0.312011719
vt 0.676757812 0.256835938
vt 0.638671875 0.256835938
vt 0.638671875 0.356201172
vt 0.672851562 0.357666016
vt 0.638183594 0.314208984
vt 0.602050781 0.314453125
vt 0.600097656 0.256835938
vt 0.566894531 0.313720703
vt 0.566894531 0.256835938
vt 0.671386719 0.314208984
vt 0.69921875 0.359863281
vt 0.7734375 0.0919189453
vt 0.750976562 0.0130004883
vt 0.7734375 0.0130004883
vt 0.748046875 0.0911865234
vt 0.7734375 0.174804688
vt 0.732421875 0.0130004883
vt 0.727539062 0.171508789
vt 0.7734375 0.244628906
vt 0.722167969 0.244628906
vt 0.73046875 0.0905151367
vt 0.71875 0.0911865234
vt 0.71875 0.0130004883
vt 0.705566406 0.0130004883
vt 0.71875 0.17175293
vt 0.687988281 0.170043945
vt 0.67578125 0.244628906
vt 0.69921875 0.0932006836
vt 0.680175781 0.169311523
vt 0.685546875 0.0933227539
vt 0.688964844 0.0130004883
vt 0.664550781 0.0130004883
vt 0.659179688 0.169555664
vt 0.627929688 0.244628906
vt 0.662597656 0.0953979492
vt 0.627929688 0.168457031
vt 0.62890625 0.0946044922
vt 0.630859375 0.0130004883
vt 0.593261719 0.0130004883
vt 0.590332031 0.170654297
vt 0.571289062 0.244628906
vt 0.591308594 0.0950927734
vt 0.563964844 0.0961303711
vt 0.564941406 0.0130004883
vt 0.566894531 0.172363281
vt 0.549316406 0.0952758789
vt 0.545898438 0.0130004883
vt 0.537109375 0.0130004883
vt 0.558105469 0.17175293
vt 0.524902344 0.0936279297
vt 0.515136719 0.0130004883
vt 0.51171875 0.173583984
vt 0.514648438 0.244628906
vt 0.510742188 0.0930175781
vt 0.459228516 0.0905151367
vt 0.486816406 0.0130004883
vt 0.459228516 0.0130004883
vt 0.431640625 0.0130004883
vt 0.459228516 0.173339844
vt 0.459228516 0.244628906
vt 0.403808594 0.244628906
vt 0.406738281 0.173583984
vt 0.347412109 0.244628906
vt 0.407958984 0.0930175781
vt 0.403320312 0.0130004883
vt 0.393798828 0.0936279297
vt 0.381103516 0.0130004883
vt 0.360351562 0.17175293
vt 0.369384766 0.0952758789
vt 0.372558594 0.0130004883
vt 0.353759766 0.0130004883
vt 0.351806641 0.172363281
vt 0.354492188 0.0961303711
vt 0.325195312 0.0130004883
vt 0.328613281 0.170654297
vt 0.290283203 0.244628906
vt 0.327392578 0.0950927734
vt 0.290283203 0.168457031
vt 0.289550781 0.0946044922
vt 0.287841797 0.0130004883
vt 0.254150391 0.0130004883
vt 0.259521484 0.169555664
vt 0.242553711 0.244628906
vt 0.256103516 0.0953979492
vt 0.238525391 0.169311523
vt 0.233032227 0.0933227539
vt 0.229370117 0.0130004883
vt 0.213012695 0.0130004883
vt 0.23034668 0.170043945
vt 0.196411133 0.244628906
vt 0.219238281 0.0932006836
vt 0.199951172 0.0911865234
vt 0.199951172 0.0130004883
vt 0.186035156 0.0130004883
vt 0.199584961 0.17175293
vt 0.191162109 0.171508789
vt 0.145141602 0.244628906
vt 0.145141602 0.174804688
vt 0.188110352 0.0905151367
vt 0.170288086 0.0911865234
vt 0.145141602 0.0919189453
vt 0.167358398 0.0130004883
vt 0.145141602 0.0130004883
vt 0.56640625 0.328369141
vt 0.58984375 0.328369141
vt 0.58984375 0.344970703
vt 0.566894531 0.350585938
vt 0.58984375 0.352294922
vt 0.58984375 0.361572266
vt 0.5625 0.351074219
vt 0.561523438 0.328369141
vt 0.560546875 0.328369141
vt 0.557128906 0.350830078
vt 0.56640625 0.363769531
vt 0.58984375 0.369873047
vt 0.551269531 0.368896484
vt 0.563476562 0.372802734
vt 0.58984375 0.380126953
vt 0.557128906 0.393066406
vt 0.58984375 0.391601562
vt 0.58984375 0.403808594
vt 0.541992188 0.368408203
vt 0.537597656 0.364990234
vt 0.516113281 0.385253906
vt 0.5546875 0.412353516
vt 0.58984375 0.41015625
vt 0.538574219 0.390869141
vt 0.522949219 0.388671875
vt 0.509277344 0.402099609
vt 0.556640625 0.418945312
vt 0.58984375 0.419189453
vt 0.58984375 0.424804688
vt 0.516601562 0.403564453
vt 0.533691406 0.414794922
vt 0.516113281 0.416015625
vt 0.509277344 0.416992188
vt 0.522460938 0.437011719
vt 0.517089844 0.439208984
vt 0.558105469 0.436767578
vt 0.58984375 0.435546875
vt 0.58984375 0.444824219
vt 0.561035156 0.451904297
vt 0.58984375 0.454833984
vt 0.58984375 0.465087891
vt 0.537597656 0.436279297
vt 0.534667969 0.452392578
vt 0.530761719 0.455078125
vt 0.552734375 0.468505859
vt 0.545898438 0.451416016
vt 0.556640625 0.469238281
vt 0.5625 0.493408203
vt 0.563964844 0.493408203
vt 0.564941406 0.470214844
vt 0.58984375 0.4765625
vt 0.568359375 0.493408203
vt 0.58984375 0.493408203
vt 0.595703125 0.58984375
vt 0.563964844 0.573730469
vt 0.563964844 0.58984375
vt 0.594726562 0.573730469
vt 0.625976562 0.58984375
vt 0.563964844 0.559082031
vt 0.625976562 0.571777344
vt 0.657226562 0.58984375
vt 0.659667969 0.567871094
vt 0.690917969 0.58984375
vt 0.6640625 0.548339844
vt 0.624511719 0.557617188
vt 0.696289062 0.562011719
vt 0.708496094 0.547363281
vt 0.721191406 0.58984375
vt 0.723144531 0.560546875
vt 0.755859375 0.529296875
vt 0.775390625 0.518066406
vt 0.594726562 0.559082031
vt 0.596191406 0.55078125
vt 0.563964844 0.550292969
vt 0.563964844 0.540039062
vt 0.597167969 0.541992188
vt 0.625488281 0.55078125
vt 0.626464844 0.544921875
vt 0.624023438 0.519042969
vt 0.59375 0.52734375
vt 0.604003906 0.490478516
vt 0.631347656 0.486816406
vt 0.603515625 0.464111328
vt 0.638183594 0.510253906
vt 0.640136719 0.53125
vt 0.6484375 0.519042969
vt 0.66015625 0.53515625
vt 0.661132812 0.522949219
vt 0.691894531 0.527832031
vt 0.686035156 0.519042969
vt 0.635742188 0.461914062
vt 0.641601562 0.465820312
vt 0.668457031 0.461914062
vt 0.716796875 0.508789062
vt 0.704589844 0.50390625
vt 0.740234375 0.517089844
vt 0.636230469 0.435302734
vt 0.602539062 0.432861328
vt 0.604003906 0.397216797
vt 0.669433594 0.456298828
vt 0.638183594 0.398681641
vt 0.603027344 0.354492188
vt 0.767089844 0.518554688
vt 0.76953125 0.509277344
vt 0.775390625 0.509277344
vt 0.749511719 0.479980469
vt 0.766601562 0.481933594
vt 0.775390625 0.482421875
vt 0.775390625 0.443115234
vt 0.749511719 0.440917969
vt 0.775390625 0.407714844
vt 0.763671875 0.482177734
vt 0.726074219 0.475830078
vt 0.704589844 0.472900391
vt 0.696777344 0.477783203
vt 0.7265625 0.439453125
vt 0.705566406 0.437988281
vt 0.749023438 0.405273438
vt 0.775390625 0.362548828
vt 0.744140625 0.361083984
vt 0.775390625 0.318115234
vt 0.731445312 0.403564453
vt 0.727050781 0.404296875
vt 0.70703125 0.357421875
vt 0.741210938 0.316650391
vt 0.705078125 0.402099609
vt 0.671875 0.436279297
vt 0.673828125 0.399414062
vt 0.740722656 0.256835938
vt 0.775390625 0.256835938
vt 0.70703125 0.314208984
vt 0.709472656 0.256835938
vt 0.679199219 0.312011719
vt 0.676757812 0.256835938
vt 0.638671875 0.256835938
vt 0.638671875 0.356201172
vt 0.672851562 0.357666016
vt 0.638183594 0.314208984
vt 0.602050781 0.314453125
vt 0.600097656 0.256835938
vt 0.566894531 0.313720703
vt 0.566894531 0.256835938
vt 0.671386719 0.314208984
vt 0.69921875 0.359863281
vt 0.56640625 0.328369141
vt 0.58984375 0.344970703
vt 0.58984375 0.328369141
vt 0.566894531 0.350585938
vt 0.58984375 0.352294922
vt 0.58984375 0.361572266
vt 0.5625 0.351074219
vt 0.561523438 0.328369141
vt 0.560546875 0.328369141
vt 0.557128906 0.350830078
vt 0.56640625 0.363769531
vt 0.58984375 0.369873047
vt 0.551269531 0.368896484
vt 0.563476562 0.372802734
vt 0.58984375 0.380126953
vt 0.557128906 0.393066406
vt 0.58984375 0.391601562
vt 0.58984375 0.403808594
vt 0.541992188 0.368408203
vt 0.537597656 0.364990234
vt 0.516113281 0.385253906
vt 0.5546875 0.412353516
vt 0.58984375 0.41015625
vt 0.538574219 0.390869141
vt 0.522949219 0.388671875
vt 0.509277344 0.402099609
vt 0.556640625 0.418945312
vt 0.58984375 0.419189453
vt 0.58984375 0.424804688
vt 0.516601562 0.403564453
vt 0.533691406 0.414794922
vt 0.516113281 0.416015625
vt 0.509277344 0.416992188
vt 0.522460938 0.437011719
vt 0.517089844 0.439208984
vt 0.558105469 0.436767578
vt 0.58984375 0.435546875
vt 0.58984375 0.444824219
vt 0.561035156 0.451904297
vt 0.58984375 0.454833984
vt 0.58984375 0.465087891
vt 0.537597656 0.436279297
vt 0.534667969 0.452392578
vt 0.530761719 0.455078125
vt 0.552734375 0.468505859
vt 0.545898438 0.451416016
vt 0.556640625 0.469238281
vt 0.5625 0.493408203
vt 0.563964844 0.493408203
vt 0.564941406 0.470214844
vt 0.58984375 0.4765625
vt 0.568359375 0.493408203
vt 0.58984375 0.493408203
vt 0.209472656 0.916015625
vt 0.209472656 0.865722656
vt 0.244873047 0.865722656
vt 0.244873047 0.916015625
vt 0.209594727 0.916015625
vt 0.209594727 0.865722656
vt 0.245239258 0.865722656
vt 0.245239258 0.916015625
vt 0.209594727 0.916015625
vt 0.209594727 0.865722656
vt 0.245239258 0.865722656
vt 0.245239258 0.916015625
vt 0.245239258 0.865722656
vt 0.245239258 0.916015625
vt 0.209594727 0.916015625
vt 0.209594727 0.865722656
vt 0.209594727 0.916015625
vt 0.209594727 0.865722656
vt 0.245239258 0.865722656
vt 0.245239258 0.916015625
vt 0.0637817383 0.677734375
vt 0.0637817383 0.673828125
vt 0.0726928711 0.673339844
vt 0.0726928711 0.677734375
vt 0.0637817383 0.681640625
vt 0.0728759766 0.682617188
vt 0.0637817383 0.690429688
vt 0.0728759766 0.691894531
vt 0.0637817383 0.69921875
vt 0.0806884766 0.68359375
vt 0.0806884766 0.673339844
vt 0.0726928711 0.673339844
vt 0.0806884766 0.688476562
vt 0.0806884766 0.693359375
vt 0.0728759766 0.700683594
vt 0.0624084473 0.712402344
vt 0.0728759766 0.712402344
vt 0.0809936523 0.699707031
vt 0.0806884766 0.693359375
vt 0.047088623 0.693359375
vt 0.0538024902 0.688476562
vt 0.0637817383 0.690429688
vt 0.0557861328 0.686523438
vt 0.047088623 0.687011719
vt 0.0538024902 0.686523438
vt 0.0538024902 0.671875
vt 0.0397949219 0.687011719
vt 0.047088623 0.674804688
vt 0.0397949219 0.674804688
vt 0.0393066406 0.693359375
vt 0.0398864746 0.670410156
vt 0.047088623 0.670410156
vt 0.047088623 0.65625
vt 0.0398864746 0.65625
vt 0.047088623 0.65625
vt 0.0538024902 0.655761719
vt 0.0505981445 0.712402344
vt 0.0542907715 0.727539062
vt 0.0728759766 0.727539062
vt 0.095703125 0.727539062
vt 0.0883178711 0.712402344
vt 0.0809936523 0.699707031
vt 0.0999145508 0.712402344
vt 0.0939941406 0.696289062
vt 0.0895996094 0.689453125
vt 0.0715942383 0.741210938
vt 0.0958251953 0.741210938
vt 0.115478516 0.741210938
vt 0.118591309 0.727539062
vt 0.122619629 0.712402344
vt 0.050994873 0.741210938
vt 0.0314025879 0.727539062
vt 0.0310058594 0.741210938
vt 0.118103027 0.688476562
vt 0.125488281 0.688476562
vt 0.118103027 0.671875
vt 0.125976562 0.671875
vt 0.118103027 0.649414062
vt 0.125244141 0.649414062
vt 0.10949707 0.688476562
vt 0.10949707 0.671875
vt 0.118103027 0.671875
vt 0.10949707 0.649414062
vt 0.118103027 0.649414062
vt 0.0996704102 0.688476562
vt 0.0895996094 0.689453125
vt 0.0897827148 0.686523438
vt 0.10949707 0.671875
vt 0.0897216797 0.671875
vt 0.0996704102 0.671875
vt 0.10949707 0.649414062
vt 0.0996704102 0.649414062
vt 0.0996704102 0.671875
vt 0.0897827148 0.649414062
vt 0.0996704102 0.649414062
vt 0.0842895508 0.688476562
vt 0.0806884766 0.693359375
vt 0.0842895508 0.685058594
vt 0.0806884766 0.688476562
vt 0.0842895508 0.681152344
vt 0.0806884766 0.68359375
vt 0.0842895508 0.673339844
vt 0.0806884766 0.673339844
vt 0.0637817383 0.673828125
vt 0.0637817383 0.666992188
vt 0.0728759766 0.666992188
vt 0.047088623 0.647949219
vt 0.0398864746 0.65625
vt 0.0397949219 0.647949219
vt 0.00759887695 0.727539062
vt 0.0148010254 0.741210938
vt 0.00759887695 0.741210938
vt 0.0148010254 0.727539062
vt 0.0148010254 0.712402344
vt 0.00759887695 0.712402344
vt 0.0240936279 0.712402344
vt 0.0148010254 0.693359375
vt 0.00759887695 0.688476562
vt 0.0227966309 0.693359375
vt 0.032409668 0.712402344
vt 0.0305938721 0.693359375
vt 0.0305938721 0.687011719
vt 0.0386047363 0.687011719
vt 0.0386047363 0.674804688
vt 0.0305938721 0.674804688
vt 0.0308074951 0.670410156
vt 0.0385131836 0.670410156
vt 0.0385131836 0.65625
vt 0.0308074951 0.65625
vt 0.0305938721 0.687011719
vt 0.0227966309 0.687011719
vt 0.0305938721 0.674804688
vt 0.0227966309 0.674804688
vt 0.0227966309 0.670410156
vt 0.0305938721 0.670410156
vt 0.0305938721 0.65625
vt 0.0227966309 0.65625
vt 0.0148010254 0.687011719
vt 0.0227966309 0.687011719
vt 0.0227966309 0.674804688
vt 0.0148010254 0.674804688
vt 0.00759887695 0.671875
vt 0.0148010254 0.670410156
vt 0.0227050781 0.670410156
vt 0.0227050781 0.65625
vt 0.0148010254 0.65625
vt 0.0148010254 0.65625
vt 0.00759887695 0.655761719
vt 0.0148010254 0.647949219
vt 0.0227050781 0.65625
vt 0.0227966309 0.647949219
vt 0.0308074951 0.65625
vt 0.0305938721 0.647949219
vt 0.0386047363 0.647949219
vt 0.0385131836 0.65625
vt 0.0657958984 0.659667969
vt 0.0606994629 0.663085938
vt 0.0606994629 0.659667969
vt 0.0645141602 0.663085938
vt 0.0665283203 0.663085938
vt 0.0715942383 0.659667969
vt 0.0708007812 0.663085938
vt 0.0715942383 0.663085938
vt 0.0227966309 0.647949219
vt 0.0305938721 0.647949219
vt 0.0305938721 0.65625
vt 0.0227966309 0.65625
vt 0.0606994629 0.647460938
vt 0.0645141602 0.649902344
vt 0.0606994629 0.649902344
vt 0.0657958984 0.647460938
vt 0.0665283203 0.649902344
vt 0.0708007812 0.649902344
vt 0.0715942383 0.647460938
vt 0.0715942383 0.649902344
vt 0.0828857422 0.649902344
vt 0.0776977539 0.647460938
vt 0.0828857422 0.647460938
vt 0.0781860352 0.649902344
vt 0.0769042969 0.649902344
vt 0.0715942383 0.647460938
vt 0.0725708008 0.649902344
vt 0.0715942383 0.649902344
vt 0.0828857422 0.656738281
vt 0.0776977539 0.653808594
vt 0.0828857422 0.653808594
vt 0.0781860352 0.656738281
vt 0.0769042969 0.656738281
vt 0.0715942383 0.653808594
vt 0.0725708008 0.656738281
vt 0.0715942383 0.656738281
vt 0.0776977539 0.659667969
vt 0.0828857422 0.659667969
vt 0.0828857422 0.663085938
vt 0.0781860352 0.663085938
vt 0.0769042969 0.663085938
vt 0.0715942383 0.659667969
vt 0.0725708008 0.663085938
vt 0.0715942383 0.663085938
vt 0.0645141602 0.656738281
vt 0.0606994629 0.656738281
vt 0.0606994629 0.653808594
vt 0.0657958984 0.653808594
vt 0.0665283203 0.656738281
vt 0.0708007812 0.656738281
vt 0.0715942383 0.653808594
vt 0.0715942383 0.656738281
vt 0.0556945801 0.678710938
vt 0.0556945801 0.673828125
vt 0.0637817383 0.673828125
vt 0.0637817383 0.677734375
vt 0.0637817383 0.681640625
vt 0.0557861328 0.683105469
vt 0.0637817383 0.690429688
vt 0.209472656 0.916015625
vt 0.244873047 0.916015625
vt 0.244873047 0.865722656
vt 0.209472656 0.865722656
vt 0.209594727 0.916015625
vt 0.245239258 0.916015625
vt 0.245239258 0.865722656
vt 0.209594727 0.865722656
vt 0.209594727 0.916015625
vt 0.245239258 0.916015625
vt 0.245239258 0.865722656
vt 0.209594727 0.865722656
vt 0.245239258 0.865722656
vt 0.209594727 0.865722656
vt 0.209594727 0.916015625
vt 0.245239258 0.916015625
vt 0.209594727 0.916015625
vt 0.245239258 0.916015625
vt 0.245239258 0.865722656
vt 0.209594727 0.865722656
vt 0.0637817383 0.677734375
vt 0.0726928711 0.673339844
vt 0.0637817383 0.673828125
vt 0.0726928711 0.677734375
vt 0.0637817383 0.681640625
vt 0.0728759766 0.682617188
vt 0.0637817383 0.690429688
vt 0.0728759766 0.691894531
vt 0.0637817383 0.69921875
vt 0.0806884766 0.68359375
vt 0.0806884766 0.673339844
vt 0.0726928711 0.673339844
vt 0.0806884766 0.688476562
vt 0.0806884766 0.693359375
vt 0.0728759766 0.700683594
vt 0.0624084473 0.712402344
vt 0.0728759766 0.712402344
vt 0.0809936523 0.699707031
vt 0.0806884766 0.693359375
vt 0.047088623 0.693359375
vt 0.0538024902 0.688476562
vt 0.0637817383 0.690429688
vt 0.0557861328 0.686523438
vt 0.047088623 0.687011719
vt 0.0538024902 0.686523438
vt 0.0538024902 0.671875
vt 0.0397949219 0.687011719
vt 0.047088623 0.674804688
vt 0.0397949219 0.674804688
vt 0.0393066406 0.693359375
vt 0.0398864746 0.670410156
vt 0.047088623 0.670410156
vt 0.047088623 0.65625
vt 0.0398864746 0.65625
vt 0.047088623 0.65625
vt 0.0538024902 0.655761719
vt 0.0505981445 0.712402344
vt 0.0542907715 0.727539062
vt 0.0728759766 0.727539062
vt 0.095703125 0.727539062
vt 0.0883178711 0.712402344
vt 0.0809936523 0.699707031
vt 0.0999145508 0.712402344
vt 0.0939941406 0.696289062
vt 0.0895996094 0.689453125
vt 0.0715942383 0.741210938
vt 0.0958251953 0.741210938
vt 0.115478516 0.741210938
vt 0.118591309 0.727539062
vt 0.122619629 0.712402344
vt 0.050994873 0.741210938
vt 0.0314025879 0.727539062
vt 0.0310058594 0.741210938
vt 0.118103027 0.688476562
vt 0.125488281 0.688476562
vt 0.10949707 0.688476562
vt 0.118103027 0.671875
vt 0.125976562 0.671875
vt 0.118103027 0.649414062
vt 0.125244141 0.649414062
vt 0.10949707 0.671875
vt 0.118103027 0.671875
vt 0.10949707 0.649414062
vt 0.118103027 0.649414062
vt 0.0996704102 0.688476562
vt 0.0895996094 0.689453125
vt 0.0897827148 0.686523438
vt 0.10949707 0.671875
vt 0.0897216797 0.671875
vt 0.0996704102 0.671875
vt 0.10949707 0.649414062
vt 0.0996704102 0.649414062
vt 0.0996704102 0.671875
vt 0.0897827148 0.649414062
vt 0.0996704102 0.649414062
vt 0.0842895508 0.688476562
vt 0.0806884766 0.693359375
vt 0.0842895508 0.685058594
vt 0.0806884766 0.688476562
vt 0.0842895508 0.681152344
vt 0.0806884766 0.68359375
vt 0.0842895508 0.673339844
vt 0.0806884766 0.673339844
vt 0.0728759766 0.666992188
vt 0.0637817383 0.666992188
vt 0.0637817383 0.673828125
vt 0.047088623 0.647949219
vt 0.0397949219 0.647949219
vt 0.0398864746 0.65625
vt 0.00759887695 0.727539062
vt 0.00759887695 0.741210938
vt 0.0148010254 0.741210938
vt 0.0148010254 0.727539062
vt 0.0148010254 0.712402344
vt 0.00759887695 0.712402344
vt 0.0240936279 0.712402344
vt 0.0148010254 0.693359375
vt 0.00759887695 0.688476562
vt 0.0227966309 0.693359375
vt 0.032409668 0.712402344
vt 0.0305938721 0.693359375
vt 0.0305938721 0.687011719
vt 0.0386047363 0.687011719
vt 0.0386047363 0.674804688
vt 0.0305938721 0.674804688
vt 0.0308074951 0.670410156
vt 0.0385131836 0.670410156
vt 0.0385131836 0.65625
vt 0.0308074951 0.65625
vt 0.0305938721 0.687011719
vt 0.0227966309 0.687011719
vt 0.0305938721 0.674804688
vt 0.0227966309 0.674804688
vt 0.0227966309 0.670410156
vt 0.0305938721 0.670410156
vt 0.0305938721 0.65625
vt 0.0227966309 0.65625
vt 0.0227966309 0.687011719
vt 0.0148010254 0.687011719
vt 0.0227966309 0.674804688
vt 0.0148010254 0.674804688
vt 0.00759887695 0.671875
vt 0.0148010254 0.670410156
vt 0.0227050781 0.670410156
vt 0.0227050781 0.65625
vt 0.0148010254 0.65625
vt 0.0148010254 0.65625
vt 0.00759887695 0.655761719
vt 0.0148010254 0.647949219
vt 0.0227050781 0.65625
vt 0.0227966309 0.647949219
vt 0.0308074951 0.65625
vt 0.0385131836 0.65625
vt 0.0386047363 0.647949219
vt 0.0305938721 0.647949219
vt 0.0657958984 0.659667969
vt 0.0606994629 0.659667969
vt 0.0606994629 0.663085938
vt 0.0645141602 0.663085938
vt 0.0665283203 0.663085938
vt 0.0715942383 0.659667969
vt 0.0708007812 0.663085938
vt 0.0715942383 0.663085938
vt 0.0227966309 0.647949219
vt 0.0227966309 0.65625
vt 0.0305938721 0.65625
vt 0.0305938721 0.647949219
vt 0.0606994629 0.647460938
vt 0.0606994629 0.649902344
vt 0.0645141602 0.649902344
vt 0.0657958984 0.647460938
vt 0.0665283203 0.649902344
vt 0.0708007812 0.649902344
vt 0.0715942383 0.647460938
vt 0.0715942383 0.649902344
vt 0.0828857422 0.649902344
vt 0.0828857422 0.647460938
vt 0.0776977539 0.647460938
vt 0.0781860352 0.649902344
vt 0.0769042969 0.649902344
vt 0.0715942383 0.647460938
vt 0.0725708008 0.649902344
vt 0.0715942383 0.649902344
vt 0.0828857422 0.656738281
vt 0.0828857422 0.653808594
vt 0.0776977539 0.653808594
vt 0.0781860352 0.656738281
vt 0.0769042969 0.656738281
vt 0.0715942383 0.653808594
vt 0.0725708008 0.656738281
vt 0.0715942383 0.656738281
vt 0.0776977539 0.659667969
vt 0.0828857422 0.663085938
vt 0.0828857422 0.659667969
vt 0.0781860352 0.663085938
vt 0.0769042969 0.663085938
vt 0.0715942383 0.659667969
vt 0.0725708008 0.663085938
vt 0.0715942383 0.663085938
vt 0.0645141602 0.656738281
vt 0.0606994629 0.653808594
vt 0.0606994629 0.656738281
vt 0.0657958984 0.653808594
vt 0.0665283203 0.656738281
vt 0.0708007812 0.656738281
vt 0.0715942383 0.653808594
vt 0.0715942383 0.656738281
vt 0.0556945801 0.678710938
vt 0.0637817383 0.673828125
vt 0.0556945801 0.673828125
vt 0.0637817383 0.677734375
vt 0.0637817383 0.681640625
vt 0.0557861328 0.683105469
vt 0.0637817383 0.690429688
vt 0.965820312 0.762695312
vt 0.995605469 0.762695312
vt 0.995605469 0.780273438
vt 0.965820312 0.785644531
vt 0.995605469 0.796386719
vt 0.965820312 0.807128906
vt 0.995605469 0.813476562
vt 0.965820312 0.825195312
vt 0.995605469 0.833496094
vt 0.965820312 0.845214844
vt 0.995605469 0.84765625
vt 0.97265625 0.857421875
vt 0.965820312 0.854003906
vt 0.988769531 0.85546875
vt 0.160888672 0.417480469
vt 0.130249023 0.384765625
vt 0.160888672 0.384765625
vt 0.130249023 0.417480469
vt 0.102783203 0.384765625
vt 0.102783203 0.417480469
vt 0.0737304688 0.384765625
vt 0.0737304688 0.417480469
vt 0.0461120605 0.384765625
vt 0.037109375 0.417480469
vt 0.0290985107 0.384765625
vt 0.0157928467 0.408935547
vt 0.0187988281 0.390625
vt 0.0157928467 0.415039062
vt 0.0169067383 0.417480469
vt 0.965820312 0.762695312
vt 0.995605469 0.780273438
vt 0.995605469 0.762695312
vt 0.965820312 0.785644531
vt 0.995605469 0.796386719
vt 0.965820312 0.807128906
vt 0.995605469 0.813476562
vt 0.965820312 0.825195312
vt 0.995605469 0.833496094
vt 0.965820312 0.845214844
vt 0.995605469 0.84765625
vt 0.97265625 0.857421875
vt 0.965820312 0.854003906
vt 0.988769531 0.85546875
vt 0.160888672 0.417480469
vt 0.160888672 0.384765625
vt 0.130249023 0.384765625
vt 0.130249023 0.417480469
vt 0.102783203 0.384765625
vt 0.102783203 0.417480469
vt 0.0737304688 0.384765625
vt 0.0737304688 0.417480469
vt 0.0461120605 0.384765625
vt 0.037109375 0.417480469
vt 0.0290985107 0.384765625
vt 0.0157928467 0.408935547
vt 0.0187988281 0.390625
vt 0.0157928467 0.415039062
vt 0.0169067383 0.417480469
vt 0.00659942627 0.371337891
vt 0.00630187988 0.379882812
vt 0.013999939 0.379882812
vt 0.0142974854 0.371337891
vt 0.00690078735 0.363037109
vt 0.0146026611 0.363037109
vt 0.0303955078 0.379882812
vt 0.0303955078 0.363037109
vt 0.0303955078 0.371337891
vt 0.0444030762 0.371337891
vt 0.0444030762 0.379882812
vt 0.0444030762 0.363037109
vt 0.0643920898 0.371337891
vt 0.0643920898 0.363037109
vt 0.0643920898 0.379882812
vt 0.0877075195 0.363037109
vt 0.0877075195 0.371337891
vt 0.0877075195 0.379882812
vt 0.113586426 0.363037109
vt 0.113586426 0.379882812
vt 0.113586426 0.371337891
vt 0.138061523 0.363037109
vt 0.138061523 0.379882812
vt 0.138061523 0.371337891
vt 0.165405273 0.363037109
vt 0.165405273 0.379882812
vt 0.165405273 0.371337891
vt 0.013999939 0.379882812
vt 0.00630187988 0.379882812
vt 0.00659942627 0.371337891
vt 0.0142974854 0.371337891
vt 0.00690078735 0.363037109
vt 0.0146026611 0.363037109
vt 0.0303955078 0.379882812
vt 0.0303955078 0.363037109
vt 0.0303955078 0.371337891
vt 0.0444030762 0.371337891
vt 0.0444030762 0.379882812
vt 0.0444030762 0.363037109
vt 0.0643920898 0.371337891
vt 0.0643920898 0.363037109
vt 0.0643920898 0.379882812
vt 0.0877075195 0.363037109
vt 0.0877075195 0.371337891
vt 0.0877075195 0.379882812
vt 0.113586426 0.363037109
vt 0.113586426 0.379882812
vt 0.113586426 0.371337891
vt 0.138061523 0.363037109
vt 0.138061523 0.379882812
vt 0.138061523 0.371337891
vt 0.165405273 0.363037109
vt 0.165405273 0.379882812
vt 0.165405273 0.371337891
vt 0.351318359 0.776855469
vt 0.314453125 0.807617188
vt 0.314453125 0.776855469
vt 0.351318359 0.807617188
vt 0.314453125 0.837402344
vt 0.351318359 0.837402344
vt 0.314453125 0.875488281
vt 0.351318359 0.875488281
vt 0.314453125 0.905273438
vt 0.351318359 0.905273438
vt 0.396484375 0.943359375
vt 0.398681641 0.920410156
vt 0.375488281 0.924316406
vt 0.373779297 0.900390625
vt 0.359130859 0.904785156
vt 0.400146484 0.908203125
vt 0.357177734 0.880371094
vt 0.401611328 0.895019531
vt 0.357177734 0.857421875
vt 0.376220703 0.883300781
vt 0.2890625 0.867675781
vt 0.300292969 0.874511719
vt 0.300048828 0.853515625
vt 0.282226562 0.853515625
vt 0.287597656 0.842773438
vt 0.299804688 0.83984375
vt 0.0567932129 0.342285156
vt 0.0157012939 0.341552734
vt 0.0628051758 0.353515625
vt 0.0164031982 0.331787109
vt 0.0119018555 0.339111328
vt 0.0551147461 0.325439453
vt 0.0133972168 0.328125
vt 0.00980377197 0.328125
vt 0.00980377197 0.339111328
vt 0.00980377197 0.289794922
vt 0.0130004883 0.289794922
vt 0.00980377197 0.239013672
vt 0.0659790039 0.330322266
vt 0.0668945312 0.338378906
vt 0.0902709961 0.352294922
vt 0.0567016602 0.307373047
vt 0.0729980469 0.300048828
vt 0.108215332 0.276367188
vt 0.0656738281 0.314453125
vt 0.0675048828 0.291503906
vt 0.0130004883 0.239013672
vt 0.0653076172 0.239501953
vt 0.115600586 0.239135742
vt 0.0653076172 0.182128906
vt 0.118103027 0.182739258
vt 0.0133972168 0.182250977
vt 0.00980377197 0.182250977
vt 0.0133972168 0.139526367
vt 0.00980377197 0.139526367
vt 0.0667114258 0.138183594
vt 0.120788574 0.118591309
vt 0.0136032104 0.116577148
vt 0.00980377197 0.116577148
vt 0.00980377197 0.0949707031
vt 0.0136032104 0.0949707031
vt 0.0656738281 0.115478516
vt 0.0692138672 0.0949707031
vt 0.122192383 0.0949707031
vt 0.0155029297 0.0860595703
vt 0.0106964111 0.0739746094
vt 0.0106964111 0.0860595703
vt 0.0155029297 0.0739135742
vt 0.0603942871 0.0822143555
vt 0.0106964111 0.0421142578
vt 0.0599060059 0.0703735352
vt 0.0999755859 0.0662841797
vt 0.0155029297 0.0422058105
vt 0.0106964111 0.0283050537
vt 0.0598144531 0.0389099121
vt 0.0155029297 0.0283050537
vt 0.0106964111 0.0149002075
vt 0.0155029297 0.0149002075
vt 0.021697998 0.0263061523
vt 0.0220031738 0.0149002075
vt 0.0308990479 0.0260009766
vt 0.0313110352 0.0149002075
vt 0.0582885742 0.0149002075
vt 0.0574035645 0.025604248
vt 0.0972290039 0.0149002075
vt 0.102722168 0.0296936035
vt 0.138916016 0.0149002075
vt 0.849609375 0.942871094
vt 0.868164062 0.912597656
vt 0.868164062 0.942871094
vt 0.849609375 0.912597656
vt 0.868164062 0.904785156
vt 0.833984375 0.942871094
vt 0.849609375 0.895507812
vt 0.868164062 0.895507812
vt 0.868164062 0.884765625
vt 0.833984375 0.912597656
vt 0.849609375 0.884765625
vt 0.868164062 0.87890625
vt 0.818847656 0.912597656
vt 0.818847656 0.942871094
vt 0.833984375 0.895507812
vt 0.849609375 0.87890625
vt 0.868164062 0.874511719
vt 0.818847656 0.895507812
vt 0.833984375 0.884765625
vt 0.801269531 0.912597656
vt 0.801269531 0.942871094
vt 0.849609375 0.874511719
vt 0.868164062 0.870605469
vt 0.801269531 0.903320312
vt 0.784667969 0.912597656
vt 0.784667969 0.942871094
vt 0.769042969 0.912597656
vt 0.769042969 0.942871094
vt 0.784667969 0.903320312
vt 0.801269531 0.895507812
vt 0.833984375 0.87890625
vt 0.818847656 0.884765625
vt 0.753417969 0.912597656
vt 0.753417969 0.903320312
vt 0.753417969 0.942871094
vt 0.736816406 0.912597656
vt 0.736816406 0.942871094
vt 0.736816406 0.903320312
vt 0.736816406 0.895507812
vt 0.818847656 0.87890625
vt 0.769042969 0.903320312
vt 0.784667969 0.895507812
vt 0.769042969 0.895507812
vt 0.753417969 0.895507812
vt 0.753417969 0.884765625
vt 0.736816406 0.884765625
vt 0.736816406 0.87890625
vt 0.784667969 0.884765625
vt 0.801269531 0.884765625
vt 0.769042969 0.884765625
vt 0.753417969 0.87890625
vt 0.801269531 0.87890625
vt 0.784667969 0.87890625
vt 0.769042969 0.87890625
vt 0.753417969 0.874511719
vt 0.736816406 0.874511719
vt 0.736816406 0.870605469
vt 0.769042969 0.874511719
vt 0.801269531 0.874511719
vt 0.753417969 0.870605469
vt 0.736816406 0.865722656
vt 0.769042969 0.870605469
vt 0.784667969 0.874511719
vt 0.753417969 0.865722656
vt 0.784667969 0.870605469
vt 0.801269531 0.870605469
vt 0.818847656 0.874511719
vt 0.784667969 0.865722656
vt 0.753417969 0.829589844
vt 0.736816406 0.829589844
vt 0.736816406 0.809570312
vt 0.769042969 0.865722656
vt 0.769042969 0.829589844
vt 0.753417969 0.809570312
vt 0.818847656 0.870605469
vt 0.784667969 0.829589844
vt 0.753417969 0.803710938
vt 0.736816406 0.803710938
vt 0.736816406 0.799804688
vt 0.833984375 0.870605469
vt 0.818847656 0.865722656
vt 0.801269531 0.865722656
vt 0.801269531 0.829589844
vt 0.784667969 0.809570312
vt 0.769042969 0.809570312
vt 0.769042969 0.803710938
vt 0.818847656 0.829589844
vt 0.833984375 0.874511719
vt 0.849609375 0.870605469
vt 0.868164062 0.865722656
vt 0.833984375 0.865722656
vt 0.849609375 0.865722656
vt 0.849609375 0.829589844
vt 0.868164062 0.829589844
vt 0.868164062 0.809570312
vt 0.833984375 0.829589844
vt 0.833984375 0.809570312
vt 0.849609375 0.809570312
vt 0.849609375 0.803710938
vt 0.868164062 0.803710938
vt 0.868164062 0.799804688
vt 0.818847656 0.809570312
vt 0.833984375 0.803710938
vt 0.801269531 0.809570312
vt 0.818847656 0.803710938
vt 0.801269531 0.803710938
vt 0.818847656 0.799804688
vt 0.833984375 0.799804688
vt 0.849609375 0.799804688
vt 0.849609375 0.778808594
vt 0.868164062 0.778808594
vt 0.833984375 0.778808594
vt 0.818847656 0.778808594
vt 0.801269531 0.778808594
vt 0.801269531 0.799804688
vt 0.784667969 0.799804688
vt 0.784667969 0.778808594
vt 0.769042969 0.778808594
vt 0.784667969 0.803710938
vt 0.769042969 0.799804688
vt 0.753417969 0.799804688
vt 0.753417969 0.778808594
vt 0.736816406 0.778808594
vt 0.351318359 0.776855469
vt 0.314453125 0.776855469
vt 0.314453125 0.807617188
vt 0.351318359 0.807617188
vt 0.314453125 0.837402344
vt 0.351318359 0.837402344
vt 0.314453125 0.875488281
vt 0.351318359 0.875488281
vt 0.314453125 0.905273438
vt 0.351318359 0.905273438
vt 0.396484375 0.943359375
vt 0.375488281 0.924316406
vt 0.398681641 0.920410156
vt 0.373779297 0.900390625
vt 0.359130859 0.904785156
vt 0.400146484 0.908203125
vt 0.357177734 0.880371094
vt 0.401611328 0.895019531
vt 0.357177734 0.857421875
vt 0.376220703 0.883300781
vt 0.2890625 0.867675781
vt 0.300048828 0.853515625
vt 0.300292969 0.874511719
vt 0.282226562 0.853515625
vt 0.287597656 0.842773438
vt 0.299804688 0.83984375
vt 0.0567932129 0.342285156
vt 0.0628051758 0.353515625
vt 0.0157012939 0.341552734
vt 0.0164031982 0.331787109
vt 0.0119018555 0.339111328
vt 0.0551147461 0.325439453
vt 0.0133972168 0.328125
vt 0.00980377197 0.328125
vt 0.00980377197 0.339111328
vt 0.00980377197 0.289794922
vt 0.0130004883 0.289794922
vt 0.00980377197 0.239013672
vt 0.0659790039 0.330322266
vt 0.0668945312 0.338378906
vt 0.0902709961 0.352294922
vt 0.0567016602 0.307373047
vt 0.0729980469 0.300048828
vt 0.108215332 0.276367188
vt 0.0656738281 0.314453125
vt 0.0675048828 0.291503906
vt 0.0130004883 0.239013672
vt 0.0653076172 0.239501953
vt 0.115600586 0.239135742
vt 0.0653076172 0.182128906
vt 0.118103027 0.182739258
vt 0.0133972168 0.182250977
vt 0.00980377197 0.182250977
vt 0.0133972168 0.139526367
vt 0.00980377197 0.139526367
vt 0.0667114258 0.138183594
vt 0.120788574 0.118591309
vt 0.0136032104 0.116577148
vt 0.00980377197 0.116577148
vt 0.00980377197 0.0949707031
vt 0.0136032104 0.0949707031
vt 0.0656738281 0.115478516
vt 0.0692138672 0.0949707031
vt 0.122192383 0.0949707031
vt 0.0155029297 0.0860595703
vt 0.0106964111 0.0860595703
vt 0.0106964111 0.0739746094
vt 0.0155029297 0.0739135742
vt 0.0603942871 0.0822143555
vt 0.0106964111 0.0421142578
vt 0.0599060059 0.0703735352
vt 0.0999755859 0.0662841797
vt 0.0155029297 0.0422058105
vt 0.0106964111 0.0283050537
vt 0.0598144531 0.0389099121
vt 0.0155029297 0.0283050537
vt 0.0106964111 0.0149002075
vt 0.0155029297 0.0149002075
vt 0.021697998 0.0263061523
vt 0.0220031738 0.0149002075
vt 0.0308990479 0.0260009766
vt 0.0313110352 0.0149002075
vt 0.0582885742 0.0149002075
vt 0.0574035645 0.025604248
vt 0.0972290039 0.0149002075
vt 0.102722168 0.0296936035
vt 0.138916016 0.0149002075
vt 0.849609375 0.942871094
vt 0.868164062 0.942871094
vt 0.868164062 0.912597656
vt 0.849609375 0.912597656
vt 0.868164062 0.904785156
vt 0.833984375 0.942871094
vt 0.849609375 0.895507812
vt 0.868164062 0.895507812
vt 0.868164062 0.884765625
vt 0.833984375 0.912597656
vt 0.849609375 0.884765625
vt 0.868164062 0.87890625
vt 0.818847656 0.912597656
vt 0.818847656 0.942871094
vt 0.833984375 0.895507812
vt 0.849609375 0.87890625
vt 0.868164062 0.874511719
vt 0.818847656 0.895507812
vt 0.833984375 0.884765625
vt 0.801269531 0.912597656
vt 0.801269531 0.942871094
vt 0.849609375 0.874511719
vt 0.868164062 0.870605469
vt 0.801269531 0.903320312
vt 0.784667969 0.912597656
vt 0.784667969 0.942871094
vt 0.769042969 0.912597656
vt 0.769042969 0.942871094
vt 0.784667969 0.903320312
vt 0.801269531 0.895507812
vt 0.833984375 0.87890625
vt 0.849609375 0.870605469
vt 0.868164062 0.865722656
vt 0.818847656 0.884765625
vt 0.753417969 0.912597656
vt 0.753417969 0.903320312
vt 0.753417969 0.942871094
vt 0.736816406 0.912597656
vt 0.736816406 0.942871094
vt 0.736816406 0.903320312
vt 0.736816406 0.895507812
vt 0.818847656 0.87890625
vt 0.769042969 0.903320312
vt 0.784667969 0.895507812
vt 0.769042969 0.895507812
vt 0.753417969 0.895507812
vt 0.753417969 0.884765625
vt 0.736816406 0.884765625
vt 0.736816406 0.87890625
vt 0.784667969 0.884765625
vt 0.769042969 0.884765625
vt 0.753417969 0.87890625
vt 0.801269531 0.884765625
vt 0.769042969 0.87890625
vt 0.753417969 0.874511719
vt 0.736816406 0.874511719
vt 0.736816406 0.870605469
vt 0.801269531 0.87890625
vt 0.784667969 0.87890625
vt 0.769042969 0.874511719
vt 0.753417969 0.870605469
vt 0.736816406 0.865722656
vt 0.801269531 0.874511719
vt 0.769042969 0.870605469
vt 0.753417969 0.865722656
vt 0.784667969 0.874511719
vt 0.784667969 0.870605469
vt 0.801269531 0.870605469
vt 0.818847656 0.874511719
vt 0.784667969 0.865722656
vt 0.753417969 0.829589844
vt 0.736816406 0.829589844
vt 0.736816406 0.809570312
vt 0.769042969 0.865722656
vt 0.769042969 0.829589844
vt 0.753417969 0.809570312
vt 0.818847656 0.870605469
vt 0.833984375 0.874511719
vt 0.833984375 0.870605469
vt 0.818847656 0.865722656
vt 0.833984375 0.865722656
vt 0.801269531 0.865722656
vt 0.818847656 0.829589844
vt 0.801269531 0.829589844
vt 0.849609375 0.865722656
vt 0.849609375 0.829589844
vt 0.868164062 0.829589844
vt 0.868164062 0.809570312
vt 0.784667969 0.829589844
vt 0.784667969 0.809570312
vt 0.833984375 0.829589844
vt 0.833984375 0.809570312
vt 0.849609375 0.809570312
vt 0.849609375 0.803710938
vt 0.868164062 0.803710938
vt 0.868164062 0.799804688
vt 0.818847656 0.809570312
vt 0.769042969 0.809570312
vt 0.833984375 0.803710938
vt 0.801269531 0.809570312
vt 0.818847656 0.803710938
vt 0.801269531 0.803710938
vt 0.784667969 0.803710938
vt 0.784667969 0.799804688
vt 0.769042969 0.803710938
vt 0.818847656 0.799804688
vt 0.833984375 0.799804688
vt 0.753417969 0.803710938
vt 0.736816406 0.803710938
vt 0.736816406 0.799804688
vt 0.753417969 0.799804688
vt 0.753417969 0.778808594
vt 0.736816406 0.778808594
vt 0.769042969 0.778808594
vt 0.769042969 0.799804688
vt 0.784667969 0.778808594
vt 0.801269531 0.778808594
vt 0.801269531 0.799804688
vt 0.818847656 0.778808594
vt 0.833984375 0.778808594
vt 0.849609375 0.799804688
vt 0.849609375 0.778808594
vt 0.868164062 0.778808594
vt 0.481689453 0.257080078
vt 0.500976562 0.284912109
vt 0.500976562 0.257080078
vt 0.479248047 0.285400391
vt 0.500488281 0.3046875
vt 0.461181641 0.257080078
vt 0.480712891 0.325683594
vt 0.497314453 0.336425781
vt 0.498779297 0.358886719
vt 0.481933594 0.359375
vt 0.461425781 0.358398438
vt 0.5 0.369384766
vt 0.48046875 0.376708984
vt 0.500976562 0.380371094
vt 0.500976562 0.386962891
vt 0.461914062 0.322265625
vt 0.460449219 0.285644531
vt 0.441650391 0.286376953
vt 0.443115234 0.257080078
vt 0.479980469 0.391601562
vt 0.500976562 0.391601562
vt 0.4609375 0.374511719
vt 0.461181641 0.391601562
vt 0.440917969 0.376708984
vt 0.442626953 0.391601562
vt 0.438964844 0.328857422
vt 0.423095703 0.286132812
vt 0.423095703 0.257080078
vt 0.423095703 0.30859375
vt 0.423095703 0.334472656
vt 0.423095703 0.355712891
vt 0.439941406 0.358886719
vt 0.423095703 0.367919922
vt 0.423095703 0.379394531
vt 0.423095703 0.388427734
vt 0.423095703 0.391601562
vt 0.237304688 0.257080078
vt 0.258056641 0.290771484
vt 0.258056641 0.257080078
vt 0.235595703 0.290283203
vt 0.256591797 0.313720703
vt 0.215820312 0.257080078
vt 0.235351562 0.362304688
vt 0.254882812 0.339355469
vt 0.256591797 0.361083984
vt 0.234130859 0.37890625
vt 0.258056641 0.374755859
vt 0.234375 0.393310547
vt 0.258056641 0.387451172
vt 0.258056641 0.399169922
vt 0.213989258 0.361816406
vt 0.21472168 0.289794922
vt 0.234985352 0.402832031
vt 0.258056641 0.402832031
vt 0.225708008 0.402832031
vt 0.213378906 0.379150391
vt 0.213256836 0.395507812
vt 0.189941406 0.392822266
vt 0.213500977 0.402832031
vt 0.199462891 0.402832031
vt 0.189941406 0.402832031
vt 0.193847656 0.2890625
vt 0.193969727 0.257080078
vt 0.172851562 0.257080078
vt 0.172851562 0.288818359
vt 0.172973633 0.309326172
vt 0.191040039 0.361572266
vt 0.173950195 0.341308594
vt 0.172729492 0.363525391
vt 0.191040039 0.377685547
vt 0.171875 0.374755859
vt 0.17175293 0.387695312
vt 0.17175293 0.396728516
vt 0.17175293 0.402832031
vt 0.193481445 0.408691406
vt 0.175048828 0.408691406
vt 0.17590332 0.417480469
vt 0.1953125 0.415771484
vt 0.205810547 0.408691406
vt 0.177001953 0.425048828
vt 0.20715332 0.415039062
vt 0.217163086 0.408691406
vt 0.196166992 0.424316406
vt 0.216552734 0.415283203
vt 0.228759766 0.408691406
vt 0.217041016 0.423583984
vt 0.199951172 0.455810547
vt 0.178955078 0.45703125
vt 0.176757812 0.471191406
vt 0.228149414 0.414306641
vt 0.240112305 0.413818359
vt 0.240478516 0.408691406
vt 0.256591797 0.408691406
vt 0.256591797 0.411132812
vt 0.229125977 0.422607422
vt 0.241943359 0.420166016
vt 0.256591797 0.414794922
vt 0.22253418 0.449707031
vt 0.235595703 0.443603516
vt 0.246459961 0.434082031
vt 0.256347656 0.426025391
vt 0.239257812 0.448974609
vt 0.224487305 0.461425781
vt 0.255126953 0.436279297
vt 0.258544922 0.427246094
vt 0.251708984 0.443603516
vt 0.202148438 0.469970703
vt 0.243164062 0.455322266
vt 0.261474609 0.45703125
vt 0.261474609 0.442382812
vt 0.22668457 0.474853516
vt 0.191894531 0.489501953
vt 0.175170898 0.483398438
vt 0.261474609 0.435791016
vt 0.258544922 0.427246094
vt 0.243041992 0.477294922
vt 0.261474609 0.477294922
vt 0.204467773 0.485839844
vt 0.190795898 0.491699219
vt 0.175048828 0.496826172
vt 0.200073242 0.496826172
vt 0.22668457 0.496826172
vt 0.242553711 0.496826172
vt 0.249145508 0.496826172
vt 0.259277344 0.496826172
vt 0.261474609 0.496826172
vt 0.263427734 0.496826172
vt 0.26953125 0.496826172
vt 0.274169922 0.476806641
vt 0.273193359 0.496826172
vt 0.289794922 0.496826172
vt 0.275878906 0.454589844
vt 0.290283203 0.474365234
vt 0.269042969 0.442626953
vt 0.311279297 0.485351562
vt 0.315429688 0.496826172
vt 0.266113281 0.435791016
vt 0.280273438 0.447753906
vt 0.293212891 0.460449219
vt 0.314208984 0.469238281
vt 0.323242188 0.489013672
vt 0.274169922 0.432617188
vt 0.324462891 0.491210938
vt 0.342773438 0.496826172
vt 0.341796875 0.482177734
vt 0.339355469 0.469482422
vt 0.316650391 0.454589844
vt 0.339355469 0.454345703
vt 0.295898438 0.448486328
vt 0.370605469 0.481933594
vt 0.37109375 0.496582031
vt 0.322021484 0.403808594
vt 0.338623047 0.401855469
vt 0.284423828 0.442138672
vt 0.301513672 0.404785156
vt 0.370117188 0.476318359
vt 0.349121094 0.467529297
vt 0.384521484 0.481933594
vt 0.3984375 0.496582031
vt 0.322021484 0.361328125
vt 0.336425781 0.357666016
vt 0.335693359 0.347900391
vt 0.282714844 0.400390625
vt 0.303955078 0.363525391
vt 0.320556641 0.349853516
vt 0.336181641 0.339599609
vt 0.303955078 0.350830078
vt 0.321533203 0.337646484
vt 0.338867188 0.322509766
vt 0.339355469 0.298095703
vt 0.264648438 0.424316406
vt 0.262695312 0.424560547
vt 0.261474609 0.424316406
vt 0.258544922 0.427246094
vt 0.265136719 0.393798828
vt 0.286621094 0.361083984
vt 0.267089844 0.354980469
vt 0.267333984 0.346191406
vt 0.286865234 0.350097656
vt 0.267089844 0.336181641
vt 0.303222656 0.337646484
vt 0.285400391 0.337646484
vt 0.266601562 0.320068359
vt 0.265380859 0.300537109
vt 0.283203125 0.283203125
vt 0.264648438 0.283447266
vt 0.301513672 0.282714844
vt 0.281494141 0.257080078
vt 0.264648438 0.257080078
vt 0.300537109 0.257080078
vt 0.320068359 0.282470703
vt 0.319824219 0.257080078
vt 0.339355469 0.282714844
vt 0.339355469 0.257080078
vt 0.500976562 0.406982422
vt 0.500976562 0.397216797
vt 0.479003906 0.397216797
vt 0.477783203 0.404785156
vt 0.500976562 0.415283203
vt 0.461914062 0.405029297
vt 0.462158203 0.397216797
vt 0.445800781 0.397216797
vt 0.479003906 0.414550781
vt 0.499755859 0.449707031
vt 0.445068359 0.402832031
vt 0.423095703 0.397216797
vt 0.423095703 0.400390625
vt 0.423095703 0.404785156
vt 0.459716797 0.414306641
vt 0.443359375 0.41015625
vt 0.4375 0.424804688
vt 0.423095703 0.414794922
vt 0.421875 0.414794922
vt 0.454101562 0.432861328
vt 0.467041016 0.438720703
vt 0.478759766 0.443603516
vt 0.433105469 0.432373047
vt 0.420410156 0.433105469
vt 0.420410156 0.414794922
vt 0.418945312 0.414794922
vt 0.478759766 0.458984375
vt 0.5 0.465820312
vt 0.464355469 0.452636719
vt 0.450195312 0.443603516
vt 0.479492188 0.475097656
vt 0.500488281 0.479980469
vt 0.438476562 0.447998047
vt 0.465087891 0.466796875
vt 0.447021484 0.453613281
vt 0.479248047 0.481201172
vt 0.500976562 0.496582031
vt 0.479003906 0.496582031
vt 0.465332031 0.481201172
vt 0.451416016 0.496582031
vt 0.448974609 0.467041016
vt 0.449951172 0.481689453
vt 0.420410156 0.496582031
vt 0.420410156 0.481201172
vt 0.420410156 0.466796875
vt 0.399658203 0.481933594
vt 0.399169922 0.467529297
vt 0.420410156 0.449462891
vt 0.407470703 0.448486328
vt 0.383789062 0.468017578
vt 0.410888672 0.432617188
vt 0.400146484 0.454589844
vt 0.369873047 0.460693359
vt 0.349121094 0.452148438
vt 0.396484375 0.445068359
vt 0.383544922 0.454101562
vt 0.369384766 0.445800781
vt 0.349121094 0.399169922
vt 0.400878906 0.425537109
vt 0.415283203 0.414794922
vt 0.392089844 0.434570312
vt 0.383789062 0.393798828
vt 0.398925781 0.391845703
vt 0.415283203 0.389648438
vt 0.413574219 0.353759766
vt 0.380615234 0.440673828
vt 0.3671875 0.397460938
vt 0.351074219 0.355712891
vt 0.397216797 0.351318359
vt 0.413085938 0.344970703
vt 0.367431641 0.352294922
vt 0.351318359 0.346679688
vt 0.397216797 0.337402344
vt 0.382568359 0.337158203
vt 0.413574219 0.335449219
vt 0.3828125 0.349609375
vt 0.365722656 0.338378906
vt 0.351074219 0.338378906
vt 0.398681641 0.314208984
vt 0.415527344 0.318603516
vt 0.416503906 0.298339844
vt 0.364501953 0.312011719
vt 0.349609375 0.320556641
vt 0.349121094 0.295166016
vt 0.3671875 0.280273438
vt 0.349121094 0.279785156
vt 0.349121094 0.257080078
vt 0.364990234 0.257080078
vt 0.383056641 0.257080078
vt 0.382324219 0.309082031
vt 0.398925781 0.281005859
vt 0.416503906 0.281005859
vt 0.383789062 0.280517578
vt 0.398925781 0.257080078
vt 0.416503906 0.257080078
vt 0.189086914 0.51171875
vt 0.189086914 0.561035156
vt 0.168457031 0.561035156
vt 0.170654297 0.51171875
vt 0.154296875 0.561035156
vt 0.16015625 0.51171875
vt 0.144775391 0.51171875
vt 0.141479492 0.561035156
vt 0.128295898 0.561035156
vt 0.131713867 0.51171875
vt 0.122009277 0.51171875
vt 0.114379883 0.561035156
vt 0.0939941406 0.51171875
vt 0.0939941406 0.561035156
vt 0.0698242188 0.561035156
vt 0.0708007812 0.51171875
vt 0.0523986816 0.561035156
vt 0.0516967773 0.51171875
vt 0.0335083008 0.51171875
vt 0.0349121094 0.561035156
vt 0.012802124 0.561035156
vt 0.012802124 0.51171875
vt 0.502929688 0.8671875
vt 0.502929688 0.854980469
vt 0.510253906 0.854980469
vt 0.510253906 0.8671875
vt 0.513671875 0.854980469
vt 0.513671875 0.8671875
vt 0.516601562 0.8671875
vt 0.516601562 0.854980469
vt 0.520507812 0.854980469
vt 0.520507812 0.8671875
vt 0.524414062 0.8671875
vt 0.524414062 0.854980469
vt 0.531738281 0.854980469
vt 0.531738281 0.8671875
vt 0.5390625 0.854980469
vt 0.5390625 0.8671875
vt 0.542480469 0.854980469
vt 0.542480469 0.8671875
vt 0.545410156 0.8671875
vt 0.545410156 0.854980469
vt 0.550292969 0.854980469
vt 0.550292969 0.8671875
vt 0.559570312 0.854980469
vt 0.559570312 0.8671875
vt 0.978027344 0.874023438
vt 0.985351562 0.868164062
vt 0.981445312 0.868164062
vt 0.978027344 0.874023438
vt 0.985351562 0.874023438
vt 0.978027344 0.868164062
vt 0.985351562 0.878417969
vt 0.974121094 0.868164062
vt 0.978027344 0.874023438
vt 0.981445312 0.878417969
vt 0.970703125 0.868164062
vt 0.970703125 0.874023438
vt 0.978027344 0.878417969
vt 0.97265625 0.878417969
vt 0.978027344 0.874023438
vt 0.981445312 0.868164062
vt 0.985351562 0.868164062
vt 0.978027344 0.874023438
vt 0.978027344 0.868164062
vt 0.985351562 0.874023438
vt 0.974121094 0.868164062
vt 0.985351562 0.878417969
vt 0.978027344 0.874023438
vt 0.970703125 0.868164062
vt 0.981445312 0.878417969
vt 0.970703125 0.874023438
vt 0.978027344 0.878417969
vt 0.97265625 0.878417969
vt 0.768066406 0.68359375
vt 0.768066406 0.762695312
vt 0.783203125 0.762695312
vt 0.783203125 0.68359375
vt 0.795898438 0.762695312
vt 0.795898438 0.68359375
vt 0.811035156 0.762695312
vt 0.811035156 0.68359375
vt 0.824707031 0.762695312
vt 0.824707031 0.68359375
vt 0.837890625 0.762695312
vt 0.837890625 0.68359375
vt 0.851074219 0.762695312
vt 0.851074219 0.68359375
vt 0.865234375 0.762695312
vt 0.865234375 0.68359375
vt 0.768066406 0.68359375
vt 0.783203125 0.762695312
vt 0.768066406 0.762695312
vt 0.783203125 0.68359375
vt 0.795898438 0.762695312
vt 0.795898438 0.68359375
vt 0.811035156 0.762695312
vt 0.811035156 0.68359375
vt 0.824707031 0.762695312
vt 0.824707031 0.68359375
vt 0.837890625 0.762695312
vt 0.837890625 0.68359375
vt 0.851074219 0.762695312
vt 0.851074219 0.68359375
vt 0.865234375 0.762695312
vt 0.865234375 0.68359375
vt 0.245117188 0.916015625
vt 0.209716797 0.916015625
vt 0.209716797 0.865234375
vt 0.245117188 0.865234375
vt 0.637695312 0.989746094
vt 0.634765625 0.983886719
vt 0.642578125 0.983886719
vt 0.642578125 0.989746094
vt 0.650390625 0.989746094
vt 0.652832031 0.983886719
vt 0.681640625 0.875
vt 0.677734375 0.884277344
vt 0.677734375 0.867675781
vt 0.671875 0.867675781
vt 0.671875 0.884277344
vt 0.679199219 0.939941406
vt 0.664550781 0.939941406
vt 0.664550781 0.919921875
vt 0.679199219 0.919921875
vt 0.697753906 0.939941406
vt 0.697753906 0.919921875
vt 0.7109375 0.919921875
vt 0.7109375 0.939941406
vt 0.725585938 0.919921875
vt 0.725585938 0.939941406
vt 0.916992188 0.848144531
vt 0.946777344 0.840332031
vt 0.946777344 0.848144531
vt 0.931640625 0.840820312
vt 0.916992188 0.8203125
vt 0.931640625 0.8203125
vt 0.946777344 0.796386719
vt 0.931640625 0.796386719
vt 0.916992188 0.796386719
vt 0.916992188 0.765136719
vt 0.931640625 0.772949219
vt 0.946777344 0.772949219
vt 0.946777344 0.765136719
vt 0.245117188 0.916015625
vt 0.209716797 0.916015625
vt 0.209716797 0.865234375
vt 0.245117188 0.865234375
vt 0.245117188 0.916015625
vt 0.209716797 0.916015625
vt 0.209716797 0.865234375
vt 0.245117188 0.865234375
vt 0.57421875 0.973144531
vt 0.57421875 0.954589844
vt 0.547363281 0.954589844
vt 0.547363281 0.973144531
vt 0.528320312 0.973144531
vt 0.527832031 0.954589844
vt 0.501953125 0.973144531
vt 0.501953125 0.954589844
vt 0.591308594 0.909179688
vt 0.573242188 0.894042969
vt 0.573242188 0.90625
vt 0.61328125 0.896484375
vt 0.6015625 0.9140625
vt 0.573242188 0.878417969
vt 0.607421875 0.875488281
vt 0.573242188 0.870605469
vt 0.604492188 0.856445312
vt 0.573242188 0.856445312
vt 0.655273438 0.856445312
vt 0.655273438 0.879394531
vt 0.655273438 0.91015625
vt 0.618164062 0.912109375
vt 0.6015625 0.9140625
vt 0.655273438 0.947265625
vt 0.616210938 0.934570312
vt 0.655273438 0.973144531
vt 0.607910156 0.973144531
vt 0.600585938 0.936035156
vt 0.591796875 0.916992188
vt 0.6015625 0.9140625
vt 0.576171875 0.915527344
vt 0.576171875 0.953125
vt 0.576171875 0.973144531
vt 0.577636719 0.932617188
vt 0.551757812 0.9140625
vt 0.547851562 0.953125
vt 0.549316406 0.93359375
vt 0.527832031 0.912109375
vt 0.527832031 0.953125
vt 0.526855469 0.932128906
vt 0.501953125 0.922851562
vt 0.501953125 0.912597656
vt 0.501953125 0.942871094
vt 0.501953125 0.953125
vt 0.477539062 0.970703125
vt 0.484130859 0.970703125
vt 0.484130859 0.960449219
vt 0.477539062 0.960449219
vt 0.484130859 0.950683594
vt 0.477539062 0.950683594
vt 0.484130859 0.938964844
vt 0.477539062 0.938964844
vt 0.477539062 0.931640625
vt 0.484130859 0.931640625
vt 0.477539062 0.919433594
vt 0.484130859 0.919433594
vt 0.484130859 0.912597656
vt 0.477539062 0.912597656
vt 0.477539062 0.905761719
vt 0.484130859 0.905761719
vt 0.484130859 0.896972656
vt 0.477539062 0.896972656
vt 0.477539062 0.889648438
vt 0.484130859 0.889648438
vt 0.477294922 0.878417969
vt 0.484130859 0.878417969
vt 0.484130859 0.867675781
vt 0.477294922 0.867675781
vt 0.477294922 0.862792969
vt 0.484130859 0.862792969
vt 0.489257812 0.957519531
vt 0.489257812 0.973144531
vt 0.495605469 0.956054688
vt 0.495605469 0.938476562
vt 0.489257812 0.938476562
vt 0.495605469 0.922851562
vt 0.489257812 0.922851562
vt 0.495605469 0.907226562
vt 0.490478516 0.907226562
vt 0.493164062 0.896972656
vt 0.245117188 0.916015625
vt 0.209716797 0.916015625
vt 0.209716797 0.865234375
vt 0.245117188 0.865234375
vt 0.245117188 0.916015625
vt 0.209716797 0.916015625
vt 0.209716797 0.865234375
vt 0.245117188 0.865234375
vt 0.245117188 0.916015625
vt 0.245117188 0.865234375
vt 0.209716797 0.865234375
vt 0.209716797 0.916015625
vt 0.637695312 0.989746094
vt 0.642578125 0.983886719
vt 0.634765625 0.983886719
vt 0.642578125 0.989746094
vt 0.650390625 0.989746094
vt 0.652832031 0.983886719
vt 0.681640625 0.875
vt 0.677734375 0.867675781
vt 0.677734375 0.884277344
vt 0.671875 0.867675781
vt 0.671875 0.884277344
vt 0.679199219 0.939941406
vt 0.664550781 0.919921875
vt 0.664550781 0.939941406
vt 0.679199219 0.919921875
vt 0.697753906 0.939941406
vt 0.697753906 0.919921875
vt 0.7109375 0.939941406
vt 0.7109375 0.919921875
vt 0.725585938 0.919921875
vt 0.725585938 0.939941406
vt 0.916992188 0.848144531
vt 0.946777344 0.848144531
vt 0.946777344 0.840332031
vt 0.931640625 0.840820312
vt 0.916992188 0.8203125
vt 0.931640625 0.8203125
vt 0.946777344 0.796386719
vt 0.931640625 0.796386719
vt 0.916992188 0.796386719
vt 0.916992188 0.765136719
vt 0.931640625 0.772949219
vt 0.946777344 0.772949219
vt 0.946777344 0.765136719
vt 0.245117188 0.916015625
vt 0.245117188 0.865234375
vt 0.209716797 0.865234375
vt 0.209716797 0.916015625
vt 0.245117188 0.916015625
vt 0.245117188 0.865234375
vt 0.209716797 0.865234375
vt 0.209716797 0.916015625
vt 0.57421875 0.973144531
vt 0.547363281 0.954589844
vt 0.57421875 0.954589844
vt 0.547363281 0.973144531
vt 0.528320312 0.973144531
vt 0.527832031 0.954589844
vt 0.501953125 0.973144531
vt 0.501953125 0.954589844
vt 0.591308594 0.909179688
vt 0.573242188 0.90625
vt 0.573242188 0.894042969
vt 0.61328125 0.896484375
vt 0.6015625 0.9140625
vt 0.573242188 0.878417969
vt 0.607421875 0.875488281
vt 0.573242188 0.870605469
vt 0.604492188 0.856445312
vt 0.573242188 0.856445312
vt 0.655273438 0.856445312
vt 0.655273438 0.879394531
vt 0.655273438 0.91015625
vt 0.618164062 0.912109375
vt 0.6015625 0.9140625
vt 0.655273438 0.947265625
vt 0.616210938 0.934570312
vt 0.655273438 0.973144531
vt 0.607910156 0.973144531
vt 0.600585938 0.936035156
vt 0.591796875 0.916992188
vt 0.6015625 0.9140625
vt 0.576171875 0.915527344
vt 0.576171875 0.953125
vt 0.576171875 0.973144531
vt 0.577636719 0.932617188
vt 0.551757812 0.9140625
vt 0.547851562 0.953125
vt 0.549316406 0.93359375
vt 0.527832031 0.912109375
vt 0.527832031 0.953125
vt 0.526855469 0.932128906
vt 0.501953125 0.922851562
vt 0.501953125 0.912597656
vt 0.501953125 0.942871094
vt 0.501953125 0.953125
vt 0.477539062 0.970703125
vt 0.484130859 0.960449219
vt 0.484130859 0.970703125
vt 0.477539062 0.960449219
vt 0.484130859 0.950683594
vt 0.477539062 0.950683594
vt 0.484130859 0.938964844
vt 0.477539062 0.938964844
vt 0.477539062 0.931640625
vt 0.484130859 0.931640625
vt 0.477539062 0.919433594
vt 0.484130859 0.919433594
vt 0.477539062 0.912597656
vt 0.484130859 0.912597656
vt 0.477539062 0.905761719
vt 0.484130859 0.905761719
vt 0.484130859 0.896972656
vt 0.477539062 0.896972656
vt 0.477539062 0.889648438
vt 0.484130859 0.889648438
vt 0.477294922 0.878417969
vt 0.484130859 0.878417969
vt 0.484130859 0.867675781
vt 0.477294922 0.867675781
vt 0.477294922 0.862792969
vt 0.484130859 0.862792969
vt 0.489257812 0.957519531
vt 0.495605469 0.956054688
vt 0.489257812 0.973144531
vt 0.495605469 0.938476562
vt 0.489257812 0.938476562
vt 0.495605469 0.922851562
vt 0.489257812 0.922851562
vt 0.495605469 0.907226562
vt 0.490478516 0.907226562
vt 0.493164062 0.896972656
vt 0.245117188 0.916015625
vt 0.245117188 0.865234375
vt 0.209716797 0.865234375
vt 0.209716797 0.916015625
vt 0.245117188 0.916015625
vt 0.245117188 0.865234375
vt 0.209716797 0.865234375
vt 0.209716797 0.916015625
vt 0.9140625 0.604980469
vt 0.926757812 0.604980469
vt 0.959960938 0.610839844
vt 0.958496094 0.604980469
vt 0.961914062 0.604980469
vt 0.962402344 0.610839844
vt 0.970214844 0.604980469
vt 0.962402344 0.610839844
vt 0.969726562 0.610351562
vt 0.98046875 0.609375
vt 0.980957031 0.604980469
vt 0.991210938 0.604980469
vt 0.98046875 0.609375
vt 0.990722656 0.608886719
vt 0.926757812 0.604980469
vt 0.9140625 0.604980469
vt 0.961914062 0.604980469
vt 0.958496094 0.604980469
vt 0.959960938 0.610839844
vt 0.962402344 0.610839844
vt 0.953613281 0.611328125
vt 0.958496094 0.604980469
vt 0.951171875 0.604980469
vt 0.942382812 0.611816406
vt 0.940429688 0.604980469
vt 0.927246094 0.612304688
vt 0.926757812 0.604980469
vt 0.255615234 0.870605469
vt 0.259765625 0.870605469
vt 0.258544922 0.86328125
vt 0.255615234 0.885742188
vt 0.259765625 0.885742188
vt 0.255615234 0.888671875
vt 0.259765625 0.888671875
vt 0.255615234 0.889648438
vt 0.259765625 0.889648438
vt 0.256347656 0.890625
vt 0.259033203 0.890625
vt 0.258300781 0.891113281
vt 0.465820312 0.872558594
vt 0.466552734 0.876464844
vt 0.463623047 0.875488281
vt 0.467773438 0.879882812
vt 0.461669922 0.878417969
vt 0.461425781 0.882324219
vt 0.467529297 0.883789062
vt 0.464111328 0.888183594
vt 0.453857422 0.886230469
vt 0.448242188 0.885742188
vt 0.451171875 0.890136719
vt 0.454345703 0.883300781
vt 0.453369141 0.880371094
vt 0.447753906 0.8828125
vt 0.448730469 0.878417969
vt 0.451416016 0.877441406
vt 0.449951172 0.875
vt 0.455322266 0.904785156
vt 0.450683594 0.8984375
vt 0.456054688 0.898925781
vt 0.452880859 0.907226562
vt 0.448486328 0.90625
vt 0.445556641 0.903808594
vt 0.446289062 0.897949219
vt 0.457519531 0.98828125
vt 0.471191406 0.986328125
vt 0.471191406 0.970703125
vt 0.457519531 0.971191406
vt 0.471191406 0.962402344
vt 0.457519531 0.961425781
vt 0.457519531 0.947753906
vt 0.471191406 0.950683594
vt 0.471191406 0.939453125
vt 0.457519531 0.937011719
vt 0.457519531 0.920410156
vt 0.471191406 0.921386719
vt 0.470947266 0.907226562
vt 0.473144531 0.904785156
vt 0.472412109 0.898925781
vt 0.468505859 0.8984375
vt 0.466552734 0.907226562
vt 0.462890625 0.905273438
vt 0.463378906 0.898925781
vt 0.167114258 0.496826172
vt 0.160522461 0.489013672
vt 0.123352051 0.489013672
vt 0.126708984 0.496826172
vt 0.0874633789 0.489013672
vt 0.0874633789 0.496826172
vt 0.0483093262 0.496826172
vt 0.051574707 0.489013672
vt 0.00790405273 0.496826172
vt 0.0144119263 0.489013672
vt 0.160888672 0.4609375
vt 0.160522461 0.489013672
vt 0.167114258 0.496826172
vt 0.167114258 0.4609375
vt 0.167114258 0.430908203
vt 0.16027832 0.436279297
vt 0.162475586 0.426513672
vt 0.157592773 0.43359375
vt 0.127075195 0.426513672
vt 0.123046875 0.43359375
vt 0.0874633789 0.426513672
vt 0.0874633789 0.43359375
vt 0.051940918 0.43359375
vt 0.0478820801 0.426513672
vt 0.0173797607 0.43359375
vt 0.0124740601 0.426513672
vt 0.0146255493 0.436279297
vt 0.00790405273 0.430908203
vt 0.0141143799 0.4609375
vt 0.00790405273 0.4609375
vt 0.00790405273 0.496826172
vt 0.0144119263 0.489013672
vt 0.157592773 0.43359375
vt 0.160888672 0.4609375
vt 0.16027832 0.436279297
vt 0.123046875 0.43359375
vt 0.123352051 0.489013672
vt 0.160522461 0.489013672
vt 0.0874633789 0.43359375
vt 0.0874633789 0.489013672
vt 0.051574707 0.489013672
vt 0.051940918 0.43359375
vt 0.0141143799 0.4609375
vt 0.0144119263 0.489013672
vt 0.0173797607 0.43359375
vt 0.0146255493 0.436279297
vt 0.281005859 0.929199219
vt 0.291748047 0.956542969
vt 0.274169922 0.951660156
vt 0.271728516 0.975585938
vt 0.264648438 0.948242188
vt 0.266845703 0.933105469
vt 0.246704102 0.969726562
vt 0.263916016 0.974609375
vt 0.270507812 0.992675781
vt 0.245239258 0.992675781
vt 0.299804688 0.98046875
vt 0.295654297 0.992675781
vt 0.241699219 0.970214844
vt 0.223999023 0.992675781
vt 0.242919922 0.94921875
vt 0.234741211 0.969726562
vt 0.321289062 0.980957031
vt 0.321289062 0.992675781
vt 0.347900391 0.992675781
vt 0.345947266 0.977539062
vt 0.371582031 0.992675781
vt 0.303466797 0.958496094
vt 0.321777344 0.958984375
vt 0.298339844 0.942871094
vt 0.296875 0.925292969
vt 0.303710938 0.925292969
vt 0.337158203 0.955566406
vt 0.327880859 0.947753906
vt 0.368896484 0.976074219
vt 0.352539062 0.953613281
vt 0.378417969 0.974609375
vt 0.396972656 0.992675781
vt 0.345458984 0.940917969
vt 0.339599609 0.926757812
vt 0.348632812 0.931152344
vt 0.365478516 0.952636719
vt 0.360351562 0.9296875
vt 0.377197266 0.948730469
vt 0.375488281 0.933105469
vt 0.395507812 0.969726562
vt 0.400634766 0.970214844
vt 0.399414062 0.94921875
vt 0.407470703 0.969726562
vt 0.418212891 0.992675781
vt 0.360351562 0.9296875
vt 0.364990234 0.93359375
vt 0.365478516 0.952636719
vt 0.368896484 0.940429688
vt 0.276611328 0.929199219
vt 0.281005859 0.929199219
vt 0.274169922 0.951660156
vt 0.271240234 0.94140625
vt 0.321777344 0.926757812
vt 0.327880859 0.947753906
vt 0.317382812 0.943847656
vt 0.321777344 0.958984375
vt 0.321777344 0.926757812
vt 0.331054688 0.933105469
vt 0.327880859 0.947753906
vt 0.828125 0.642089844
vt 0.830078125 0.640136719
vt 0.828613281 0.639160156
vt 0.829589844 0.634277344
vt 0.8359375 0.647949219
vt 0.840332031 0.645996094
vt 0.837890625 0.645019531
vt 0.840820312 0.647949219
vt 0.947753906 0.875
vt 0.947753906 0.865722656
vt 0.952636719 0.865722656
vt 0.958984375 0.865722656
vt 0.958984375 0.868652344
vt 0.958984375 0.871582031
vt 0.958984375 0.875
vt 0.958984375 0.881347656
vt 0.952636719 0.881347656
vt 0.947753906 0.881347656
vt 0.947753906 0.865722656
vt 0.947753906 0.875
vt 0.952636719 0.865722656
vt 0.958984375 0.865722656
vt 0.958984375 0.868652344
vt 0.958984375 0.871582031
vt 0.958984375 0.875
vt 0.958984375 0.881347656
vt 0.952636719 0.881347656
vt 0.947753906 0.881347656
vt 0.833496094 0.954589844
vt 0.860351562 0.986328125
vt 0.860351562 0.954589844
vt 0.833496094 0.986328125
vt 0.801757812 0.954589844
vt 0.801757812 0.986328125
vt 0.772949219 0.986328125
vt 0.772949219 0.954589844
vt 0.74609375 0.986328125
vt 0.74609375 0.954589844
vt 0.726074219 0.986328125
vt 0.726074219 0.954589844
vt 0.7109375 0.954589844
vt 0.7109375 0.986328125
vt 0.689453125 0.954589844
vt 0.689453125 0.986328125
vt 0.669921875 0.954589844
vt 0.669921875 0.986328125
vt 0.947753906 0.875
vt 0.952636719 0.865722656
vt 0.947753906 0.865722656
vt 0.958984375 0.865722656
vt 0.958984375 0.868652344
vt 0.958984375 0.871582031
vt 0.958984375 0.875
vt 0.958984375 0.881347656
vt 0.952636719 0.881347656
vt 0.947753906 0.881347656
vt 0.947753906 0.865722656
vt 0.952636719 0.865722656
vt 0.947753906 0.875
vt 0.958984375 0.865722656
vt 0.958984375 0.868652344
vt 0.958984375 0.871582031
vt 0.958984375 0.875
vt 0.958984375 0.881347656
vt 0.952636719 0.881347656
vt 0.947753906 0.881347656
vt 0.833496094 0.954589844
vt 0.860351562 0.954589844
vt 0.860351562 0.986328125
vt 0.833496094 0.986328125
vt 0.801757812 0.954589844
vt 0.801757812 0.986328125
vt 0.772949219 0.986328125
vt 0.772949219 0.954589844
vt 0.74609375 0.986328125
vt 0.74609375 0.954589844
vt 0.726074219 0.986328125
vt 0.726074219 0.954589844
vt 0.7109375 0.954589844
vt 0.7109375 0.986328125
vt 0.689453125 0.954589844
vt 0.689453125 0.986328125
vt 0.669921875 0.954589844
vt 0.669921875 0.986328125
vt 0.172729492 0.779296875
vt 0.172729492 0.78515625
vt 0.177978516 0.788574219
vt 0.185424805 0.782226562
vt 0.172729492 0.774414062
vt 0.185302734 0.793945312
vt 0.185424805 0.774414062
vt 0.198608398 0.794433594
vt 0.192382812 0.801269531
vt 0.197387695 0.805664062
vt 0.198608398 0.784667969
vt 0.198608398 0.774414062
vt 0.211791992 0.786132812
vt 0.211791992 0.774414062
vt 0.211791992 0.8046875
vt 0.219482422 0.786132812
vt 0.219360352 0.774414062
vt 0.219482422 0.8046875
vt 0.219360352 0.814941406
vt 0.211791992 0.814941406
vt 0.201538086 0.810546875
vt 0.203735352 0.814941406
vt 0.205932617 0.819824219
vt 0.145385742 0.733886719
vt 0.166992188 0.759765625
vt 0.195800781 0.760742188
vt 0.208496094 0.737792969
vt 0.205810547 0.696777344
vt 0.138549805 0.711425781
vt 0.183105469 0.654296875
vt 0.147827148 0.655761719
vt 0.216308594 0.828613281
vt 0.217529297 0.83203125
vt 0.218017578 0.829589844
vt 0.214233398 0.831542969
vt 0.217163086 0.834960938
vt 0.213256836 0.834960938
vt 0.217651367 0.838378906
vt 0.212890625 0.837890625
vt 0.213378906 0.841308594
vt 0.21484375 0.84375
vt 0.21887207 0.844238281
vt 0.172729492 0.779296875
vt 0.177978516 0.788574219
vt 0.172729492 0.78515625
vt 0.185424805 0.782226562
vt 0.172729492 0.774414062
vt 0.185302734 0.793945312
vt 0.185424805 0.774414062
vt 0.198608398 0.794433594
vt 0.192382812 0.801269531
vt 0.197387695 0.805664062
vt 0.198608398 0.784667969
vt 0.198608398 0.774414062
vt 0.211791992 0.786132812
vt 0.211791992 0.774414062
vt 0.211791992 0.8046875
vt 0.219482422 0.786132812
vt 0.219360352 0.774414062
vt 0.219482422 0.8046875
vt 0.219360352 0.814941406
vt 0.211791992 0.814941406
vt 0.201538086 0.810546875
vt 0.203735352 0.814941406
vt 0.205932617 0.819824219
vt 0.196655273 0.830078125
vt 0.210449219 0.854980469
vt 0.197631836 0.868164062
vt 0.186523438 0.839355469
vt 0.163085938 0.805664062
vt 0.170654297 0.801269531
vt 0.125732422 0.774902344
vt 0.099609375 0.792480469
vt 0.0966186523 0.762695312
vt 0.156494141 0.885742188
vt 0.202392578 0.931152344
vt 0.123046875 0.818847656
vt 0.145141602 0.852539062
vt 0.0908813477 0.833007812
vt 0.0436706543 0.773925781
vt 0.0680541992 0.808105469
vt 0.0230102539 0.764160156
vt 0.0842895508 0.752441406
vt 0.00868225098 0.752441406
vt 0.0318603516 0.788085938
vt 0.119750977 0.895019531
vt 0.108337402 0.862792969
vt 0.130737305 0.931152344
vt 0.102966309 0.899414062
vt 0.0959472656 0.874023438
vt 0.0798950195 0.841308594
vt 0.0594787598 0.812988281
vt 0.0663452148 0.852050781
vt 0.073425293 0.873046875
vt 0.0201568604 0.810058594
vt 0.0512390137 0.826171875
vt 0.0189056396 0.779785156
vt 0.00868225098 0.778320312
vt 0.00868225098 0.752441406
vt 0.00868225098 0.809570312
vt 0.0193481445 0.813964844
vt 0.00868225098 0.813964844
vt 0.0212097168 0.829589844
vt 0.00868225098 0.826660156
vt 0.0190734863 0.839355469
vt 0.00868225098 0.839355469
vt 0.00868225098 0.854980469
vt 0.0215911865 0.85546875
vt 0.0155334473 0.872070312
vt 0.00868225098 0.868652344
vt 0.00868225098 0.875
vt 0.0323791504 0.865234375
vt 0.0179595947 0.900390625
vt 0.00868225098 0.900390625
vt 0.00868225098 0.921386719
vt 0.0311279297 0.895019531
vt 0.0267944336 0.921875
vt 0.0797729492 0.898925781
vt 0.111999512 0.9296875
vt 0.0379943848 0.947265625
vt 0.00868225098 0.941894531
vt 0.00868225098 0.993652344
vt 0.0392456055 0.993652344
vt 0.0895385742 0.950683594
vt 0.0859375 0.993652344
vt 0.0867919922 0.927734375
vt 0.111022949 0.951660156
vt 0.115600586 0.993652344
vt 0.132324219 0.993652344
vt 0.130493164 0.950683594
vt 0.196777344 0.993652344
vt 0.227539062 0.930175781
vt 0.216308594 0.828613281
vt 0.218017578 0.829589844
vt 0.217529297 0.83203125
vt 0.214233398 0.831542969
vt 0.217163086 0.834960938
vt 0.213256836 0.834960938
vt 0.217651367 0.838378906
vt 0.212890625 0.837890625
vt 0.213378906 0.841308594
vt 0.21484375 0.84375
vt 0.21887207 0.844238281
vt 0.196655273 0.830078125
vt 0.197631836 0.868164062
vt 0.210449219 0.854980469
vt 0.186523438 0.839355469
vt 0.163085938 0.805664062
vt 0.170654297 0.801269531
vt 0.125732422 0.774902344
vt 0.099609375 0.792480469
vt 0.0966186523 0.762695312
vt 0.156494141 0.885742188
vt 0.202392578 0.931152344
vt 0.123046875 0.818847656
vt 0.145141602 0.852539062
vt 0.0908813477 0.833007812
vt 0.0436706543 0.773925781
vt 0.0680541992 0.808105469
vt 0.0230102539 0.764160156
vt 0.0842895508 0.752441406
vt 0.00868225098 0.752441406
vt 0.0318603516 0.788085938
vt 0.119750977 0.895019531
vt 0.108337402 0.862792969
vt 0.130737305 0.931152344
vt 0.102966309 0.899414062
vt 0.0959472656 0.874023438
vt 0.0798950195 0.841308594
vt 0.0594787598 0.812988281
vt 0.0663452148 0.852050781
vt 0.073425293 0.873046875
vt 0.0189056396 0.779785156
vt 0.0201568604 0.810058594
vt 0.00868225098 0.778320312
vt 0.00868225098 0.752441406
vt 0.00868225098 0.809570312
vt 0.0512390137 0.822753906
vt 0.0193481445 0.813964844
vt 0.00868225098 0.813964844
vt 0.0212097168 0.826171875
vt 0.00868225098 0.826660156
vt 0.0190734863 0.839355469
vt 0.00868225098 0.839355469
vt 0.00868225098 0.854980469
vt 0.0215911865 0.85546875
vt 0.0323791504 0.865234375
vt 0.0155334473 0.872070312
vt 0.00868225098 0.868652344
vt 0.00868225098 0.875
vt 0.0311279297 0.895019531
vt 0.0179595947 0.900390625
vt 0.00868225098 0.900390625
vt 0.00868225098 0.921386719
vt 0.0797729492 0.898925781
vt 0.0267944336 0.921875
vt 0.111999512 0.9296875
vt 0.0379943848 0.947265625
vt 0.00868225098 0.941894531
vt 0.00868225098 0.993652344
vt 0.0392456055 0.993652344
vt 0.0895385742 0.950683594
vt 0.0859375 0.993652344
vt 0.0867919922 0.927734375
vt 0.111022949 0.951660156
vt 0.115600586 0.993652344
vt 0.132324219 0.993652344
vt 0.130493164 0.950683594
vt 0.196777344 0.993652344
vt 0.227539062 0.930175781
vt 0.145385742 0.733886719
vt 0.195800781 0.760742188
vt 0.166992188 0.759765625
vt 0.208496094 0.737792969
vt 0.205810547 0.696777344
vt 0.138549805 0.711425781
vt 0.183105469 0.654296875
vt 0.147827148 0.655761719
vt 0.255615234 0.870605469
vt 0.259765625 0.870605469
vt 0.257080078 0.856445312
vt 0.255615234 0.885742188
vt 0.259765625 0.885742188
vt 0.255615234 0.897949219
vt 0.259765625 0.897949219
vt 0.257568359 0.91015625
vt 0.264892578 0.913574219
vt 0.267578125 0.922363281
vt 0.2578125 0.912597656
vt 0.271484375 0.907714844
vt 0.267578125 0.905761719
vt 0.274414062 0.889160156
vt 0.270996094 0.888183594
vt 0.271240234 0.873046875
vt 0.274902344 0.873535156
vt 0.274169922 0.870605469
vt 0.270507812 0.870605469
vt 0.266845703 0.860351562
vt 0.264648438 0.854980469
vt 0.255615234 0.877441406
vt 0.259765625 0.877441406
vt 0.257080078 0.856445312
vt 0.255615234 0.897949219
vt 0.259765625 0.897949219
vt 0.257568359 0.91015625
vt 0.259033203 0.8671875
vt 0.257080078 0.856445312
vt 0.256103516 0.8671875
vt 0.255615234 0.884277344
vt 0.259765625 0.883300781
vt 0.255615234 0.897949219
vt 0.259765625 0.897949219
vt 0.257568359 0.91015625
vt 0.234130859 0.836914062
vt 0.24230957 0.822753906
vt 0.233642578 0.822753906
vt 0.234619141 0.7734375
vt 0.240112305 0.7734375
vt 0.235595703 0.739746094
vt 0.234130859 0.836914062
vt 0.233642578 0.822753906
vt 0.24230957 0.822753906
vt 0.234619141 0.7734375
vt 0.240112305 0.7734375
vt 0.235595703 0.739746094
vt 0.256103516 0.8671875
vt 0.257080078 0.856445312
vt 0.259033203 0.8671875
vt 0.259765625 0.883300781
vt 0.255615234 0.884277344
vt 0.255615234 0.897949219
vt 0.259765625 0.897949219
vt 0.257568359 0.91015625
vt 0.264892578 0.913574219
vt 0.2578125 0.912597656
vt 0.267578125 0.922363281
vt 0.271484375 0.907714844
vt 0.267578125 0.905761719
vt 0.274414062 0.889160156
vt 0.270996094 0.888183594
vt 0.271240234 0.873046875
vt 0.274902344 0.873535156
vt 0.274169922 0.870605469
vt 0.270507812 0.870605469
vt 0.266845703 0.860351562
vt 0.264648438 0.854980469
vt 0.255615234 0.877441406
vt 0.257080078 0.856445312
vt 0.259765625 0.877441406
vt 0.255615234 0.897949219
vt 0.259765625 0.897949219
vt 0.257568359 0.91015625
vt 0.333496094 0.59765625
vt 0.353271484 0.581542969
vt 0.358642578 0.599121094
vt 0.408691406 0.5859375
vt 0.369873047 0.570800781
vt 0.471191406 0.639160156
vt 0.491455078 0.649414062
vt 0.490478516 0.676269531
vt 0.480224609 0.622558594
vt 0.490234375 0.623535156
vt 0.489257812 0.605957031
vt 0.338867188 0.701660156
vt 0.351806641 0.690429688
vt 0.344726562 0.684082031
vt 0.363769531 0.681152344
vt 0.349853516 0.662109375
vt 0.351806641 0.690429688
vt 0.338867188 0.701660156
vt 0.371826172 0.69140625
vt 0.363769531 0.681152344
vt 0.333251953 0.674804688
vt 0.338867188 0.701660156
vt 0.344726562 0.684082031
vt 0.349853516 0.662109375
vt 0.544433594 0.76171875
vt 0.532226562 0.75390625
vt 0.536132812 0.749511719
vt 0.520507812 0.745117188
vt 0.528808594 0.739746094
vt 0.543457031 0.730957031
vt 0.543945312 0.747558594
vt 0.544433594 0.76171875
vt 0.55859375 0.758300781
vt 0.544433594 0.76171875
vt 0.553222656 0.752929688
vt 0.572753906 0.754882812
vt 0.5625 0.741699219
vt 0.544433594 0.76171875
vt 0.543945312 0.747558594
vt 0.548339844 0.75
vt 0.543457031 0.730957031
vt 0.555175781 0.733886719
vt 0.5625 0.741699219
vt 0.548339844 0.75
vt 0.555175781 0.733886719
vt 0.553222656 0.752929688
vt 0.544433594 0.76171875
vt 0.173217773 0.620605469
vt 0.186157227 0.641601562
vt 0.187744141 0.618652344
vt 0.159057617 0.599121094
vt 0.186523438 0.605957031
vt 0.186523438 0.605957031
vt 0.202880859 0.615722656
vt 0.218383789 0.592773438
vt 0.187744141 0.618652344
vt 0.186157227 0.641601562
vt 0.540527344 0.495849609
vt 0.537597656 0.512207031
vt 0.558105469 0.497558594
vt 0.539550781 0.483154297
vt 0.526367188 0.51171875
vt 0.537597656 0.512207031
vt 0.528808594 0.502441406
vt 0.511230469 0.509765625
vt 0.514160156 0.490722656
vt 0.67578125 0.664550781
vt 0.693359375 0.662109375
vt 0.707519531 0.678710938
vt 0.670898438 0.630859375
vt 0.6796875 0.629394531
vt 0.66796875 0.605957031
vt 0.659179688 0.632324219
vt 0.659179688 0.666015625
vt 0.659667969 0.692382812
vt 0.635253906 0.668457031
vt 0.646972656 0.633789062
vt 0.638671875 0.597167969
vt 0.631347656 0.635253906
vt 0.537597656 0.512207031
vt 0.548828125 0.513183594
vt 0.558105469 0.497558594
vt 0.561523438 0.517578125
vt 0.325195312 0.562988281
vt 0.340820312 0.569824219
vt 0.328857422 0.579589844
vt 0.321533203 0.572753906
vt 0.305175781 0.551757812
vt 0.313964844 0.587890625
vt 0.310302734 0.570800781
vt 0.281982422 0.594726562
vt 0.282226562 0.572753906
vt 0.297363281 0.591308594
vt 0.302734375 0.579101562
vt 0.313964844 0.587890625
vt 0.302734375 0.579101562
vt 0.282226562 0.572753906
vt 0.287597656 0.557128906
vt 0.310302734 0.570800781
vt 0.305175781 0.551757812
vt 0.313964844 0.587890625
vt 0.743652344 0.712890625
vt 0.739257812 0.720703125
vt 0.728515625 0.709472656
vt 0.75390625 0.71875
vt 0.754394531 0.745605469
vt 0.754394531 0.745605469
vt 0.73046875 0.75
vt 0.729003906 0.724121094
vt 0.739257812 0.720703125
vt 0.728515625 0.709472656
vt 0.591308594 0.735351562
vt 0.576660156 0.729003906
vt 0.587890625 0.720703125
vt 0.583496094 0.704101562
vt 0.561035156 0.721679688
vt 0.587890625 0.720703125
vt 0.596191406 0.719238281
vt 0.591308594 0.735351562
vt 0.583496094 0.704101562
vt 0.602539062 0.69921875
vt 0.59375 0.694824219
vt 0.227783203 0.590820312
vt 0.243652344 0.590332031
vt 0.239013672 0.598144531
vt 0.262207031 0.594238281
vt 0.251220703 0.606445312
vt 0.261474609 0.57421875
vt 0.262207031 0.594238281
vt 0.243652344 0.590332031
vt 0.237670898 0.580566406
vt 0.227783203 0.590820312
vt 0.248779297 0.566894531
vt 0.250244141 0.561523438
vt 0.259033203 0.552246094
vt 0.241577148 0.563964844
vt 0.235107422 0.548828125
vt 0.374267578 0.618652344
vt 0.434082031 0.618652344
vt 0.398925781 0.628417969
vt 0.398681641 0.602050781
vt 0.431640625 0.696289062
vt 0.415527344 0.696289062
vt 0.430419922 0.70703125
vt 0.441650391 0.694335938
vt 0.446289062 0.71484375
vt 0.409179688 0.772949219
vt 0.419189453 0.789550781
vt 0.43359375 0.777832031
vt 0.429199219 0.800292969
vt 0.436523438 0.798339844
vt 0.441650391 0.814941406
vt 0.507324219 0.653320312
vt 0.491455078 0.649414062
vt 0.490234375 0.623535156
vt 0.490478516 0.676269531
vt 0.499023438 0.621582031
vt 0.511230469 0.639648438
vt 0.490234375 0.623535156
vt 0.489257812 0.605957031
vt 0.529785156 0.618652344
vt 0.538085938 0.623046875
vt 0.542480469 0.600585938
vt 0.545898438 0.620117188
vt 0.547851562 0.633300781
vt 0.536132812 0.646972656
vt 0.559570312 0.6484375
vt 0.547851562 0.633300781
vt 0.583007812 0.603515625
vt 0.522949219 0.59765625
vt 0.542480469 0.600585938
vt 0.526367188 0.608886719
vt 0.506347656 0.595703125
vt 0.514648438 0.61328125
vt 0.514648438 0.61328125
vt 0.529785156 0.618652344
vt 0.511230469 0.639648438
vt 0.526367188 0.608886719
vt 0.542480469 0.600585938
vt 0.462890625 0.796386719
vt 0.498535156 0.787597656
vt 0.43359375 0.777832031
vt 0.452880859 0.767578125
vt 0.437744141 0.74609375
vt 0.409179688 0.772949219
vt 0.403564453 0.759277344
vt 0.445800781 0.803222656
vt 0.453125 0.791503906
vt 0.436523438 0.798339844
vt 0.441650391 0.814941406
vt 0.409179688 0.772949219
vt 0.366943359 0.770507812
vt 0.395263672 0.813964844
vt 0.409667969 0.801269531
vt 0.414550781 0.846191406
vt 0.419189453 0.789550781
vt 0.429199219 0.800292969
vt 0.427978516 0.812988281
vt 0.441650391 0.814941406
vt 0.421142578 0.814941406
vt 0.414550781 0.846191406
vt 0.369873047 0.729003906
vt 0.369384766 0.711914062
vt 0.360107422 0.727050781
vt 0.351806641 0.735839844
vt 0.376708984 0.75
vt 0.415527344 0.696289062
vt 0.41015625 0.70703125
vt 0.417724609 0.716308594
vt 0.405761719 0.731445312
vt 0.405517578 0.709960938
vt 0.386962891 0.700683594
vt 0.424804688 0.684082031
vt 0.415527344 0.696289062
vt 0.431640625 0.696289062
vt 0.441650391 0.694335938
vt 0.434814453 0.674316406
vt 0.19909668 0.576171875
vt 0.220336914 0.584472656
vt 0.205444336 0.568359375
vt 0.201171875 0.5546875
vt 0.350341797 0.747558594
vt 0.323730469 0.760253906
vt 0.302734375 0.752929688
vt 0.306884766 0.73046875
vt 0.368408203 0.518066406
vt 0.390625 0.518066406
vt 0.404052734 0.506835938
vt 0.394287109 0.532226562
vt 0.458740234 0.748046875
vt 0.458740234 0.713378906
vt 0.487548828 0.756347656
vt 0.490722656 0.735351562
vt 0.502929688 0.734863281
vt 0.514160156 0.740722656
vt 0.484375 0.718261719
vt 0.517578125 0.718261719
vt 0.489257812 0.716308594
vt 0.478515625 0.703613281
vt 0.490966797 0.712402344
vt 0.505371094 0.71875
vt 0.506347656 0.70703125
vt 0.512207031 0.703613281
vt 0.506347656 0.691894531
vt 0.224609375 0.51953125
vt 0.231079102 0.521484375
vt 0.238037109 0.543945312
vt 0.231811523 0.502929688
vt 0.284179688 0.600097656
vt 0.300537109 0.607421875
vt 0.260986328 0.628417969
vt 0.262207031 0.594238281
vt 0.287597656 0.557128906
vt 0.275878906 0.544433594
vt 0.298095703 0.505859375
vt 0.305175781 0.551757812
vt 0.453613281 0.806640625
vt 0.445800781 0.803222656
vt 0.441650391 0.814941406
vt 0.46484375 0.80078125
vt 0.453125 0.791503906
vt 0.471923828 0.574707031
vt 0.468017578 0.588867188
vt 0.481933594 0.588378906
vt 0.482666016 0.579589844
vt 0.499511719 0.588867188
vt 0.486816406 0.573730469
vt 0.477539062 0.560058594
vt 0.519042969 0.697265625
vt 0.512207031 0.703613281
vt 0.506347656 0.691894531
vt 0.52734375 0.699707031
vt 0.517578125 0.718261719
vt 0.52734375 0.699707031
vt 0.533691406 0.721191406
vt 0.517578125 0.718261719
vt 0.543945312 0.700195312
vt 0.540039062 0.675292969
vt 0.561035156 0.721679688
vt 0.562011719 0.698242188
vt 0.812988281 0.625976562
vt 0.812011719 0.624511719
vt 0.811523438 0.625976562
vt 0.812011719 0.626464844
vt 0.810546875 0.627929688
vt 0.814941406 0.626464844
vt 0.812988281 0.625976562
vt 0.812011719 0.626464844
vt 0.8125 0.627441406
vt 0.810546875 0.627929688
vt 0.624023438 0.652832031
vt 0.585449219 0.661132812
vt 0.586425781 0.640136719
vt 0.574707031 0.648925781
vt 0.424560547 0.541015625
vt 0.480712891 0.536132812
vt 0.446533203 0.563476562
vt 0.443603516 0.509277344
vt 0.583007812 0.603515625
vt 0.586425781 0.640136719
vt 0.574707031 0.648925781
vt 0.559570312 0.6484375
vt 0.545898438 0.78125
vt 0.543457031 0.803222656
vt 0.5078125 0.801269531
vt 0.521972656 0.766113281
vt 0.45703125 0.622558594
vt 0.480224609 0.622558594
vt 0.471191406 0.639160156
vt 0.471191406 0.615722656
vt 0.448242188 0.606445312
vt 0.489257812 0.605957031
vt 0.470703125 0.605957031
vt 0.544433594 0.584472656
vt 0.538085938 0.546386719
vt 0.556640625 0.5546875
vt 0.529785156 0.556640625
vt 0.525878906 0.58203125
vt 0.520996094 0.539550781
vt 0.522460938 0.560058594
vt 0.293701172 0.6875
vt 0.299560547 0.708007812
vt 0.283203125 0.694335938
vt 0.283203125 0.677734375
vt 0.30859375 0.673828125
vt 0.265136719 0.685058594
vt 0.258789062 0.739746094
vt 0.293212891 0.73046875
vt 0.284912109 0.752929688
vt 0.279785156 0.719726562
vt 0.299560547 0.708007812
vt 0.280761719 0.706542969
vt 0.253417969 0.714355469
vt 0.227050781 0.690917969
vt 0.244873047 0.67578125
vt 0.265136719 0.685058594
vt 0.228637695 0.660644531
vt 0.771484375 0.655761719
vt 0.756347656 0.67578125
vt 0.733886719 0.679199219
vt 0.752929688 0.654296875
vt 0.758789062 0.645996094
vt 0.749511719 0.639648438
vt 0.767089844 0.631347656
vt 0.773925781 0.633300781
vt 0.778320312 0.610839844
vt 0.783203125 0.634765625
vt 0.792480469 0.666015625
vt 0.736328125 0.640136719
vt 0.745117188 0.618164062
vt 0.73828125 0.620117188
vt 0.740722656 0.600585938
vt 0.731445312 0.620117188
vt 0.724121094 0.639648438
vt 0.719726562 0.655761719
vt 0.71875 0.679199219
vt 0.719726562 0.69921875
vt 0.707519531 0.678710938
vt 0.712402344 0.634765625
vt 0.705078125 0.634765625
vt 0.693359375 0.662109375
vt 0.702636719 0.606933594
vt 0.695800781 0.634765625
vt 0.283203125 0.677734375
vt 0.270507812 0.654296875
vt 0.30859375 0.673828125
vt 0.258056641 0.659179688
vt 0.265136719 0.685058594
vt 0.246826172 0.634277344
vt 0.248291016 0.661132812
vt 0.244873047 0.67578125
vt 0.265136719 0.685058594
vt 0.815429688 0.655273438
vt 0.808105469 0.663574219
vt 0.81640625 0.662109375
vt 0.805175781 0.659667969
vt 0.799804688 0.666503906
vt 0.803710938 0.657226562
vt 0.809082031 0.642578125
vt 0.708984375 0.842285156
vt 0.723632812 0.782226562
vt 0.707519531 0.799316406
vt 0.694335938 0.79296875
vt 0.7109375 0.773925781
vt 0.712890625 0.790039062
vt 0.689453125 0.838378906
vt 0.689941406 0.852539062
vt 0.666015625 0.835449219
vt 0.678710938 0.80078125
vt 0.653808594 0.803710938
vt 0.653320312 0.836914062
vt 0.669921875 0.764648438
vt 0.653808594 0.766113281
vt 0.661621094 0.724121094
vt 0.654296875 0.725097656
vt 0.654785156 0.6953125
vt 0.668945312 0.720703125
vt 0.686035156 0.759765625
vt 0.695800781 0.755859375
vt 0.707519531 0.771972656
vt 0.702636719 0.754394531
vt 0.694824219 0.735351562
vt 0.677246094 0.714355469
vt 0.69140625 0.741699219
vt 0.674316406 0.703613281
vt 0.682617188 0.713378906
vt 0.814453125 0.639160156
vt 0.815917969 0.638671875
vt 0.815429688 0.637695312
vt 0.816894531 0.636230469
vt 0.817871094 0.638183594
vt 0.816894531 0.640136719
vt 0.814941406 0.640625
vt 0.818359375 0.639160156
vt 0.820800781 0.629882812
vt 0.8203125 0.629394531
vt 0.8203125 0.629882812
vt 0.819335938 0.629882812
vt 0.819335938 0.630371094
vt 0.818847656 0.629394531
vt 0.818359375 0.630371094
vt 0.345458984 0.510253906
vt 0.359863281 0.522460938
vt 0.351806641 0.528808594
vt 0.347412109 0.553710938
vt 0.486816406 0.556640625
vt 0.504394531 0.546875
vt 0.505859375 0.558105469
vt 0.520996094 0.539550781
vt 0.516113281 0.569824219
vt 0.881835938 0.604980469
vt 0.881835938 0.610351562
vt 0.873535156 0.610839844
vt 0.873535156 0.604980469
vt 0.883300781 0.634765625
vt 0.881835938 0.610351562
vt 0.890625 0.609863281
vt 0.889160156 0.634765625
vt 0.958496094 0.604980469
vt 0.959960938 0.610839844
vt 0.953613281 0.611328125
vt 0.951171875 0.604980469
vt 0.942382812 0.611328125
vt 0.940429688 0.604980469
vt 0.927246094 0.612304688
vt 0.926757812 0.604980469
vt 0.915527344 0.63671875
vt 0.914550781 0.612792969
vt 0.927246094 0.612304688
vt 0.927734375 0.636230469
vt 0.898925781 0.610839844
vt 0.894042969 0.604980469
vt 0.898925781 0.604980469
vt 0.895507812 0.609863281
vt 0.888671875 0.604980469
vt 0.890625 0.609863281
vt 0.898925781 0.610839844
vt 0.904785156 0.611816406
vt 0.907226562 0.635742188
vt 0.901855469 0.635742188
vt 0.914550781 0.612792969
vt 0.904785156 0.611816406
vt 0.905273438 0.604980469
vt 0.9140625 0.604980469
vt 0.873535156 0.610839844
vt 0.881835938 0.610351562
vt 0.881835938 0.604980469
vt 0.873535156 0.604980469
vt 0.890625 0.609863281
vt 0.881835938 0.610351562
vt 0.883300781 0.634765625
vt 0.889160156 0.634765625
vt 0.927734375 0.636230469
vt 0.927246094 0.612304688
vt 0.914550781 0.612792969
vt 0.915527344 0.63671875
vt 0.894042969 0.604980469
vt 0.898925781 0.611328125
vt 0.898925781 0.604980469
vt 0.895507812 0.610351562
vt 0.888671875 0.604980469
vt 0.890625 0.609863281
vt 0.907226562 0.635742188
vt 0.904785156 0.611816406
vt 0.898925781 0.611328125
vt 0.901855469 0.635742188
vt 0.969726562 0.610351562
vt 0.98046875 0.609375
vt 0.980957031 0.604980469
vt 0.970214844 0.604980469
vt 0.962402344 0.610839844
vt 0.961914062 0.604980469
vt 0.98046875 0.609375
vt 0.990722656 0.608886719
vt 0.991210938 0.604980469
vt 0.905273438 0.604980469
vt 0.904785156 0.611816406
vt 0.914550781 0.612792969
vt 0.9140625 0.604980469
vt 0.119812012 0.296386719
vt 0.13269043 0.306884766
vt 0.140136719 0.285644531
vt 0.120117188 0.277832031
vt 0.149658203 0.306396484
vt 0.131225586 0.263183594
vt 0.160644531 0.291503906
vt 0.147949219 0.262695312
vt 0.160766602 0.272949219
vt 0.149658203 0.306396484
vt 0.140014648 0.285644531
vt 0.133056641 0.307128906
vt 0.160644531 0.291503906
vt 0.119995117 0.296386719
vt 0.160644531 0.272949219
vt 0.120117188 0.277832031
vt 0.147583008 0.262451172
vt 0.130981445 0.262939453
vt 0.431640625 0.918945312
vt 0.424316406 0.936035156
vt 0.422607422 0.921386719
vt 0.416259766 0.921386719
vt 0.423828125 0.907226562
vt 0.438476562 0.906738281
vt 0.409423828 0.907226562
vt 0.426025391 0.890625
vt 0.439941406 0.888671875
vt 0.411376953 0.889648438
vt 0.428466797 0.866699219
vt 0.4375 0.942382812
vt 0.434814453 0.928710938
vt 0.430419922 0.94140625
vt 0.422119141 0.955566406
vt 0.444335938 0.943847656
vt 0.438720703 0.961425781
vt 0.451416016 0.9609375
vt 0.419921875 0.969238281
vt 0.450439453 0.974121094
vt 0.438476562 0.974609375
vt 0.424560547 0.980957031
vt 0.438476562 0.993652344
vt 0.270263672 0.834472656
vt 0.248901367 0.833007812
vt 0.272216797 0.797851562
vt 0.293457031 0.827636719
vt 0.247314453 0.758300781
vt 0.305908203 0.807128906
vt 0.272949219 0.755371094
vt 0.305175781 0.783203125
vt 0.292724609 0.762695312
vt 0.270263672 0.834472656
vt 0.272216797 0.797851562
vt 0.248901367 0.833007812
vt 0.293457031 0.827636719
vt 0.247314453 0.758300781
vt 0.305908203 0.807128906
vt 0.272949219 0.755371094
vt 0.305175781 0.783203125
vt 0.292724609 0.762695312
vt 0.186157227 0.641601562
vt 0.210449219 0.637695312
vt 0.208251953 0.627929688
vt 0.202880859 0.615722656
vt 0.235351562 0.630859375
vt 0.218383789 0.592773438
vt 0.231933594 0.613769531
vt 0.821289062 0.635742188
vt 0.821289062 0.636230469
vt 0.823242188 0.636230469
vt 0.822753906 0.634765625
vt 0.819335938 0.635742188
vt 0.821289062 0.635253906
vt 0.850585938 0.6640625
vt 0.856933594 0.655761719
vt 0.852539062 0.656738281
vt 0.863769531 0.663085938
vt 0.85546875 0.647949219
vt 0.862304688 0.65625
vt 0.857910156 0.647460938
vt 0.858886719 0.638671875
vt 0.860839844 0.646972656
vt 0.137939453 0.352539062
vt 0.143432617 0.353027344
vt 0.134643555 0.339111328
vt 0.134643555 0.352294922
vt 0.146362305 0.350341797
vt 0.127929688 0.352050781
vt 0.149169922 0.343505859
vt 0.122192383 0.351074219
vt 0.149658203 0.336181641
vt 0.117675781 0.346191406
vt 0.149414062 0.330078125
vt 0.11517334 0.338867188
vt 0.147583008 0.325195312
vt 0.117980957 0.330566406
vt 0.142822266 0.321044922
vt 0.126831055 0.321533203
vt 0.137939453 0.320800781
vt 0.137939453 0.352539062
vt 0.134643555 0.339111328
vt 0.143432617 0.353027344
vt 0.134643555 0.352294922
vt 0.146362305 0.350341797
vt 0.127929688 0.352050781
vt 0.149169922 0.343505859
vt 0.122192383 0.351074219
vt 0.149658203 0.336181641
vt 0.117675781 0.346191406
vt 0.149414062 0.330078125
vt 0.11517334 0.338867188
vt 0.147583008 0.325195312
vt 0.117980957 0.330566406
vt 0.142822266 0.321044922
vt 0.126831055 0.321533203
vt 0.137939453 0.320800781
vt 0.649902344 0.49609375
vt 0.66796875 0.494140625
vt 0.65234375 0.483398438
vt 0.656738281 0.505859375
vt 0.662109375 0.478515625
vt 0.670410156 0.510742188
vt 0.674316406 0.479980469
vt 0.682617188 0.502929688
vt 0.68359375 0.489501953
vt 0.674804688 0.508789062
vt 0.684570312 0.5
vt 0.666503906 0.492919922
vt 0.663085938 0.508789062
vt 0.683105469 0.489257812
vt 0.651367188 0.499511719
vt 0.675292969 0.479980469
vt 0.651855469 0.485107422
vt 0.662109375 0.476806641
vt 0.975585938 0.911621094
vt 0.988769531 0.8984375
vt 0.988769531 0.98828125
vt 0.964355469 0.911621094
vt 0.876953125 0.8984375
vt 0.975585938 0.973632812
vt 0.964355469 0.973632812
vt 0.901367188 0.911621094
vt 0.901367188 0.973632812
vt 0.876953125 0.98828125
vt 0.890625 0.911621094
vt 0.890625 0.973632812
vt 0.975585938 0.911621094
vt 0.988769531 0.98828125
vt 0.988769531 0.8984375
vt 0.964355469 0.911621094
vt 0.876953125 0.8984375
vt 0.975585938 0.973632812
vt 0.964355469 0.973632812
vt 0.901367188 0.911621094
vt 0.901367188 0.973632812
vt 0.876953125 0.98828125
vt 0.890625 0.911621094
vt 0.890625 0.973632812
vt 0.323974609 0.324951172
vt 0.779785156 0.432861328
vt 0.831542969 0.390625
vt 0.780273438 0.180297852
vt 0.323974609 0.286621094
vt 0.831542969 0.22277832
vt 0.323974609 0.286621094
vt 0.831542969 0.22277832
vt 0.780273438 0.180297852
vt 0.779785156 0.432861328
vt 0.831542969 0.390625
vt 0.323974609 0.324951172
vt 0.791992188 0.573730469
vt 0.894042969 0.5078125
vt 0.845703125 0.503417969
vt 0.880371094 0.422363281
vt 0.94921875 0.429931641
vt 0.883300781 0.373046875
vt 0.979492188 0.30859375
vt 0.88671875 0.308349609
vt 0.375732422 0.307617188
vt 0.883300781 0.243530273
vt 0.949707031 0.186889648
vt 0.875976562 0.19519043
vt 0.895019531 0.109191895
vt 0.850585938 0.114196777
vt 0.793457031 0.0426025391
vt 0.741699219 0.0217895508
vt 0.765625 0.0932617188
vt 0.799316406 0.0933837891
vt 0.780273438 0.180297852
vt 0.82421875 0.174316406
vt 0.831542969 0.22277832
vt 0.740234375 0.590820312
vt 0.793945312 0.520507812
vt 0.763671875 0.519042969
vt 0.779785156 0.432861328
vt 0.828613281 0.439941406
vt 0.831542969 0.390625
vt 0.793457031 0.0426025391
vt 0.850585938 0.114196777
vt 0.895019531 0.109191895
vt 0.875976562 0.19519043
vt 0.949707031 0.186889648
vt 0.883300781 0.243530273
vt 0.979492188 0.30859375
vt 0.88671875 0.308349609
vt 0.375732422 0.307617188
vt 0.883300781 0.373046875
vt 0.94921875 0.429931641
vt 0.880371094 0.422363281
vt 0.894042969 0.5078125
vt 0.845703125 0.503417969
vt 0.791992188 0.573730469
vt 0.740234375 0.590820312
vt 0.793945312 0.520507812
vt 0.763671875 0.519042969
vt 0.779785156 0.432861328
vt 0.828613281 0.439941406
vt 0.831542969 0.390625
vt 0.741699219 0.0217895508
vt 0.765625 0.0932617188
vt 0.799316406 0.0933837891
vt 0.780273438 0.180297852
vt 0.82421875 0.174316406
vt 0.831542969 0.22277832
vt 0.0300445557 0.220214844
vt 0.109619141 0.232666016
vt 0.109619141 0.207763672
vt 0.173217773 0.200195312
vt 0.173095703 0.240600586
vt 0.259033203 0.196777344
vt 0.259033203 0.244750977
vt 0.344970703 0.200927734
vt 0.344726562 0.241333008
vt 0.408447266 0.208862305
vt 0.408447266 0.233642578
vt 0.488037109 0.221313477
vt 0.0330200195 0.873046875
vt 0.0330200195 0.971191406
vt 0.97265625 0.971191406
vt 0.97265625 0.873046875
vt 0.0330200195 0.791015625
vt 0.97265625 0.791015625
vt 0.0330200195 0.705566406
vt 0.97265625 0.705566406
vt 0.0330200195 0.6171875
vt 0.97265625 0.6171875
vt 0.419433594 0.515136719
vt 0.312988281 0.515136719
vt 0.312988281 0.590332031
vt 0.419433594 0.590332031
vt 0.312988281 0.515136719
vt 0.223388672 0.515136719
vt 0.223388672 0.590332031
vt 0.312988281 0.590332031
vt 0.223388672 0.515136719
vt 0.130981445 0.515136719
vt 0.130981445 0.590332031
vt 0.223388672 0.590332031
vt 0.130981445 0.515136719
vt 0.0347900391 0.515136719
vt 0.0347900391 0.590332031
vt 0.130981445 0.590332031
vt 0.130126953 0.375
vt 0.0339355469 0.375
vt 0.0339355469 0.484863281
vt 0.130126953 0.484863281
vt 0.22253418 0.375
vt 0.130126953 0.375
vt 0.130126953 0.484863281
vt 0.22253418 0.484863281
vt 0.312011719 0.375
vt 0.22253418 0.375
vt 0.22253418 0.484863281
vt 0.312011719 0.484863281
vt 0.418701172 0.375
vt 0.312011719 0.375
vt 0.312011719 0.484863281
vt 0.418701172 0.484863281
vt 0.0330200195 0.715332031
vt 0.97265625 0.6171875
vt 0.0330200195 0.6171875
vt 0.97265625 0.715332031
vt 0.0330200195 0.797851562
vt 0.97265625 0.797851562
vt 0.0330200195 0.8828125
vt 0.97265625 0.8828125
vt 0.0330200195 0.971191406
vt 0.97265625 0.971191406
vt 0.419433594 0.515136719
vt 0.419433594 0.590332031
vt 0.312988281 0.590332031
vt 0.312988281 0.515136719
vt 0.312988281 0.515136719
vt 0.312988281 0.590332031
vt 0.223388672 0.590332031
vt 0.223388672 0.515136719
vt 0.223388672 0.515136719
vt 0.223388672 0.590332031
vt 0.130981445 0.590332031
vt 0.130981445 0.515136719
vt 0.130981445 0.515136719
vt 0.130981445 0.590332031
vt 0.0347900391 0.590332031
vt 0.0347900391 0.515136719
vt 0.130126953 0.375
vt 0.130126953 0.484863281
vt 0.0339355469 0.484863281
vt 0.0339355469 0.375
vt 0.22253418 0.375
vt 0.22253418 0.484863281
vt 0.130126953 0.484863281
vt 0.130126953 0.375
vt 0.312011719 0.375
vt 0.312011719 0.484863281
vt 0.22253418 0.484863281
vt 0.22253418 0.375
vt 0.418701172 0.375
vt 0.418701172 0.484863281
vt 0.312011719 0.484863281
vt 0.312011719 0.375
vt 0.1015625 0.0980834961
vt 0.0275726318 0.0980834961
vt 0.0275726318 0.0257415771
vt 0.0275726318 0.169921875
vt 0.1015625 0.0257415771
vt 0.1015625 0.169921875
vt 0.185302734 0.0980834961
vt 0.185302734 0.0257415771
vt 0.185302734 0.169921875
vt 0.269042969 0.0980834961
vt 0.269042969 0.0257415771
vt 0.269042969 0.169921875
vt 0.352783203 0.0980834961
vt 0.352783203 0.0257415771
vt 0.352783203 0.169921875
vt 0.436523438 0.0980834961
vt 0.436523438 0.0257415771
vt 0.436523438 0.169921875
vt 0.520507812 0.0980834961
vt 0.520507812 0.0257415771
vt 0.520507812 0.169921875
vt 0.604003906 0.0980834961
vt 0.604003906 0.0257415771
vt 0.604003906 0.169921875
vt 0.700195312 0.0980834961
vt 0.700195312 0.0257415771
vt 0.700195312 0.169921875
vt 0.700195312 0.0979003906
vt 0.604003906 0.0257415771
vt 0.604003906 0.169921875
vt 0.604003906 0.0979003906
vt 0.520507812 0.0257415771
vt 0.520507812 0.169921875
vt 0.520507812 0.0979003906
vt 0.436523438 0.0257415771
vt 0.436523438 0.169921875
vt 0.436523438 0.0979003906
vt 0.352783203 0.0257415771
vt 0.352783203 0.169921875
vt 0.352783203 0.0979003906
vt 0.269042969 0.0257415771
vt 0.269042969 0.169921875
vt 0.269042969 0.0979003906
vt 0.185302734 0.0257415771
vt 0.185302734 0.169921875
vt 0.185302734 0.0979003906
vt 0.1015625 0.0257415771
vt 0.1015625 0.169921875
vt 0.1015625 0.0979003906
vt 0.0275726318 0.0257415771
vt 0.0275726318 0.169921875
vt 0.0275726318 0.0979003906
vt 0.53515625 0.434570312
vt 0.496582031 0.433837891
vt 0.53515625 0.472412109
vt 0.53515625 0.402099609
vt 0.495849609 0.472412109
vt 0.497314453 0.402099609
vt 0.4609375 0.472412109
vt 0.4609375 0.402099609
vt 0.4609375 0.433105469
vt 0.709472656 0.544433594
vt 0.709472656 0.49609375
vt 0.65625 0.544433594
vt 0.709472656 0.592285156
vt 0.65625 0.49609375
vt 0.65625 0.592285156
vt 0.602539062 0.49609375
vt 0.602539062 0.592285156
vt 0.602539062 0.544433594
vt 0.457763672 0.491943359
vt 0.457763672 0.541503906
vt 0.512695312 0.541503906
vt 0.512695312 0.491943359
vt 0.457763672 0.590820312
vt 0.567382812 0.491943359
vt 0.512695312 0.590820312
vt 0.567382812 0.541503906
vt 0.567382812 0.590820312
vn 0.461803079 -0.666666389 0.585058808
vn -0.166443765 -0.885594606 -0.433611214
vn -0.0971427932 -0.858908117 -0.502832055
vn -0.461804807 -0.666666627 0.585057199
vn 0.0971302763 -0.858906984 -0.502836347
vn 0.166443616 -0.885596871 -0.433606803
vn -0.996374786 -0.0648010671 0.0551200993
vn -0.829439521 -0.0341265835 0.557553053
vn -0.991719246 -0.0714827627 -0.106691882
vn -0.992250502 -0.0774473101 -0.0971631631
vn -0.991719246 -0.0714827627 -0.106691882
vn -0.850284815 -0.0212895162 0.525892198
vn -0.994755626 -0.0736983791 -0.0709212348
vn 0.0509488769 -0.0355613343 0.998067915
vn -0.996374786 -0.0648010671 0.0551200993
vn -0.851456046 0.0142113958 0.524233401
vn -0.997791171 -0.0650942549 0.013247163
vn -0.880893052 0.0111594247 0.473183751
vn 0.0816930309 0.0545324422 0.995164514
vn 0.0967355222 0.173990995 0.979984343
vn 0.107384413 0.190602496 0.975776255
vn 0.917309463 0.0261765253 0.397313654
vn -0.996374786 -0.0648010671 0.0551200993
vn 0.959115565 0.0471264459 0.279063314
vn 0.923409343 0.0975680426 0.371208221
vn 0.973542511 0.0799191073 0.214074522
vn 0.961109638 -0.0155537445 -0.275728643
vn -0.996374786 -0.0648010671 0.0551200993
vn 0.963060439 -0.0132430969 -0.268959343
vn 0.961892426 -0.00434145611 -0.273393929
vn 0.965678751 -0.000772392086 -0.259738445
vn 0.377790719 -0.0463907681 -0.924728215
vn 0.367521018 -0.0342277698 -0.929385126
vn -0.539051712 -0.0795614272 -0.83850652
vn 0.448314816 -0.0154456133 -0.893742323
vn 0.503328145 -0.0130764246 -0.863996446
vn -0.642084002 -0.0776347294 -0.762693226
vn -0.991719246 -0.0714827627 -0.106691882
vn -0.992250502 -0.0774473101 -0.0971631631
vn -0.565291822 -0.0574744977 -0.822886288
vn -0.673668265 -0.0601972342 -0.736578166
vn -0.994755626 -0.0736983791 -0.0709212348
vn -0.997791171 -0.0650942549 0.013247163
vn -0.996374786 -0.0648010671 0.0551200993
vn 0.377790719 -0.0463907681 -0.924728215
vn -0.996374786 -0.0648010671 0.0551200993
vn -0.539051712 -0.0795614272 -0.83850652
vn -0.996374786 -0.0648010671 0.0551200993
vn -0.991719246 -0.0714827627 -0.106691882
vn 0.898871243 0.0541261546 0.434857279
vn 0.547189415 0.0592663661 0.834907949
vn -0.0956555009 0.0484255627 0.994235933
vn -0.0956555009 0.0484255627 0.994235933
vn -0.808719754 0.0137152439 0.588034332
vn 0.991298735 0.0502784178 -0.121650741
vn 0.991298735 0.0502784178 -0.121650741
vn -0.981394768 0.0125142187 0.191592515
vn -0.830422878 0.478090733 0.286054343
vn 0.864909172 0.501801372 -0.0112881428
vn 0.991298735 0.0502784178 -0.121650741
vn -0.0187699217 0.943844438 0.329856604
vn -0 -1 0
vn -0 -1 0
vn -0 -1 0
vn -0 -1 0
vn -0 -1 0
vn -0 -1 0
vn -0 -1 0
vn -0 -1 0
vn -0 -1 0
vn -0 -1 0
vn -0 -1 0
vn -0 -1 0
vn -0 -1 0
vn -0 -1 0
vn -0 -1 0
vn 0.996374786 -0.0648010969 0.055120144
vn 0.991719246 -0.0714827925 -0.106691822
vn 0.829439521 -0.0341266394 0.557553113
vn 0.991719246 -0.0714827925 -0.106691822
vn 0.992250621 -0.077447325 -0.097163111
vn 0.850284874 -0.0212895293 0.525892079
vn 0.994755626 -0.0736983716 -0.070921205
vn -0.0509488881 -0.0355613455 0.998067915
vn 0.996374786 -0.0648010969 0.055120144
vn 0.851456106 0.0142114023 0.524233282
vn 0.997791171 -0.0650942251 0.0132471593
vn 0.880893171 0.0111594452 0.473183662
vn -0.0816930607 0.0545323826 0.995164514
vn -0.0967354327 0.17399098 0.979984462
vn -0.107384413 0.190602437 0.975776255
vn -0.917309463 0.0261765737 0.397313654
vn 0.996374786 -0.0648010969 0.055120144
vn -0.959115565 0.0471265204 0.279063314
vn -0.923404455 0.0975690335 0.37122035
vn -0.973542511 0.0799192637 0.214074448
vn -0.961109638 -0.0155536858 -0.275728613
vn 0.996374786 -0.0648010969 0.055120144
vn -0.963060439 -0.013243271 -0.268959433
vn -0.961892307 -0.0043415348 -0.273393989
vn -0.965678751 -0.00077242119 -0.259738475
vn -0.377790809 -0.046390783 -0.924728096
vn -0.367521048 -0.0342277884 -0.929385126
vn 0.539051712 -0.0795614496 -0.83850652
vn -0.448315024 -0.0154456813 -0.893742204
vn -0.503328204 -0.0130765345 -0.863996327
vn 0.642084002 -0.0776346922 -0.762693286
vn 0.991719246 -0.0714827925 -0.106691822
vn 0.992250621 -0.077447325 -0.097163111
vn 0.565291822 -0.057474494 -0.822886348
vn 0.673668087 -0.0601972304 -0.736578286
vn 0.994755626 -0.0736983716 -0.070921205
vn 0.997791171 -0.0650942251 0.0132471593
vn 0.996374786 -0.0648010969 0.055120144
vn -0.377790809 -0.046390783 -0.924728096
vn 0.996374786 -0.0648010969 0.055120144
vn 0.539051712 -0.0795614496 -0.83850652
vn 0.996374786 -0.0648010969 0.055120144
vn 0.991719246 -0.0714827925 -0.106691822
vn -0.898871362 0.0541259982 0.43485713
vn 0.0956554338 0.0484255627 0.994235933
vn -0.547189474 0.0592662878 0.834907949
vn 0.808719873 0.013715338 0.588034093
vn 0.0956554338 0.0484255627 0.994235933
vn -0.991298735 0.0502785631 -0.121650711
vn -0.991298735 0.0502785631 -0.121650711
vn 0.981394768 0.0125142243 0.19159241
vn 0.830422878 0.478090733 0.286054403
vn -0.991298735 0.0502785631 -0.121650711
vn -0.864909351 0.501801193 -0.0112881828
vn 0.0187699459 0.943844438 0.329856604
vn -0 -1 0
vn -0 -1 0
vn -0 -1 0
vn -0 -1 0
vn -0 -1 0
vn -0 -1 0
vn -0 -1 0
vn -0 -1 0
vn -0 -1 0
vn -0 -1 0
vn -0 -1 0
vn -0 -1 0
vn -0 -1 0
vn -0 -1 0
vn -0 -1 0
vn -1.33490346E-07 -0.133229181 0.991085231
vn -0.318226665 -0.144593179 0.936923027
vn -4.36039699E-07 -0.127800256 0.991799891
vn -0.597661793 -0.107139163 0.794557452
vn -0.318226665 -0.144593179 0.936923027
vn -0.520582497 -0.0372500084 0.852998376
vn -1.23832024E-07 -0.0711879581 0.997462869
vn -0.39963606 -0.0743108764 0.91365689
vn -0 -0.0827084035 0.996573806
vn -0 -0.16402328 0.986456513
vn -0.609116435 -0.136434257 0.781257212
vn -0.3872042 -0.160486519 0.907919049
vn 1.96953877E-07 -0.239939183 0.970788002
vn -0.378095835 -0.225800455 0.897807121
vn -0.757187128 -0.187742412 0.625636101
vn -0.938089252 -0.237746671 0.251922667
vn -0.762667418 -0.24500668 0.598590136
vn -0.936624229 -0.321270794 0.139714569
vn -0.902988315 -0.329391569 -0.275886357
vn -0.925866008 -0.174125522 -0.335339487
vn -0.102823891 -0.0278555248 0.994309425
vn -0.738963723 -0.0315080136 0.673008144
vn -0.72336787 -0.103718489 0.682628274
vn -0.318226665 -0.144593179 0.936923027
vn -0.635860085 -0.0605874807 0.76942265
vn -0.199606776 -0.0432462022 0.978921354
vn -0.0831887797 -0.0799181685 0.993324101
vn -0.0456539243 -0.101333067 0.993804455
vn -0.0544794053 -0.0842919499 0.994950771
vn -0.0189537033 -0.119193844 0.992690027
vn -0.674090445 -0.149702519 0.72331953
vn -0.631445348 -0.174082652 0.755626917
vn -0.75478214 -0.141516358 0.640528679
vn -0.969451189 -0.167242259 0.179427579
vn -0.969451189 -0.167242259 0.179427579
vn -0.971641004 -0.147818118 0.184563205
vn -0.95548749 -0.138195708 -0.260663867
vn -0.959090889 -0.192109987 0.207938358
vn -0.971573889 -0.131298825 -0.196989179
vn -0.861768603 -0.138607219 -0.487998903
vn -0.697784483 -0.096297279 -0.709805429
vn -0.914874792 -0.237469092 -0.326515704
vn -0.763921499 -0.120075636 -0.634039283
vn -0.660708785 -0.170084313 -0.731119215
vn -0.767227411 -0.206245989 -0.607309461
vn -0.676286161 -0.114364125 -0.727707207
vn -0.95548749 -0.138195708 -0.260663867
vn -0.676286161 -0.114364125 -0.727707207
vn -0.584415734 -0.0781934485 -0.807678103
vn -0.57933557 -0.0554150604 -0.813203156
vn -0.534275651 -0.144393608 -0.832886577
vn -0.587727904 -0.150928006 -0.794856369
vn -0.629304647 -0.1425405 -0.763974965
vn -0.507382274 -0.128241554 -0.852125227
vn -0.785164952 -0.0813780949 -0.613916636
vn -0.838820815 0.0530649833 -0.541815341
vn -0.633699894 -0.115495563 -0.764908671
vn -0.710941434 -0.0994555652 -0.696182966
vn -0.551994085 -0.12557447 -0.824338257
vn -0.545402527 -0.174841002 -0.819735765
vn -0.525751233 -0.200806946 -0.826596856
vn -0.590474844 -0.278975129 -0.75730598
vn -0.553774595 -0.222049356 -0.802513421
vn -0.490300089 -0.544830382 -0.680268764
vn -0.440468699 -0.653381467 -0.615694642
vn -0.11471235 -0.825778008 -0.552206278
vn -0.837097347 -0.109036379 -0.53607744
vn -0.491887331 -0.12175449 -0.862103641
vn -0.940896749 -0.0648217723 -0.332432777
vn -0.938570678 -0.0796636567 -0.335765958
vn -0.607401192 -0.124545254 -0.78457135
vn -0.460363925 -0.131928682 -0.877872407
vn -0.46066463 -0.156873256 -0.873601139
vn -0.643327534 -0.151686177 -0.750413895
vn -0.935047746 -0.103256613 -0.33915171
vn -0.935138047 -0.108230621 -0.337346941
vn -0.580530465 -0.106012419 -0.807307661
vn -0.935047746 -0.103256613 -0.33915171
vn -0.580530465 -0.106012419 -0.807307661
vn -0.65838027 -0.13798447 -0.739929557
vn -0.607401192 -0.124545254 -0.78457135
vn -0.939923763 -0.133066967 -0.314382851
vn -0.643327534 -0.151686177 -0.750413895
vn -1.33490346E-07 -0.133229181 0.991085231
vn -4.36039699E-07 -0.127800256 0.991799891
vn 0.318226427 -0.144593358 0.936923027
vn 0.318226427 -0.144593358 0.936923027
vn 0.597661793 -0.107139155 0.794557452
vn 0.520582438 -0.0372498557 0.852998376
vn -1.23832024E-07 -0.0711879581 0.997462869
vn 0.399635941 -0.0743109435 0.91365695
vn -0 -0.0827084035 0.996573806
vn -0 -0.16402328 0.986456513
vn 0.609116614 -0.136434287 0.781256974
vn 0.387204319 -0.160486624 0.907919049
vn 1.96953877E-07 -0.239939183 0.970788002
vn 0.378096104 -0.22580047 0.897807062
vn 0.757187366 -0.187742561 0.625635624
vn 0.938089371 -0.23774682 0.251922309
vn 0.762667835 -0.24500683 0.59858948
vn 0.936624229 -0.321270853 0.139713988
vn 0.902987182 -0.329392165 -0.275889367
vn 0.925865591 -0.174124286 -0.335341185
vn 0.102824233 -0.0278554801 0.994309425
vn 0.738963723 -0.0315078795 0.673008144
vn 0.723367751 -0.103718527 0.682628393
vn 0.318226427 -0.144593358 0.936923027
vn 0.635859728 -0.0605873875 0.769422829
vn 0.199606583 -0.0432461463 0.978921354
vn 0.0831890181 -0.0799181685 0.993324101
vn 0.0456538647 -0.101333082 0.993804455
vn 0.0544789396 -0.0842918456 0.994950771
vn 0.0189535152 -0.119193859 0.992690027
vn 0.674090683 -0.149702549 0.723319352
vn 0.631445348 -0.174082607 0.755626917
vn 0.754782438 -0.141516373 0.640528381
vn 0.969451308 -0.167242497 0.179427251
vn 0.969451308 -0.167242497 0.179427251
vn 0.971641123 -0.147818059 0.18456246
vn 0.95548749 -0.138196319 -0.260663271
vn 0.959091008 -0.192109823 0.207937881
vn 0.971574008 -0.131298721 -0.196988523
vn 0.861768425 -0.138607159 -0.48799926
vn 0.697783411 -0.09629751 -0.709806502
vn 0.914874315 -0.237469867 -0.326516509
vn 0.763921738 -0.120075502 -0.634038985
vn 0.660708904 -0.170085728 -0.731118739
vn 0.767226875 -0.206245601 -0.607310176
vn 0.676285326 -0.114364922 -0.727707863
vn 0.95548749 -0.138196319 -0.260663271
vn 0.676285326 -0.114364922 -0.727707863
vn 0.584415019 -0.0781939253 -0.80767858
vn 0.579334199 -0.0554151125 -0.813204229
vn 0.534277976 -0.144395486 -0.832884789
vn 0.587732077 -0.150927976 -0.79485333
vn 0.629306495 -0.142538637 -0.763973892
vn 0.507382512 -0.12824145 -0.852125049
vn 0.785165846 -0.0813771486 -0.613915622
vn 0.838821709 0.0530652963 -0.541813791
vn 0.633699954 -0.115495861 -0.764908552
vn 0.710941434 -0.0994561166 -0.696182966
vn 0.551995575 -0.125575379 -0.824337125
vn 0.545402825 -0.174840808 -0.819735646
vn 0.525752366 -0.200807571 -0.826595962
vn 0.590473473 -0.278974444 -0.757307291
vn 0.553775132 -0.222050294 -0.802512765
vn 0.490287423 -0.544838607 -0.680271447
vn 0.440448195 -0.653393865 -0.615696311
vn 0.114670351 -0.825792253 -0.552193761
vn 0.837097108 -0.109036259 -0.536077917
vn 0.491888016 -0.121754542 -0.862103283
vn 0.940896809 -0.0648218244 -0.33243227
vn 0.938570678 -0.0796638057 -0.335766017
vn 0.607401133 -0.124545246 -0.784571409
vn 0.460365146 -0.131928802 -0.877871752
vn 0.460665464 -0.156872973 -0.873600781
vn 0.643327355 -0.151686117 -0.750414073
vn 0.93504715 -0.10325668 -0.339153081
vn 0.935138047 -0.108230695 -0.337346971
vn 0.580529511 -0.106012963 -0.807308257
vn 0.93504715 -0.10325668 -0.339153081
vn 0.580529511 -0.106012963 -0.807308257
vn 0.658379257 -0.137985766 -0.739930212
vn 0.939923346 -0.133067176 -0.314383864
vn 0.607401133 -0.124545246 -0.784571409
vn 0.643327355 -0.151686117 -0.750414073
vn 0.302570224 -0.714609742 0.630701303
vn 0.29685998 -0.686557233 0.663711786
vn 0.29685998 -0.686557233 0.663711786
vn -0.508223832 -0.332912087 0.794278324
vn -0.528724909 -0.365937591 0.765858769
vn -0.528724909 -0.365937591 0.765858769
vn 0.985420406 0.130601093 0.109041244
vn 0.985420406 0.130601093 0.109041236
vn 0.985420406 0.130601093 0.109041236
vn 0.862149417 -0.284385771 0.419312686
vn 0.862149417 -0.284385771 0.419312656
vn 0.862149358 -0.2843858 0.419312716
vn 0.509487033 -0.122576885 0.851702929
vn 0.509487092 -0.122576885 0.851702929
vn 0.509487033 -0.12257687 0.851702929
vn -0.878706694 -0.225953341 -0.420499235
vn -0.878706634 -0.225953355 -0.420499265
vn -0.878706694 -0.225953341 -0.420499235
vn -0.554545164 -0.0948382169 0.826731741
vn -0.554545224 -0.0948382169 0.826731741
vn -0.554545224 -0.0948382169 0.826731741
vn 0.804049611 -0.275272042 -0.527000368
vn 0.80404973 -0.275272071 -0.527000368
vn 0.80404973 -0.275272071 -0.527000368
vn 0.970925272 -0.226172596 -0.0784217641
vn 0.970925272 -0.226172581 -0.0784217641
vn 0.970925272 -0.226172611 -0.0784217641
vn 0.985358953 -0.148329392 -0.0840605721
vn 0.985358953 -0.148329392 -0.0840605721
vn 0.985358953 -0.148329392 -0.0840605721
vn -0.887625813 -0.159702793 0.431990117
vn -0.887625813 -0.159702778 0.431990117
vn -0.887625813 -0.159702778 0.431990057
vn -0.412040472 -0.0957029983 0.906125605
vn -0.412040412 -0.095702976 0.906125605
vn -0.412040472 -0.0957029834 0.906125605
vn 0.0298831966 -0.422576666 0.905834377
vn 0.0298831929 -0.422576606 0.905834377
vn 0.0298831966 -0.422576606 0.905834377
vn 0.78192848 -0.559498429 0.2748622
vn 0.714405835 -0.544421434 0.43957898
vn 0.315848291 -0.84838891 0.424824834
vn -0.999518394 -0.031006325 0.00125360559
vn -0.999518394 -0.031006325 0.00125360559
vn -0.999518394 -0.031006325 0.00125360559
vn -0.757055044 0.0231784042 -0.652939975
vn -0.757055044 0.0231784042 -0.652939975
vn -0.757054985 0.0231784023 -0.652939916
vn -0.986775458 -0.14657706 -0.069204554
vn -0.986775458 -0.146577075 -0.0692045465
vn -0.986775458 -0.146577075 -0.0692045465
vn -0.985420406 0.130601093 0.109041236
vn -0.985420406 0.130601093 0.109041259
vn -0.985420406 0.130601093 0.109041236
vn 0.191440672 -0.976430476 0.0996695086
vn 0.191440657 -0.976430476 0.0996695086
vn 0.191440672 -0.976430476 0.0996695012
vn -0.191440582 -0.976430476 0.0996691212
vn -0.191440582 -0.976430476 0.0996691212
vn -0.191440597 -0.976430476 0.0996691287
vn 0.361410409 -0.0125239454 0.932322681
vn 0.369514287 0.101081207 0.923710942
vn 0.358140826 -0.0458047166 0.932543337
vn -0.358140469 -0.04580478 0.932543457
vn -0.369513929 0.101080805 0.923711181
vn -0.361410052 -0.0125240684 0.9323228
vn 0.0803218111 -0.99306196 0.085886009
vn 0.0803218111 -0.99306196 0.0858860016
vn 0.0803218186 -0.99306196 0.085886009
vn -0.983792067 0.175977722 -0.0344220586
vn -0.983792067 0.175977752 -0.0344220623
vn -0.983792067 0.175977737 -0.0344220623
vn 0.20134972 0.709369063 -0.675465465
vn 0.187415615 0.740545511 -0.645343065
vn 0.183525041 0.723155856 -0.665856004
vn 0.0805067345 -0.968636036 0.235080391
vn 0.0805067345 -0.968636036 0.235080391
vn 0.0805067271 -0.968636036 0.235080361
vn 0.132237181 0.948113441 0.289126843
vn -0.0993666276 0.906289041 0.410811901
vn -0.175248444 0.782298446 0.597743392
vn 0.132237181 0.948113441 0.289126843
vn 0.355491191 0.927750409 0.113600843
vn 0.410319716 0.895240664 0.173729405
vn 0.495202154 0.866251588 0.0662040338
vn -0.280807048 0.617450118 0.734780729
vn -0.452775359 0.582010269 0.6754691
vn -0.369445741 0.439053744 0.818988204
vn -0.120014593 0.4410927 0.88940084
vn -0.175248444 0.782298446 0.597743392
vn -0.369445741 0.439053744 0.818988204
vn -0.268540174 0.0810653567 0.959851325
vn -0.422782987 -0.812204957 -0.401967317
vn -0.566778302 -0.738295913 -0.365624815
vn -0.552060246 -0.747209013 -0.370010972
vn -0.566778302 -0.738295913 -0.365624815
vn -0.625101447 -0.699424088 -0.346488327
vn -0.625101388 -0.699424028 -0.346488327
vn 0.483306855 0.216143668 -0.848349273
vn 0.689452648 0.126980692 -0.713113546
vn 0.621771276 0.157510251 -0.767196774
vn 0.483306855 0.216143668 -0.848349273
vn 0.491869718 0.214053497 -0.843946338
vn 0.567702472 0.194045588 -0.800037622
vn 0.689452648 0.126980692 -0.713113546
vn 0.843724191 0.0385276154 -0.535392523
vn 0.621771276 0.157510251 -0.767196774
vn -0.645373642 -0.216395333 -0.732574821
vn -0.645373762 -0.216395333 -0.732574821
vn -0.645373642 -0.216395304 -0.732574821
vn -0.575518727 -0.227377251 0.785543025
vn -0.575518787 -0.227377251 0.785543025
vn -0.575518787 -0.227377251 0.785543025
vn 0.818831623 0.0910187215 -0.566771924
vn 0.818831503 0.0910187066 -0.566771924
vn 0.818831623 0.0910187215 -0.566771984
vn 0.589224577 -0.680605352 -0.435420066
vn 0.589224577 -0.680605352 -0.435420126
vn 0.589224577 -0.680605412 -0.435420066
vn -0.568653464 -0.114575103 0.814558625
vn -0.568653464 -0.114575103 0.814558625
vn -0.568653464 -0.114575103 0.814558625
vn -0.9226439 0.135383993 0.361108601
vn -0.9226439 0.135383993 0.361108631
vn -0.9226439 0.135383978 0.361108601
vn -0.0334034972 -0.321871936 -0.946193814
vn -0.0618933551 -0.384148568 -0.921194375
vn -0.00955152512 -0.26872474 -0.963169575
vn 0.0245597661 -0.191138104 -0.981255829
vn -0.0334034972 -0.321871936 -0.946193814
vn -0.945197582 -0.307447463 0.10989821
vn -0.945197582 -0.307447433 0.10989821
vn -0.945197582 -0.307447463 0.10989821
vn -0.00957340375 0.962565899 -0.270878553
vn -0.00957340375 0.962565899 -0.270878524
vn -0.00957340375 0.962565899 -0.270878494
vn -0.833858907 -0.54482764 -0.0885556936
vn -0.833858967 -0.54482764 -0.0885556936
vn -0.833858967 -0.54482764 -0.0885556936
vn 0.109974705 0.42694068 0.897567332
vn 0.109974705 0.426940709 0.897567332
vn 0.109974705 0.426940709 0.897567332
vn 0.0862990916 0.984696269 0.151412174
vn 0.0862990916 0.984696269 0.151412189
vn 0.0862990916 0.984696269 0.151412174
vn -0.467930466 -0.540279031 0.699385226
vn -0.467930436 -0.540279031 0.699385226
vn -0.467930436 -0.540279031 0.699385226
vn -0.680477679 0.646759868 0.344458669
vn -0.680477679 0.646759808 0.344458669
vn -0.680477679 0.646759808 0.344458669
vn -0.620659471 0.383377522 -0.68396157
vn -0.620659471 0.383377463 -0.68396163
vn -0.62065953 0.383377522 -0.68396163
vn -0.979999423 -0.105769716 -0.168564439
vn -0.995273173 -0.0602830164 0.0761400834
vn -0.987876177 -0.0459794365 0.148278236
vn -0.91321224 0.0090105487 0.407384425
vn -0.987876177 -0.0459794365 0.148278236
vn -0.995273173 -0.0602830164 0.0761400834
vn 0.81420964 -0.494683266 -0.303893298
vn 0.81420964 -0.494683385 -0.303893298
vn 0.81420964 -0.494683325 -0.303893298
vn -0.56520462 0.802415311 -0.191502944
vn -0.56520462 0.802415311 -0.191502944
vn -0.56520468 0.802415252 -0.191502929
vn -0.435700446 0.332168192 -0.836558104
vn -0.435700387 0.332168192 -0.836558104
vn -0.435700446 0.332168192 -0.836558104
vn -0.75718075 -0.403252512 -0.513872206
vn -0.798113286 -0.454737276 -0.395258278
vn -0.799726725 -0.417191148 -0.431727558
vn -0.786539257 -0.387335598 -0.480964839
vn -0.814195454 -0.389911026 -0.430180222
vn -0.75718075 -0.403252512 -0.513872206
vn 0.657125473 -0.56131947 -0.503096998
vn 0.657125473 -0.56131947 -0.503096998
vn 0.657125473 -0.56131947 -0.503096998
vn -0.514779866 -0.723555326 0.45985797
vn -0.514779866 -0.723555386 0.45985797
vn -0.514779866 -0.723555326 0.45985797
vn 0.503797472 -0.41179803 0.759348691
vn 0.503797472 -0.41179803 0.759348691
vn 0.503797472 -0.41179803 0.759348691
vn -0.365336835 -0.23322247 -0.901185989
vn -0.365336835 -0.23322247 -0.901185989
vn -0.365336835 -0.23322247 -0.901185989
vn 0.640856862 0.68935883 -0.337767392
vn 0.635365486 0.760620654 -0.133292988
vn 0.64088726 0.689638078 -0.337139159
vn 0.64088726 0.689638078 -0.337139159
vn 0.618111134 0.591323674 -0.517952621
vn 0.255108088 -0.965654969 -0.0492982045
vn 0.255108058 -0.965654969 -0.0492982008
vn 0.255108058 -0.965654969 -0.049298197
vn 0.917888343 -0.396578997 0.0143597927
vn 0.917888343 -0.396578997 0.0143597927
vn 0.917888343 -0.396578997 0.0143597927
vn -0.555759609 -0.0137069412 -0.831230044
vn -0.555759609 -0.013706943 -0.831230044
vn -0.555759609 -0.013706943 -0.831230044
vn 0.69713819 -0.699153304 -0.158691093
vn 0.69713819 -0.699153364 -0.158691093
vn 0.69713819 -0.699153364 -0.158691093
vn -0.175015718 -0.204857901 -0.963017523
vn -0.175015733 -0.204857901 -0.963017523
vn -0.175015703 -0.204857901 -0.963017523
vn 0.763578713 -0.58679086 0.269488335
vn 0.763578713 -0.5867908 0.269488335
vn 0.763578773 -0.58679086 0.269488305
vn 0.397937328 0.0420589447 0.916447937
vn 0.397937328 0.0420589447 0.916447937
vn 0.397937357 0.0420589484 0.916447937
vn 0.404941767 -0.67631954 0.615316331
vn 0.404941767 -0.67631954 0.615316331
vn 0.404941767 -0.67631954 0.615316212
vn -0.615325511 -0.769951403 0.168965951
vn -0.615325511 -0.769951403 0.168965951
vn -0.615325451 -0.769951403 0.168965951
vn 0.183744133 0.442856431 -0.877562702
vn 0.198020905 0.533864558 -0.822056234
vn 0.419438809 0.529869676 -0.737094998
vn 0.414188296 0.319348663 -0.852328777
vn 0.198020905 0.533864558 -0.822056234
vn 0.404017359 0.248027027 -0.880484283
vn 0.707378626 0.122166954 -0.696197271
vn 0.0774085075 -0.444090486 -0.892631888
vn 0.0774085149 -0.444090486 -0.892631888
vn 0.0774085075 -0.444090456 -0.892631888
vn -0.244659707 -0.955327034 0.165806711
vn -0.244659707 -0.955327034 0.165806726
vn -0.244659707 -0.955327034 0.165806726
vn -0.319003195 0.876914322 -0.359524965
vn -0.319003165 0.876914322 -0.359524935
vn -0.319003165 0.876914322 -0.359524906
vn -0.625222802 0.115260936 -0.771888256
vn -0.670524955 0.259019792 -0.695201397
vn -0.463665307 -0.190120906 -0.865371883
vn 0.176170871 -0.738427579 -0.650913596
vn 0.176170871 -0.738427579 -0.650913596
vn 0.176170871 -0.738427579 -0.650913715
vn 0.688715219 -0.597223699 0.411090255
vn 0.68871516 -0.597223699 0.411090225
vn 0.68871516 -0.597223759 0.411090255
vn -0.360100836 -0.888919711 -0.283106327
vn -0.360100836 -0.888919711 -0.283106327
vn -0.360100836 -0.888919711 -0.283106327
vn -0.0712441802 -0.666427195 0.742158294
vn -0.0712441802 -0.666427195 0.742158294
vn -0.0712441877 -0.666427255 0.742158294
vn 0.304187924 -0.946604431 -0.106816433
vn 0.290053457 -0.951714993 -0.100536838
vn 0.76336813 -0.640191913 -0.086159341
vn 0.304187924 -0.946604431 -0.106816433
vn 0.764890432 -0.637639523 -0.0914242789
vn 0.460431546 -0.528814018 0.712992668
vn 0.526999891 -0.58654201 0.615011811
vn 0.460431546 -0.528814018 0.712992728
vn 0.460431546 -0.528814018 0.712992668
vn 0.520598948 -0.581094563 0.625544369
vn 0.598699689 -0.645443559 0.474300772
vn -0.334156632 0.689317524 0.642791331
vn -0.334156632 0.689317524 0.642791331
vn -0.334156632 0.689317524 0.642791331
vn -0.926675558 0.373238474 -0.0443334952
vn -0.926675558 0.373238444 -0.0443334989
vn -0.926675558 0.373238444 -0.0443334989
vn -0.255074352 -0.561692655 0.787044108
vn -0.255074382 -0.561692655 0.787044168
vn -0.255074352 -0.561692655 0.787044108
vn 0.978204131 -0.203860253 -0.0394685082
vn 0.851020098 -0.0852618665 -0.518165231
vn 0.951130986 -0.15206176 -0.268750995
vn 0.851020098 -0.0852618665 -0.518165231
vn 0.832590997 -0.119976833 -0.540738165
vn 0.851020098 -0.0852618665 -0.518165231
vn 0.834870934 -0.0980965421 -0.541634202
vn 0.905763686 -0.0702935234 -0.417912662
vn 0.851020098 -0.0852618665 -0.518165231
vn 0.908970416 -0.0266883746 -0.416005433
vn 0.951379061 -0.0624919608 -0.301616549
vn 0.957357228 -0.0269396883 -0.28764835
vn 0.71130532 -0.018262675 -0.702645898
vn 0.950330257 0.0311568659 -0.309679896
vn 0.924251795 0.015825076 -0.381455392
vn 0.930547655 0.0326998495 -0.364707917
vn 0.975101054 0.130520582 -0.179282874
vn 0.960522711 0.127585366 -0.247220829
vn 0.96531707 0.222062305 -0.137300044
vn 0.926143408 0.111471198 -0.360322744
vn 0.902534008 0.172132537 -0.394718498
vn 0.875650585 -0.0288734529 -0.482081383
vn 0.924251795 0.015825076 -0.381455392
vn 0.924251795 0.015825076 -0.381455392
vn 0.998958945 -0.0453255251 0.00516387494
vn 0.924251795 0.015825076 -0.381455392
vn 0.994723201 -0.0333136246 0.0970360711
vn 0.518261552 -0.106660016 -0.848545015
vn 0.71130532 -0.018262675 -0.702645898
vn 0.851020098 -0.0852618665 -0.518165231
vn 0.811865568 -0.340346992 0.474382073
vn 0.811865449 -0.340346962 0.474382073
vn 0.811865449 -0.340346932 0.474382073
vn -0.998170257 -0.0592506193 0.0120663391
vn -0.835956514 -0.0604988709 -0.545450747
vn -0.989487171 -0.14459163 -0.00288394466
vn -0.967875481 -0.10130094 0.230119914
vn -0.998170257 -0.0592506193 0.0120663391
vn -0.998883784 -0.0460667275 -0.0104389684
vn -0.974167049 -0.0665017962 0.21581462
vn -0.946326792 0.00230657216 -0.323203176
vn -0.995988429 0.0359054804 0.0819622055
vn -0.97508347 -0.0129833426 0.221458092
vn -0.819167972 -0.0338792652 0.572552145
vn -0.824017584 -0.0741938576 0.561685085
vn -0.682354212 -0.0361181572 0.730128884
vn -0.654918671 0.0167622045 0.75551337
vn -0.84804368 -0.162957087 0.504248738
vn -0.675123036 -0.106099956 0.730035365
vn -0.829005718 -0.237899348 0.506116092
vn -0.633353055 -0.187866986 0.750712991
vn -0.879816413 -0.267305404 0.393027782
vn -0.908527017 -0.239583701 0.342313319
vn -0.961147308 -0.217572123 0.169877291
vn -0.988251984 -0.152051464 -0.0154366773
vn -0.977768242 -0.110365868 -0.178293437
vn -0.941146076 -0.132100537 -0.311116844
vn -0.991540253 -0.128052816 -0.0212202966
vn -0.938999236 -0.289320081 0.185941577
vn -0.956757963 -0.268195927 -0.112628303
vn -0.923898041 -0.346187443 0.162992522
vn -0.941050947 -0.316033036 -0.120607331
vn 0.892052472 0.2937029 -0.343483657
vn 0.892052472 0.2937029 -0.343483657
vn 0.892052472 0.2937029 -0.343483716
vn -0.850115478 -0.521679521 0.0717918277
vn -0.850115538 -0.521679521 0.0717918351
vn -0.850115538 -0.521679521 0.0717918277
vn -0.997911394 -0.046232108 0.0451138541
vn -0.997911394 -0.0462321043 0.0451138541
vn -0.997911394 -0.0462321043 0.0451138541
vn 0.112638451 -0.924361467 0.364511222
vn 0.112638459 -0.924361467 0.364511222
vn 0.112638459 -0.924361467 0.364511222
vn -0.309570163 -0.102776602 -0.945305943
vn -0.731161118 -0.0836444646 -0.677057564
vn -0.643033087 -0.00710982643 -0.765805423
vn -0.9078179 -0.0252337996 -0.418604672
vn -0.643033087 -0.00710982643 -0.765805423
vn -0.740829289 -0.0214089528 -0.671351969
vn -0.491906971 -0.0978341624 -0.865133524
vn -0.489742458 -0.127994344 -0.862420917
vn -0.934553027 0.0424297825 -0.353285074
vn -0.950875044 0.165115878 -0.261865199
vn -0.941647887 0.15454185 -0.299025208
vn -0.96531707 0.222062305 -0.137300044
vn -0.946300447 0.0420923717 -0.320536703
vn -0.926089466 0.13239415 -0.353313178
vn -0.908820212 0.180433273 -0.376150966
vn -0.963808239 -0.0173850358 -0.266029209
vn -0.969079733 -0.0398990884 -0.243500292
vn -0.911112845 -0.0719253793 -0.405832469
vn -0.778645039 -0.11405655 -0.617011368
vn -0.664636135 -0.137879729 -0.734335124
vn -0.613884032 -0.56948936 0.5466519
vn -0.613884032 -0.56948936 0.5466519
vn -0.613884032 -0.56948936 0.5466519
vn 0.437994361 -0.132996812 -0.889085412
vn -0.395751506 -0.13290754 -0.90868938
vn -0.986072779 0.0343615338 0.162725747
vn -0.134522229 -0.914295971 0.382055819
vn -0.134522229 -0.914295971 0.382055819
vn -0.134522229 -0.914295971 0.382055819
vn 0.144310951 0.0364632644 -0.988860309
vn 0.144310966 0.0364632644 -0.988860309
vn 0.144310951 0.0364632644 -0.988860309
vn -0.22573182 0.823373616 -0.520673692
vn -0.225731805 0.823373556 -0.520673692
vn -0.225731805 0.823373556 -0.520673692
vn 0.520871997 -0.795593917 -0.309390634
vn 0.520871997 -0.795594037 -0.309390694
vn 0.520872056 -0.795594037 -0.309390664
vn -0.185914502 0.946812928 -0.26264286
vn 0.341019779 0.939871311 -0.0186385624
vn 0.457734138 0.888915479 0.0175734721
vn -0.404876381 0.464149386 -0.787807405
vn -0.446750879 0.68541801 -0.57499212
vn -0.356012166 0.913437963 -0.19719632
vn -0.561975658 0.825372696 0.0542508289
vn -0.58102721 0.800520301 0.146882921
vn -0.760983586 0.596693277 0.254678667
vn -0.77223593 0.579320073 0.260844439
vn -0.560661376 0.818355858 0.126303971
vn -0.317480475 0.948160589 0.0140606062
vn -0.370838702 0.928697288 0.000114091847
vn -0.0488824472 0.998691499 -0.0150303794
vn 0.341019779 0.939871311 -0.0186385624
vn -0.0426536724 0.999080062 0.00444625644
vn 0.378640145 0.250245988 -0.891071618
vn 0.378640145 0.250245988 -0.891071558
vn 0.378640115 0.250245959 -0.891071618
vn -0.801964283 -0.463668436 0.376649529
vn -0.801964283 -0.463668436 0.376649559
vn -0.801964283 -0.463668436 0.376649559
vn -0.337930143 -0.94103533 -0.0159905981
vn -0.337930143 -0.94103539 -0.0159906
vn -0.337930143 -0.94103539 -0.0159905981
vn -0.336981237 0.287828505 -0.896436512
vn -0.336981267 0.287828535 -0.896436512
vn -0.336981237 0.287828505 -0.896436512
vn 0.711004019 -0.493846089 0.500588953
vn 0.711004019 -0.493845999 0.500589013
vn 0.711004078 -0.493846089 0.500589013
vn -0.522101104 0.547787189 -0.653712094
vn -0.522101104 0.547787189 -0.653712094
vn -0.522101104 0.547787189 -0.653712094
vn -0.191138357 0.823698223 0.533841968
vn -0.094133094 0.95360297 0.285972655
vn -0.281211674 0.916249335 0.285319567
vn -0.33172074 0.652095199 -0.681713581
vn -0.33172068 0.652095139 -0.681713462
vn -0.33172074 0.652095199 -0.681713581
vn -0.43153131 0.0247526299 0.901758373
vn -0.467315078 0.0352510437 0.883387804
vn -0.559269726 0.0630995408 0.826580763
vn -0.467315078 0.0352510437 0.883387804
vn -0.574026644 0.0676984563 0.816033304
vn 0.467324883 0.035228435 0.883383512
vn 0.4315826 0.0247338582 0.901734233
vn 0.559259236 0.0630931109 0.826588452
vn 0.467324883 0.035228435 0.883383512
vn 0.574026763 0.0676990747 0.816033185
vn -0 0 1
vn -0 0 1
vn -0 0 1
vn -0 0 1
vn 5.84525651E-07 0 1
vn 5.84525651E-07 0 1
vn 0.0791333243 0.99686408 0
vn 0.0791333243 0.99686408 0
vn 0.0791333243 0.99686408 0
vn 0.0791333243 0.99686408 0
vn -0.0432973988 -0.99906224 0
vn -0.0432973988 -0.99906224 0
vn -0.0432973988 -0.99906224 0
vn -0.0432973988 -0.99906224 0
vn 0.999203026 -0.0399169773 0
vn 0.999203026 -0.0399169773 0
vn 0.999203026 -0.0399169773 0
vn 0.999203026 -0.0399169773 0
vn -0.999203026 0.0399184488 0
vn -0.999203026 0.0399184488 0
vn -0.999203026 0.0399184488 0
vn -0.999203026 0.0399184488 0
vn -0.998663306 0.0516884178 0
vn -0.998663306 0.0516884178 0
vn -0.998663306 0.0516884178 0
vn -0.998663306 0.0516884178 0
vn -0.0586261339 -0.998280048 0
vn -0.0586261339 -0.998280048 0
vn -0.0586261339 -0.998280048 0
vn -0.0586261339 -0.998280048 0
vn -0 0 -1
vn -0 0 -1
vn -0 0 -1
vn -0 0 -1
vn -0 0 -1
vn -0 0 -1
vn -0.478596091 0.209913537 0.852573752
vn -0.0821415931 -0.064913094 0.994504392
vn -0.0739736632 0.0952876732 0.992697418
vn -0.544789076 -0.00776967732 0.838537097
vn -0.0733908936 0.276309758 0.958262265
vn -0.502849936 0.320565253 0.802732706
vn -0.73223418 0.264095038 0.62776351
vn -0.748014331 0.298369557 0.592832386
vn -0.814579666 0.136344016 0.563799918
vn -0.824681461 0.316700399 0.468616545
vn -0.808407843 0.452626854 0.376305431
vn -0.867864907 0.350669444 0.351911157
vn -0.746546865 0.467805684 0.473102301
vn -0.765832543 0.542743266 0.3448627
vn -0.784759581 0.502231896 0.363201737
vn -0.746546865 0.467805684 0.473102301
vn -0.713532507 0.485903382 0.504746675
vn -0.591724694 0.599488676 0.538957596
vn -0.553943157 0.722979188 0.412853599
vn 0.478593081 0.209918797 0.852574229
vn 0.0740685686 0.0930215493 0.992905319
vn 0.0821393058 -0.0648943409 0.994505823
vn 0.544789374 -0.00777001865 0.838536859
vn 0.0733908117 0.276310116 0.958262265
vn 0.50284934 0.320566028 0.802732766
vn 0.732236207 0.264092147 0.627762258
vn 0.752435625 0.364688933 0.548491359
vn 0.814579546 0.13634403 0.563799918
vn 0.824681818 0.316700131 0.468615919
vn 0.808407545 0.452627242 0.37630558
vn 0.867865026 0.350669086 0.351911098
vn 0.746545732 0.467805475 0.473104149
vn 0.765832961 0.542743742 0.34486115
vn 0.784759283 0.5022313 0.363203228
vn 0.746545732 0.467805475 0.473104149
vn 0.713529229 0.485901058 0.50475359
vn 0.591722667 0.599484086 0.538964868
vn 0.553941905 0.722976923 0.412859112
vn 0.187175542 0.979360461 0.0762782767
vn -0.0739736632 0.0952876732 0.992697418
vn 0.031231042 0.999457538 -0.010456196
vn -0.478596091 0.209913537 0.852573752
vn 0.245986953 0.946456194 0.209071577
vn -0.73223418 0.264095038 0.62776351
vn 0.166206047 0.926106393 0.338677734
vn -0.824681461 0.316700399 0.468616545
vn 0.166206047 0.926106393 0.338677734
vn -0.746546865 0.467805684 0.473102301
vn -0.275571793 0.815728784 0.508573294
vn -0.746546865 0.467805684 0.473102301
vn -0.062336769 -0.0848793238 0.994439363
vn -0.746546865 0.467805684 0.473102301
vn -0.148501083 -0.202659473 0.96792388
vn -0.713532507 0.485903382 0.504746675
vn -0.591724694 0.599488676 0.538957596
vn -0.552371085 0.588274837 0.590608954
vn -0.283905745 0.765714824 0.577129483
vn -0.553943157 0.722979188 0.412853599
vn 0.247727647 0.163296491 0.95496875
vn 0.159281209 0.155347437 0.97493422
vn 0.373229116 0.0272004493 0.927340269
vn 0.249844491 0.174805447 0.952376366
vn 0.189598694 0.214337274 0.9581815
vn 0.194741651 0.213309407 0.957379162
vn 0.217608422 0.134493813 0.966725409
vn 0.220072553 0.134398356 0.966180742
vn 0.234034479 0.117210343 0.965137124
vn 0.23748152 0.11722526 0.964292943
vn 0.244988173 0.105488151 0.96377027
vn 0.250375509 0.105626568 0.962369561
vn 0.249367699 0.102211595 0.962999761
vn 0.256144941 0.102588184 0.961179137
vn 0.249602228 0.104913242 0.962648451
vn 0.257367671 0.105415367 0.960546494
vn 0.256199658 0.0787359998 0.963411868
vn 0.265150577 0.0798097476 0.96089834
vn 0.257641494 0.0869201496 0.962323129
vn 0.26398626 0.0877192095 0.960529327
vn 0.252082884 0.0790295824 0.964473188
vn -0.908721566 -0.0991830677 0.405447632
vn -0.188702255 0.978917003 0.0781845152
vn -0.0303585399 0.999482632 -0.0106156608
vn 0.0740685686 0.0930215493 0.992905319
vn 0.478593081 0.209918797 0.852574229
vn -0.235098347 0.947398663 0.217174038
vn 0.732236207 0.264092147 0.627762258
vn -0.249210283 0.919614673 0.303649724
vn 0.824681818 0.316700131 0.468615919
vn -0.249210283 0.919614673 0.303649724
vn 0.746545732 0.467805475 0.473104149
vn 0.275577039 0.815725029 0.508576393
vn 0.746545732 0.467805475 0.473104149
vn 0.0623382069 -0.0848742649 0.994439721
vn 0.148506626 -0.202653453 0.967924297
vn 0.746545732 0.467805475 0.473104149
vn 0.713529229 0.485901058 0.50475359
vn 0.591722667 0.599484086 0.538964868
vn 0.552367032 0.588268995 0.59061861
vn 0.273375034 0.749900639 0.602424502
vn 0.553941905 0.722976923 0.412859112
vn -0.247727752 0.163296491 0.954968631
vn -0.373229533 0.0272000916 0.927340269
vn -0.159281269 0.155347705 0.974934101
vn -0.249844551 0.174805403 0.952376366
vn -0.189598531 0.214337081 0.95818162
vn -0.194741488 0.213309199 0.957379162
vn -0.217608318 0.134493679 0.966725409
vn -0.220072448 0.134398311 0.966180742
vn -0.234034613 0.117210358 0.965137005
vn -0.237481594 0.117225245 0.964292943
vn -0.244988203 0.105488084 0.96377027
vn -0.25037545 0.105626494 0.962369561
vn -0.249367669 0.102211595 0.962999761
vn -0.256144911 0.102588184 0.961179197
vn -0.249602318 0.104913257 0.962648451
vn -0.257367849 0.105415367 0.960546374
vn -0.256199509 0.07873597 0.963411868
vn -0.265150458 0.0798097327 0.96089834
vn -0.257641584 0.0869201422 0.962323129
vn -0.2639862 0.0877191797 0.960529327
vn 0.908668339 -0.0991617739 0.405572236
vn -0.257641584 0.0869201422 0.962323129
vn -0.252083004 0.0790296942 0.964473188
vn -0.160149127 0.193226799 0.967995703
vn -0.159276769 0.166336596 0.973120272
vn 0.159276441 0.166336387 0.973120391
vn 0.160148785 0.193226501 0.967995822
vn -0.161550984 0.212863639 0.963633955
vn 0.161550701 0.212863341 0.963634074
vn 0.238055721 0.236700341 0.941967309
vn 0.247872606 0.226312771 0.94198817
vn 0.265004486 0.204482779 0.942315996
vn 0.253361225 0.240851477 0.93690908
vn 0.247077525 0.24046427 0.93868506
vn 0.270198643 0.231825575 0.934478223
vn 0.247872606 0.226312771 0.94198817
vn 0.431498319 0.100568876 0.896490455
vn 0.22025834 0.266304284 0.938386023
vn 0.308393151 0.273326904 0.911145449
vn 0.250665963 0.260911107 0.932250977
vn -0.220258325 0.266304344 0.938386023
vn -0.247077525 0.24046427 0.93868506
vn -0.250666052 0.260911196 0.932250977
vn -0.30839327 0.273326814 0.911145508
vn -0.270198524 0.231825486 0.934478283
vn -0.431498796 0.100568682 0.896490157
vn -0.265004486 0.204482794 0.942315996
vn -0.238055661 0.236700356 0.941967309
vn -0.159276769 0.166336596 0.973120272
vn -0.161550984 0.212863639 0.963633955
vn 0.161550701 0.212863341 0.963634074
vn 0.159276441 0.166336387 0.973120391
vn 0.265004486 0.204482779 0.942315996
vn 0.238055721 0.236700341 0.941967309
vn 0.270198643 0.231825575 0.934478223
vn 0.247077525 0.24046427 0.93868506
vn 0.250665963 0.260911107 0.932250977
vn 0.22025834 0.266304284 0.938386023
vn 0.308393151 0.273326904 0.911145449
vn 0.431498319 0.100568876 0.896490455
vn -0.265004486 0.204482794 0.942315996
vn -0.159276769 0.166336596 0.973120272
vn -0.160149127 0.193226799 0.967995703
vn -0.247872517 0.226312757 0.94198817
vn -0.161550984 0.212863639 0.963633955
vn -0.270198524 0.231825486 0.934478283
vn -0.253361106 0.240851447 0.93690908
vn -0.238055661 0.236700356 0.941967309
vn -0.431498796 0.100568682 0.896490157
vn -0.247077525 0.24046427 0.93868506
vn -0.30839327 0.273326814 0.911145508
vn -0.220258325 0.266304344 0.938386023
vn -0.250666052 0.260911196 0.932250977
vn 0.00268827099 0.136574924 -0.990626097
vn 0.201931715 0.301219285 -0.931928396
vn 0.391910225 0.33774063 -0.85576725
vn 7.37433074E-05 0.137705728 -0.990473211
vn 8.98045255E-06 0.0487515219 -0.998810887
vn 0.154182762 0.0495007336 -0.986801624
vn 0.148371056 0.0183396544 -0.988761723
vn -0.201931104 0.30121845 -0.931928813
vn -0.391909689 0.337740779 -0.855767429
vn -0.154182822 0.0495006293 -0.986801624
vn -0.148370922 0.0183396433 -0.988761723
vn 1.5067184E-05 0.0237823538 -0.999717176
vn 0.000212231927 0.0662194416 -0.997805059
vn 0.184636146 -0.0223075841 -0.982553661
vn -0.184635982 -0.0223076195 -0.98255378
vn 0.324419439 0.0120126633 -0.94583708
vn -0.324419588 0.0120127071 -0.94583708
vn 0.00216947589 0.0977158099 -0.995211959
vn 0.408561438 0.0265525468 -0.912344515
vn -0.408561468 0.0265525412 -0.912344515
vn 0.00373904733 0.0557715893 -0.998436511
vn 0.00301668304 0.0485644229 -0.998815536
vn 0.411296487 0.0520161912 -0.910016239
vn -0.411296517 0.0520161428 -0.910016239
vn 0.6042099 0.118094511 -0.788025439
vn 0.00477195671 0.138055697 -0.99041301
vn -0.00784533285 0.20671095 -0.978370547
vn 0.566919684 0.191812307 -0.801130414
vn 0.845696628 0.0544424988 -0.530879617
vn 0.00930706039 0.196184993 -0.980522811
vn 0.878608406 0.131709993 -0.459020287
vn 0.914867461 -0.0454837941 -0.40118438
vn 0.969427109 -0.114068136 -0.217254683
vn 0.914867461 -0.0454837941 -0.40118438
vn 0.850045443 0.503468812 0.154731542
vn 0.775096893 0.464358866 -0.428480536
vn 0.894472182 -0.402919382 -0.193843663
vn 0.782890081 0.20984751 0.585702181
vn 0.775304377 -0.481191397 -0.409094214
vn 0.773911059 -0.632179737 -0.0375560001
vn 0.783223033 -0.225824073 0.57927984
vn 0.373229116 0.0272004493 0.927340269
vn 0.493536502 0.263530195 -0.828838646
vn 0.478643417 0.296570331 -0.826405764
vn 0.00205311622 0.166394442 -0.986057162
vn 0.00268827099 0.136574924 -0.990626097
vn 0.391910225 0.33774063 -0.85576725
vn 0.707807302 0.588467896 -0.390786856
vn 0.683637142 0.608024776 -0.40366596
vn 0.212464482 0.496408015 -0.8416875
vn 0.201931715 0.301219285 -0.931928396
vn 0.154182762 0.0495007336 -0.986801624
vn 0.298699737 -0.0541099906 -0.952811956
vn 0.148371056 0.0183396544 -0.988761723
vn 0.362304091 0.490330815 -0.792661011
vn 0.341865778 0.905035257 -0.253059328
vn 0.41363129 0.872816503 -0.259037554
vn 0.274721593 0.936696172 0.217090681
vn 0.404896587 0.908792198 0.100775063
vn 0.239742666 0.680581689 0.692338049
vn 0.367007434 0.639508307 0.675525486
vn 0.742593288 -0.286610752 -0.605317652
vn 0.23755829 -0.599402785 -0.764383674
vn 0.427869022 -0.899754465 0.0858490616
vn 0.446601659 0.264382213 0.854780138
vn 0.507057667 0.123444043 0.85302639
vn 0.293033838 0.359221518 0.886053622
vn 0.820223808 -0.0540151261 -0.569486797
vn 0.184636146 -0.0223075841 -0.982553661
vn 0.324419439 0.0120126633 -0.94583708
vn 0.988713622 -0.134002671 -0.0669978261
vn 0.784806073 -0.0268511865 -0.619159341
vn 0.408561438 0.0265525468 -0.912344515
vn 0.516104043 0.0458611883 0.855297208
vn 0.265639395 0.225189731 0.93740344
vn 0.249844491 0.174805477 0.952376366
vn 0.414582342 0.156471908 0.896458626
vn 0.257977635 0.204957128 0.944160998
vn 0.194741651 0.213309422 0.957379162
vn 0.220072553 0.134398356 0.966180742
vn 0.5156039 0.108559497 0.849922001
vn 0.237481475 0.117225215 0.964292943
vn 0.282399327 0.20159702 0.937874854
vn 0.670394242 0.0427656099 0.740771651
vn 0.953408003 -0.161347061 0.254912287
vn 0.683247149 -0.491028011 0.540430307
vn 0.742505252 0.0727650374 0.665876329
vn 0.963888168 0.069851473 0.256983191
vn 0.542031825 0.119140372 0.831869602
vn 0.25037545 0.105626561 0.962369561
vn 0.59150058 0.116771512 0.797804177
vn 0.25614506 0.102588192 0.961179137
vn 0.708007276 0.116984837 0.696448326
vn 0.743398845 0.11527174 0.658840239
vn 0.925859034 0.123597704 0.35708335
vn 0.637870967 0.117780499 0.761083722
vn 0.940086186 0.112639792 0.321792096
vn 0.994124591 0.0399000309 -0.100620337
vn 0.987653911 0.0824149102 -0.133219317
vn 0.673352718 0.118135877 0.72982192
vn 0.2573677 0.105415367 0.960546494
vn 0.919185162 0.12064673 0.374890506
vn 0.908141375 0.117967434 0.401700139
vn 0.975993454 0.152834162 -0.155172974
vn 0.974357486 0.154502541 -0.163573787
vn 0.678555012 0.114106037 -0.725632846
vn 0.750861466 0.0292968284 -0.659809589
vn 0.975560427 0.128752679 -0.178057656
vn 0.708007157 0.0779975206 -0.701884806
vn 0.411296487 0.0520161912 -0.910016239
vn 0.391697735 0.0815093219 -0.916476548
vn 0.00301668304 0.0485644229 -0.998815536
vn 0.00214208802 0.0691648498 -0.997602999
vn 0.964918077 0.151303858 -0.214570001
vn 0.963685572 0.125875965 0.235511139
vn 0.2639862 0.0877192095 0.960529447
vn 0.500857055 0.112532429 0.858183384
vn 0.252082765 0.0790295675 0.964473188
vn 0.524373353 0.109909803 0.84436512
vn 0.265150458 0.0798097476 0.96089834
vn 0.678768694 0.12757194 0.723186433
vn 0.678652644 0.11045593 0.726106107
vn 0.2573677 0.105415367 0.960546494
vn 0.673352718 0.118135877 0.72982192
vn 0.682585001 0.117518485 0.721295476
vn 0.747196853 0.120167166 0.653648674
vn 0.75379169 0.131624326 0.643795788
vn 0.828249276 0.135703176 0.543679953
vn 0.725812972 0.112449884 0.678638816
vn 0.883324444 0.119580343 0.45325318
vn 0.908141375 0.117967434 0.401700139
vn 0.858092606 0.126471117 0.49767676
vn 0.902224064 0.121020399 0.413939148
vn 0.891668141 0.129711255 0.43370831
vn 0.88148272 0.138708323 0.451384902
vn 0.951293528 0.142512798 0.273369461
vn 0.957029521 0.128939778 0.259748101
vn 0.974357486 0.154502541 -0.163573787
vn 0.952071548 0.136009678 0.273972958
vn 0.974490702 0.148017675 -0.168696612
vn 0.97161293 0.143588305 -0.188017845
vn 0.966264188 0.143611088 -0.213797405
vn 0.706859291 0.136661649 -0.694027126
vn 0.748358607 0.13271296 -0.649882019
vn 0.678555012 0.114106037 -0.725632846
vn 0.727677822 0.131565243 -0.673183203
vn 0.572717369 0.114318833 -0.811742604
vn 0.539066136 0.124929786 -0.832946718
vn 0.625088096 0.116252571 -0.771848619
vn 0.523549855 0.108331524 -0.84507972
vn 0.453188688 0.11703968 -0.883697748
vn 0.401825726 0.11188025 -0.908855855
vn 0.596103251 0.112353697 -0.795007825
vn 0.392639488 0.0937962234 -0.914896965
vn 0.334068298 0.10344623 -0.936855018
vn 0.366315037 0.0851774439 -0.926584125
vn 0.391697735 0.0815093219 -0.916476548
vn 0.348606676 0.0889276564 -0.933040917
vn 0.00144081202 0.0781041607 -0.996944129
vn 0.212816581 0.091337204 -0.972813725
vn 0.00156315777 0.0852382034 -0.996359289
vn -0.212816715 0.091337204 -0.972813725
vn 0.00169221649 0.0751796365 -0.997168601
vn 0.00214208802 0.0691648498 -0.997602999
vn -0.391697913 0.0815092921 -0.916476429
vn -0.366315067 0.0851774439 -0.926584005
vn -0.678555071 0.114105955 -0.725632727
vn -0.348606735 0.0889276639 -0.933040798
vn -0.334068298 0.10344629 -0.936855018
vn -0.392639697 0.0937962234 -0.914896846
vn -0.401825696 0.111880466 -0.908855796
vn -0.59610343 0.112353712 -0.795007765
vn -0.523549795 0.108331539 -0.845079839
vn -0.453188717 0.117039949 -0.883697689
vn -0.539066255 0.124930143 -0.832946539
vn -0.625088215 0.116252564 -0.77184844
vn -0.572717369 0.114318781 -0.811742604
vn -0.706859291 0.136661679 -0.694027007
vn -0.748358786 0.13271296 -0.649881899
vn -0.974357605 0.154502511 -0.163573399
vn -0.727677643 0.131565392 -0.673183441
vn -0.974490702 0.148017645 -0.168696836
vn -0.97161293 0.143588245 -0.188017786
vn -0.966264307 0.143611088 -0.213797227
vn -0.951293409 0.14251259 0.2733697
vn -0.957029462 0.128939748 0.259748161
vn -0.908141255 0.117967464 0.401700139
vn -0.952071428 0.136009634 0.273973137
vn -0.902224183 0.121020436 0.413939148
vn -0.891668081 0.129711181 0.433708519
vn -0.88148272 0.138708383 0.451384902
vn -0.828249216 0.135703072 0.543680131
vn -0.883324444 0.119580396 0.453253239
vn -0.673352599 0.118135884 0.72982204
vn -0.858092606 0.126471087 0.49767673
vn -0.747196913 0.120167121 0.653648615
vn -0.753791511 0.131624252 0.643796146
vn -0.678768635 0.12757197 0.723186374
vn -0.725812852 0.112449847 0.678638935
vn -0.678652406 0.110455893 0.726106286
vn -0.25736782 0.105415374 0.960546494
vn -0.265150458 0.0798097327 0.96089834
vn -0.68258512 0.117518477 0.721295297
vn -0.524373531 0.10990984 0.844364941
vn -0.263986319 0.0877191946 0.960529327
vn -0.500857353 0.112532564 0.858183205
vn -0.252083004 0.0790297091 0.964473188
vn -0.857132733 -0.496391535 0.137545899
vn -0.905247092 -0.418350816 0.0742315799
vn -0.772999167 -0.400475413 -0.492028147
vn -0.669829369 -0.45429486 -0.58732003
vn -0.497198373 -0.337460279 -0.799321175
vn -0.211748451 -0.157238379 -0.964592457
vn -0.502119184 -0.586302042 -0.635709226
vn 0.376921445 -0.924310029 0.0598427542
vn 0.427869022 -0.899754465 0.0858490616
vn 0.23755829 -0.599402785 -0.764383674
vn -0.233412594 -0.120894521 -0.9648332
vn -0.0703373179 0.0620834418 -0.995589375
vn 0.0129376082 -0.0580741689 -0.99822849
vn -0.00977790821 0.0453572385 -0.998922884
vn 0.523570538 0.303582311 -0.796060085
vn 0.601118088 0.461954117 -0.652116001
vn 0.85888952 0.469307542 -0.20508346
vn 0.899808347 0.431836694 -0.0621446446
vn 0.179157972 -0.0802439824 -0.980542421
vn 0.298699737 -0.0541099906 -0.952811956
vn 0.362304091 0.490330815 -0.792661011
vn 0.781494617 0.621883988 -0.0502642244
vn 0.899808347 0.431836694 -0.0621446446
vn 0.594769359 0.395044476 -0.700135112
vn 0.54739511 0.41298601 -0.727874517
vn 0.41363129 0.872816503 -0.259037554
vn 0.77369225 0.615052819 0.15202105
vn 0.899808347 0.431836694 -0.0621446446
vn 0.899808347 0.431836694 -0.0621446446
vn 0.656940758 0.711210549 -0.250216842
vn 0.786429524 0.617056489 0.0277449582
vn 0.698638022 0.713203847 0.0569663495
vn 0.404896587 0.908792198 0.100775063
vn 0.660870314 0.48560372 0.572223306
vn 0.367007434 0.639508307 0.675525486
vn 0.597608566 0.448459536 0.66464138
vn 0.899808347 0.431836694 -0.0621446446
vn 0.47399053 0.276531816 0.835980356
vn 0.16057539 0.0976679176 0.982179463
vn -0.130635634 0.199288815 0.971194267
vn -0.556623518 -0.127857983 0.820867002
vn 0.682225406 0.415025502 0.601932108
vn 0.548291028 0.0487871952 0.834863305
vn 0.507057667 0.123444043 0.85302639
vn 0.683247149 -0.491028011 0.540430307
vn 0.370048046 0.057425499 0.92723614
vn -0.0890562311 -0.684765399 0.723301709
vn 0.427869022 -0.899754465 0.0858490616
vn 0.376921445 -0.924310029 0.0598427542
vn -0.693603992 -0.471554488 0.544564128
vn -0.810059011 -0.362682849 0.460722923
vn -0.857132733 -0.496391535 0.137545899
vn -0.905247092 -0.418350816 0.0742315799
vn -0.604210258 0.118094131 -0.7880252
vn -0.00784533285 0.20671095 -0.978370547
vn 0.00477195671 0.138055697 -0.99041301
vn -0.566920638 0.191812471 -0.801129818
vn -0.845696211 0.0544420592 -0.530880451
vn 0.00930706039 0.196184993 -0.980522811
vn -0.878607988 0.131709605 -0.459021389
vn -0.914867759 -0.0454818495 -0.401183844
vn -0.969427228 -0.114068188 -0.217254207
vn -0.914867759 -0.0454818495 -0.401183844
vn -0.850045383 0.503468931 0.154731721
vn -0.775097132 0.464358985 -0.428480208
vn -0.894472361 -0.402919382 -0.193843156
vn -0.782889843 0.209847897 0.585702538
vn -0.775304735 -0.48118937 -0.409095883
vn -0.773911297 -0.632179856 -0.0375494733
vn -0.783221543 -0.225822762 0.579282343
vn -0.373229593 0.0272000898 0.927340209
vn -0.49353683 0.263529986 -0.828838468
vn -0.478643477 0.29657039 -0.826405704
vn 0.00205311622 0.166394442 -0.986057162
vn 0.00268827099 0.136574924 -0.990626097
vn -0.391909689 0.337740779 -0.855767429
vn -0.707807422 0.588467896 -0.390786678
vn -0.683637381 0.608024538 -0.40366587
vn -0.212464169 0.496406525 -0.841688454
vn -0.201931104 0.30121845 -0.931928813
vn -0.154182822 0.0495006293 -0.986801624
vn -0.298699528 -0.0541099422 -0.952811956
vn -0.148370922 0.0183396433 -0.988761723
vn -0.362304091 0.490331024 -0.792660832
vn -0.341865689 0.905035257 -0.253059208
vn -0.413631737 0.872816026 -0.259038359
vn -0.274721533 0.936696172 0.217090607
vn -0.404897779 0.908791602 0.100775294
vn -0.239742354 0.680581391 0.692338467
vn -0.367006421 0.63950938 0.675525129
vn -0.742599547 -0.286610723 -0.605310023
vn -0.23755832 -0.599403322 -0.764383197
vn -0.427869022 -0.899754405 0.0858496055
vn -0.446600467 0.264383674 0.854780257
vn -0.5070557 0.123445839 0.853027284
vn -0.293033898 0.359222412 0.886053264
vn -0.820224464 -0.0540150963 -0.569485843
vn -0.184635982 -0.0223076195 -0.98255378
vn -0.324419588 0.0120127071 -0.94583708
vn -0.988713503 -0.134003326 -0.0669980273
vn -0.784805715 -0.0268510394 -0.619159877
vn -0.408561468 0.0265525412 -0.912344515
vn -0.516104817 0.0458614118 0.855296791
vn -0.265639335 0.225189716 0.93740344
vn -0.249844551 0.174805403 0.952376366
vn -0.414582849 0.156471714 0.896458328
vn -0.257977694 0.204957068 0.944160998
vn -0.194741502 0.213309199 0.957379282
vn -0.220072448 0.134398341 0.966180742
vn -0.515604198 0.108559527 0.849921942
vn -0.237481654 0.117225282 0.964292824
vn -0.282399476 0.20159705 0.937874794
vn -0.670394242 0.0427658036 0.740771651
vn -0.953407884 -0.161347538 0.254912347
vn -0.683242321 -0.491030782 0.540433824
vn -0.742505014 0.0727652684 0.665876448
vn -0.963888168 0.069851391 0.256983161
vn -0.542031586 0.119140334 0.831869781
vn -0.250375539 0.105626509 0.962369561
vn -0.59150058 0.116771474 0.797804177
vn -0.256144941 0.102588192 0.961179137
vn -0.708007455 0.116984755 0.696448207
vn -0.743398964 0.115271628 0.658840239
vn -0.925859034 0.123597667 0.35708338
vn -0.637870967 0.117780603 0.761083663
vn -0.940086186 0.112639718 0.321792096
vn -0.994124591 0.039899867 -0.100620501
vn -0.987653911 0.0824150518 -0.133219242
vn -0.673352599 0.118135884 0.72982204
vn -0.25736782 0.105415374 0.960546494
vn -0.919185102 0.120646738 0.374890804
vn -0.908141255 0.117967464 0.401700139
vn -0.975993335 0.152834252 -0.155172914
vn -0.974357605 0.154502511 -0.163573399
vn -0.678555071 0.114105955 -0.725632727
vn -0.750861287 0.0292968322 -0.659809828
vn -0.975560427 0.128752679 -0.178057581
vn -0.708007574 0.0779975727 -0.701884449
vn -0.411296517 0.0520161428 -0.910016239
vn -0.391697913 0.0815092921 -0.916476429
vn 0.00301668304 0.0485644229 -0.998815536
vn 0.00214208802 0.0691648498 -0.997602999
vn -0.964918196 0.151303843 -0.214569598
vn -0.963685572 0.12587592 0.235510707
vn 0.857132792 -0.496391296 0.137546301
vn 0.772999406 -0.400475442 -0.492027849
vn 0.905246794 -0.418351114 0.074232392
vn 0.669827402 -0.454294503 -0.587322533
vn 0.497148424 -0.337496638 -0.799336851
vn 0.211753339 -0.157233164 -0.964592338
vn 0.50211066 -0.586304128 -0.635714054
vn -0.376920134 -0.924310625 0.0598427728
vn -0.427869022 -0.899754405 0.0858496055
vn -0.23755832 -0.599403322 -0.764383197
vn 0.233411357 -0.120893687 -0.964833617
vn 0.0703372583 0.0620847717 -0.995589375
vn -0.0129352584 -0.0580751933 -0.998228371
vn 0.0097795995 0.0453563966 -0.998923004
vn -0.794864416 0.147063106 -0.588695884
vn -0.601119339 0.46195507 -0.652114332
vn -0.902363539 0.17202726 -0.39515388
vn -0.978988945 0.0106056686 -0.20363687
vn -0.1791576 -0.0802439004 -0.980542421
vn -0.298699528 -0.0541099422 -0.952811956
vn -0.362304091 0.490331024 -0.792660832
vn -0.781494737 0.621883869 -0.0502646454
vn -0.899809301 0.431834728 -0.0621453822
vn -0.594769359 0.395044476 -0.700135171
vn -0.54740268 0.412983984 -0.727869868
vn -0.413631737 0.872816026 -0.259038359
vn -0.77369231 0.615052819 0.152020767
vn -0.899809301 0.431834728 -0.0621453822
vn -0.910180032 0.337281108 0.240444914
vn -0.656941175 0.711209834 -0.250217676
vn -0.786429822 0.617056072 0.027745869
vn -0.69863826 0.713203609 0.0569673292
vn -0.404897779 0.908791602 0.100775294
vn -0.660870135 0.485602796 0.572224259
vn -0.367006421 0.63950938 0.675525129
vn -0.597601712 0.448454797 0.664650738
vn -0.822531641 0.394295484 0.409844726
vn -0.473991632 0.276530504 0.835980177
vn -0.160573602 0.0976671949 0.98217988
vn 0.130633369 0.199290335 0.971194267
vn 0.55662477 -0.127858475 0.820866048
vn -0.682223082 0.415022999 0.601936519
vn -0.548291743 0.0487863757 0.834862888
vn -0.5070557 0.123445839 0.853027284
vn -0.683242321 -0.491030782 0.540433824
vn -0.370042443 0.0574223511 0.927238524
vn 0.0890563726 -0.684766412 0.723300636
vn -0.427869022 -0.899754405 0.0858496055
vn -0.376920134 -0.924310625 0.0598427728
vn 0.693604469 -0.471555203 0.544562697
vn 0.810058534 -0.362682939 0.460723758
vn 0.857132792 -0.496391296 0.137546301
vn 0.905246794 -0.418351114 0.074232392
vn -0.682742357 -0.147765011 0.715561569
vn -0.682742357 -0.147765011 0.715561569
vn -0.682742357 -0.147765011 0.715561569
vn -0.682742357 -0.147765011 0.715561569
vn 0.718459785 0.492590874 0.491090387
vn 0.718459785 0.492590874 0.491090387
vn 0.718459785 0.492590874 0.491090387
vn 0.718459785 0.492590874 0.491090387
vn 0.881435156 0.462775648 0.0943968073
vn 0.881435156 0.462775648 0.0943968073
vn 0.881435156 0.462775648 0.0943968073
vn 0.881435156 0.462775648 0.0943968073
vn 0.914229333 0.367108911 -0.171510354
vn 0.914229333 0.367108911 -0.171510354
vn 0.914229333 0.367108911 -0.171510354
vn 0.914229333 0.367108911 -0.171510354
vn 0.875457644 0.198230818 -0.440770358
vn 0.875457644 0.198230818 -0.440770358
vn 0.875457644 0.198230818 -0.440770358
vn 0.875457644 0.198230818 -0.440770358
vn 0.0944681242 0.20189333 0.974840999
vn 0.264498115 -0.389522433 0.882220507
vn -0.579314113 -0.714622915 0.392057896
vn -0.886721313 -0.346330553 0.30623576
vn 0.353634715 0.263537586 0.897491097
vn -0.837677419 -0.487039268 0.247162461
vn 0.266021013 0.0671173409 0.961627781
vn -0.780768275 -0.490379423 0.387206674
vn 0.0141111314 0.176570654 0.984186828
vn -0.421723306 -0.542753339 -0.726338983
vn 0.123850614 -0.923388243 -0.363339007
vn -0.579314113 -0.714622915 0.392057896
vn -0.142230719 -0.58096081 -0.801408112
vn -0.0971427932 -0.858908117 -0.502832055
vn -0.880821347 -0.350629985 0.318138748
vn -0.275405318 0.375683755 0.884880543
vn -0.898844481 -0.362950325 0.245653495
vn -0.166443765 -0.885594606 -0.433611214
vn -0.0971427932 -0.858908117 -0.502832055
vn 0.428629845 0.43825841 0.790067136
vn 0.461803079 -0.666666389 0.585058808
vn 0.266021013 0.0671173409 0.961627781
vn 0.946995258 -0.315222114 0.0619271509
vn 0.308776408 0.273764104 0.910884321
vn -0.316964597 -0.608017445 0.727906764
vn -0.587870657 -0.319099188 0.743359804
vn 0.880811393 0.372973651 -0.291653872
vn 0.277165473 0.365026653 0.88878274
vn 0.845780134 0.414334238 -0.336129516
vn 0.73959291 0.608185709 0.288292259
vn 0.862580657 0.385081649 -0.328126222
vn 0.269850463 0.347075611 0.898175478
vn 0.415662378 -0.0992744491 0.904084802
vn 0.983676672 -0.178719059 0.0209690016
vn 0.415662378 -0.0992744491 0.904084802
vn -0.303409129 -0.710996509 0.634371102
vn 0.513451755 0.691495121 0.508135676
vn 0.108239524 0.700952828 0.70494628
vn -0.875375032 0.00530998595 0.483415186
vn -0.789349794 -0.583118021 -0.192094773
vn -0.580742657 -0.722420871 -0.375294805
vn -0.166443765 -0.885594606 -0.433611214
vn -0.527345479 -0.815652072 -0.237946376
vn -0.266525567 -0.957920909 -0.106544197
vn 0.461803079 -0.666666389 0.585058808
vn -0.900190592 -0.0210142955 0.434988976
vn -0.888452411 -0.439019293 -0.133844674
vn -0.574981928 -0.209983483 -0.790760875
vn -0.517997146 -0.318379521 -0.793922842
vn -0.464254826 -0.634737492 -0.61771822
vn 0.0134270359 0.719238579 0.694633424
vn 0.676126599 0.733713508 -0.0672115237
vn 0.660421133 0.750858188 -0.00747291697
vn -0.520459294 -0.853884399 -0.00192150997
vn -0.236248061 -0.486438721 -0.841168404
vn -0.463022858 -0.280284703 0.840862811
vn -0.252378255 -0.491500914 -0.833505869
vn -0.22269468 -0.807142913 0.546742618
vn 0.0192517955 -0.778480172 -0.627373934
vn -0.506965339 -0.859750926 0.0617619231
vn -0.469881058 -0.31975022 0.822782815
vn -0.225193888 -0.496697962 -0.838199794
vn -0.192076713 -0.810233653 0.553739905
vn 0.0125352778 -0.827255666 -0.561685801
vn -0.389267236 -0.897946894 0.205334648
vn 0.461803079 -0.666666389 0.585058808
vn -0.316964597 -0.608017445 0.727906764
vn -0.199331224 -0.485492527 -0.851213276
vn -0.587870657 -0.319099188 0.743359804
vn -0.49766621 -0.322864711 0.805038333
vn 0.0327162631 -0.855506718 -0.516757131
vn -0.183715299 -0.790420711 0.584366083
vn -0.084220022 -0.433203757 -0.897352457
vn -0.303409129 -0.710996509 0.634371102
vn 0.0704490244 -0.904462934 -0.420694292
vn 0.946995258 -0.315222114 0.0619271509
vn -0.0971427932 -0.858908117 -0.502832055
vn 0.950058818 0.227483317 -0.213634402
vn -0.142230719 -0.58096081 -0.801408112
vn 0.957321048 0.288026005 -0.0240290798
vn -0.421723306 -0.542753339 -0.726338983
vn 0.917773008 -0.390114546 0.0741835088
vn 0.123850614 -0.923388243 -0.363339007
vn 0.264498115 -0.389522433 0.882220507
vn 0.917773008 -0.390114546 0.0741835088
vn 0.123850614 -0.923388243 -0.363339007
vn -0.303409129 -0.710996509 0.634371102
vn 0.983676672 -0.178719059 0.0209690016
vn 0.0704490244 -0.904462934 -0.420694292
vn -0.517997146 -0.318379521 -0.793922842
vn 0.355062038 0.526804924 -0.772274256
vn -0.574981928 -0.209983483 -0.790760875
vn 0.444046468 0.561055958 -0.698597908
vn 0.446276277 0.430615425 -0.78447938
vn -0.464254826 -0.634737492 -0.61771822
vn 0.678140759 0.680491149 -0.277591109
vn 0.527332544 0.330789387 -0.782622993
vn -0.236248061 -0.486438721 -0.841168404
vn 0.828579187 0.516574025 -0.215887979
vn 0.680623055 0.731918335 0.0323703699
vn 0.828465939 0.559356272 -0.027651893
vn 0.751140952 0.296167761 -0.589976192
vn 0.499850839 0.391945153 0.772352278
vn 0.482641339 0.438932151 0.757889092
vn 0.719434142 0.33256951 -0.60976392
vn 0.735078514 0.304884434 -0.605561733
vn 0.506321251 0.432042837 0.746309459
vn 0.761624694 -0.131558076 0.63452369
vn 0.872189581 -0.212416574 -0.440641075
vn 0.582619488 0.413755685 0.699543118
vn 0.676136255 0.281509846 -0.680876017
vn 0.562327027 0.445367515 0.696732521
vn 0.678430438 0.28675577 -0.676389813
vn 0.702510118 0.226186529 -0.674773455
vn 0.596102118 0.415439248 0.687075317
vn 0.877647936 -0.19763054 0.436664999
vn 0.777981639 -0.223196894 -0.587305486
vn 0.55280602 0.256093413 -0.792982757
vn 0.72640729 0.383710384 0.570174396
vn 0.712860942 0.439308047 0.546660483
vn 0.571515143 0.174444392 -0.80183512
vn -0.252378255 -0.491500914 -0.833505869
vn 0.603355944 0.0937786698 -0.791938901
vn 0.753295958 0.390615761 0.52911669
vn 0.960379124 -0.252400786 0.118176684
vn 0.670315981 -0.246731296 -0.699857175
vn 0.670315981 -0.246731296 -0.699857175
vn 0.0192517955 -0.778480172 -0.627373934
vn 0.0192517955 -0.778480172 -0.627373934
vn 0.960379124 -0.252400786 0.118176684
vn -0.22269468 -0.807142913 0.546742618
vn 0.872189581 -0.212416574 -0.440641075
vn 0.0327162631 -0.855506718 -0.516757131
vn -0.183715299 -0.790420711 0.584366083
vn 0.761624694 -0.131558076 0.63452369
vn -0.49766621 -0.322864711 0.805038333
vn 0.761624694 -0.131558076 0.63452369
vn -0.183715299 -0.790420711 0.584366083
vn 0.506321251 0.432042837 0.746309459
vn 0.482641339 0.438932151 0.757889092
vn -0.389267236 -0.897946894 0.205334648
vn 0.499850839 0.391945153 0.772352278
vn 0.73959291 0.608185709 0.288292259
vn 0.0125352778 -0.827255666 -0.561685801
vn -0.192076713 -0.810233653 0.553739905
vn 0.877647936 -0.19763054 0.436664999
vn 0.777981639 -0.223196894 -0.587305486
vn -0.22269468 -0.807142913 0.546742618
vn 0.753295958 0.390615761 0.52911669
vn 0.960379124 -0.252400786 0.118176684
vn -0.463022858 -0.280284703 0.840862811
vn 0.712860942 0.439308047 0.546660483
vn 0.72640729 0.383710384 0.570174396
vn -0.520459294 -0.853884399 -0.00192150997
vn 0.828579187 0.516574025 -0.215887979
vn 0.777981639 -0.223196894 -0.587305486
vn -0.225193888 -0.496697962 -0.838199794
vn 0.0125352778 -0.827255666 -0.561685801
vn 0.702510118 0.226186529 -0.674773455
vn 0.678430438 0.28675577 -0.676389813
vn -0.520459294 -0.853884399 -0.00192150997
vn 0.676136255 0.281509846 -0.680876017
vn 0.828579187 0.516574025 -0.215887979
vn 0.872189581 -0.212416574 -0.440641075
vn -0.199331224 -0.485492527 -0.851213276
vn 0.0327162631 -0.855506718 -0.516757131
vn 0.735078514 0.304884434 -0.605561733
vn 0.719434142 0.33256951 -0.60976392
vn -0.506965339 -0.859750926 0.0617619231
vn 0.751140952 0.296167761 -0.589976192
vn 0.828465939 0.559356272 -0.027651893
vn -0.084220022 -0.433203757 -0.897352457
vn 0.0704490244 -0.904462934 -0.420694292
vn 0.983676672 -0.178719059 0.0209690016
vn 0.862580657 0.385081649 -0.328126222
vn 0.845780134 0.414334238 -0.336129516
vn -0.389267236 -0.897946894 0.205334648
vn 0.880811393 0.372973651 -0.291653872
vn 0.73959291 0.608185709 0.288292259
vn 0.596102118 0.415439248 0.687075317
vn 0.877647936 -0.19763054 0.436664999
vn -0.192076713 -0.810233653 0.553739905
vn -0.469881058 -0.31975022 0.822782815
vn 0.562327027 0.445367515 0.696732521
vn 0.582619488 0.413755685 0.699543118
vn -0.506965339 -0.859750926 0.0617619231
vn 0.828465939 0.559356272 -0.027651893
vn 0.957321048 0.288026005 -0.0240290798
vn 0.917773008 -0.390114546 0.0741835088
vn 0.264498115 -0.389522433 0.882220507
vn 0.0944681242 0.20189333 0.974840999
vn 0.353634715 0.263537586 0.897491097
vn 0.950058818 0.227483317 -0.213634402
vn 0.266021013 0.0671173409 0.961627781
vn 0.682744086 -0.147755608 0.715561926
vn 0.682744086 -0.147755608 0.715561926
vn 0.682744086 -0.147755608 0.715561926
vn 0.682744086 -0.147755608 0.715561926
vn -0.718465805 0.492564976 0.491107553
vn -0.718465805 0.492564976 0.491107553
vn -0.718465805 0.492564976 0.491107553
vn -0.718465805 0.492564976 0.491107553
vn -0.881435096 0.462776989 0.0943913981
vn -0.881435096 0.462776989 0.0943913981
vn -0.881435096 0.462776989 0.0943913981
vn -0.881435096 0.462776989 0.0943913981
vn -0.914224923 0.367119521 -0.17151098
vn -0.914224923 0.367119521 -0.17151098
vn -0.914224923 0.367119521 -0.17151098
vn -0.914224923 0.367119521 -0.17151098
vn -0.87545985 0.198221534 -0.440770179
vn -0.87545985 0.198221534 -0.440770179
vn -0.87545985 0.198221534 -0.440770179
vn -0.87545985 0.198221534 -0.440770179
vn -0.094468385 0.20189786 0.974839985
vn 0.579319179 -0.71462065 0.392054349
vn -0.264493316 -0.389526427 0.882220149
vn 0.886722147 -0.346328795 0.306235552
vn -0.353629768 0.263537258 0.897493243
vn 0.837679923 -0.487042814 0.247146994
vn -0.266023099 0.0671189502 0.961627126
vn 0.780758739 -0.49039185 0.387209922
vn -0.0141122779 0.176572889 0.984186351
vn 0.421717823 -0.542737246 -0.726354063
vn -0.123844109 -0.923389435 -0.363338172
vn 0.579319179 -0.71462065 0.392054349
vn 0.142200679 -0.580929518 -0.801436126
vn 0.0971302763 -0.858906984 -0.502836347
vn 0.880818248 -0.35063532 0.318141699
vn 0.275410235 0.375684023 0.884878933
vn 0.898845136 -0.362949282 0.245652869
vn 0.166443616 -0.885596871 -0.433606803
vn 0.0971302763 -0.858906984 -0.502836347
vn -0.428633094 0.438257754 0.790065646
vn -0.461804807 -0.666666627 0.585057199
vn -0.266023099 0.0671189502 0.961627126
vn -0.947001874 -0.31520319 0.0619229116
vn -0.308779001 0.27375105 0.91088742
vn 0.31695658 -0.6080181 0.727909684
vn 0.587873697 -0.319104701 0.743355036
vn -0.880816758 0.372963309 -0.291651011
vn -0.277163297 0.365025967 0.888783813
vn -0.84577316 0.414345831 -0.336132944
vn -0.739602506 0.608174205 0.288291812
vn -0.86257726 0.385084689 -0.328131467
vn -0.269845992 0.347066551 0.898180306
vn -0.415662169 -0.0992738903 0.90408504
vn -0.983676136 -0.178720236 0.0209834632
vn -0.415662169 -0.0992738903 0.90408504
vn 0.303404182 -0.710992157 0.634378552
vn -0.513450503 0.691501319 0.508128524
vn -0.108240217 0.700945854 0.704953134
vn 0.875374973 0.00531013124 0.483415306
vn 0.78934902 -0.583118737 -0.192095235
vn 0.580741107 -0.72242111 -0.375296533
vn 0.166443616 -0.885596871 -0.433606803
vn 0.527349055 -0.815651596 -0.237939939
vn 0.266524971 -0.957920671 -0.106548123
vn -0.461804807 -0.666666627 0.585057199
vn 0.900189519 -0.0210178848 0.434990734
vn 0.888451517 -0.439020783 -0.133846179
vn 0.57498163 -0.209982321 -0.790761411
vn 0.517996132 -0.318379074 -0.793923616
vn 0.464241236 -0.634728372 -0.617737651
vn -0.0134336837 0.719224572 0.694647849
vn -0.676136434 0.733704329 -0.0672126561
vn -0.660436928 0.750844359 -0.00747331791
vn 0.520457387 -0.853885412 -0.0019401547
vn 0.236228824 -0.486424178 -0.841182113
vn 0.50696665 -0.859749436 0.0617714487
vn 0.463030249 -0.280290663 0.840856731
vn 0.252370417 -0.491494149 -0.833512247
vn 0.222688749 -0.807144284 0.546742916
vn -0.0192607213 -0.778478205 -0.62737608
vn 0.469876796 -0.319750369 0.822785199
vn 0.225191787 -0.496704698 -0.838196337
vn 0.192073122 -0.810233474 0.553741574
vn -0.0125390682 -0.827256858 -0.561684012
vn 0.389258713 -0.897950053 0.205337375
vn -0.461804807 -0.666666627 0.585057199
vn 0.31695658 -0.6080181 0.727909684
vn 0.199330613 -0.485492826 -0.851213276
vn 0.587873697 -0.319104701 0.743355036
vn 0.497664958 -0.32286489 0.805039108
vn -0.0327129103 -0.855507374 -0.516756296
vn 0.183716834 -0.790421188 0.58436501
vn 0.0842299387 -0.433198571 -0.897354126
vn 0.303404182 -0.710992157 0.634378552
vn -0.0704519823 -0.904459894 -0.420700431
vn -0.947001874 -0.31520319 0.0619229116
vn 0.0971302763 -0.858906984 -0.502836347
vn -0.950057983 0.227497682 -0.213622928
vn 0.142200679 -0.580929518 -0.801436126
vn -0.957321703 0.288024366 -0.0240248628
vn 0.421717823 -0.542737246 -0.726354063
vn -0.917772949 -0.390115291 0.0741809681
vn -0.123844109 -0.923389435 -0.363338172
vn -0.123844109 -0.923389435 -0.363338172
vn -0.917772949 -0.390115291 0.0741809681
vn -0.264493316 -0.389526427 0.882220149
vn 0.303404182 -0.710992157 0.634378552
vn -0.0704519823 -0.904459894 -0.420700431
vn -0.983676136 -0.178720236 0.0209834632
vn 0.517996132 -0.318379074 -0.793923616
vn 0.57498163 -0.209982321 -0.790761411
vn -0.355067343 0.526787758 -0.772283494
vn -0.44405058 0.561046779 -0.698602498
vn -0.446278244 0.43061325 -0.784479439
vn 0.464241236 -0.634728372 -0.617737651
vn -0.678144038 0.680485964 -0.277595788
vn -0.527331054 0.330788553 -0.782624304
vn 0.236228824 -0.486424178 -0.841182113
vn -0.828583241 0.516568005 -0.215887308
vn -0.680626512 0.731915116 0.0323685259
vn -0.828477025 0.559340537 -0.0276404917
vn -0.751150608 0.296162724 -0.589966476
vn -0.499851435 0.391930312 0.77235949
vn -0.482638776 0.438931942 0.757890821
vn -0.71943593 0.332571864 -0.609760463
vn -0.735078633 0.304882467 -0.605562508
vn -0.506324112 0.432042003 0.746308029
vn -0.761625111 -0.131559536 0.634522974
vn -0.872187316 -0.212417603 -0.440645069
vn -0.582618594 0.413743764 0.699551046
vn -0.676144719 0.28150785 -0.680868387
vn -0.562318921 0.445373803 0.696735084
vn -0.678430319 0.286762685 -0.676387012
vn -0.702510357 0.226188108 -0.674772739
vn -0.596098542 0.415443063 0.68707633
vn -0.87764746 -0.197629258 0.436666429
vn -0.777983427 -0.223196313 -0.587303221
vn -0.726406276 0.38371411 0.570173204
vn -0.552803993 0.256094962 -0.792983651
vn -0.712855637 0.439311534 0.546664655
vn -0.571517467 0.17444773 -0.801832736
vn 0.252370417 -0.491494149 -0.833512247
vn -0.603358567 0.0937812999 -0.791936576
vn -0.753291965 0.390619576 0.529119551
vn -0.960380733 -0.252394319 0.118177898
vn -0.670320511 -0.246726215 -0.699854732
vn -0.670320511 -0.246726215 -0.699854732
vn -0.0192607213 -0.778478205 -0.62737608
vn -0.0192607213 -0.778478205 -0.62737608
vn -0.960380733 -0.252394319 0.118177898
vn 0.222688749 -0.807144284 0.546742916
vn -0.872187316 -0.212417603 -0.440645069
vn -0.761625111 -0.131559536 0.634522974
vn 0.183716834 -0.790421188 0.58436501
vn -0.0327129103 -0.855507374 -0.516756296
vn 0.497664958 -0.32286489 0.805039108
vn 0.183716834 -0.790421188 0.58436501
vn -0.761625111 -0.131559536 0.634522974
vn -0.506324112 0.432042003 0.746308029
vn -0.482638776 0.438931942 0.757890821
vn 0.389258713 -0.897950053 0.205337375
vn -0.499851435 0.391930312 0.77235949
vn -0.739602506 0.608174205 0.288291812
vn -0.0125390682 -0.827256858 -0.561684012
vn -0.777983427 -0.223196313 -0.587303221
vn -0.87764746 -0.197629258 0.436666429
vn 0.192073122 -0.810233474 0.553741574
vn 0.222688749 -0.807144284 0.546742916
vn -0.960380733 -0.252394319 0.118177898
vn -0.753291965 0.390619576 0.529119551
vn 0.463030249 -0.280290663 0.840856731
vn -0.712855637 0.439311534 0.546664655
vn -0.726406276 0.38371411 0.570173204
vn 0.520457387 -0.853885412 -0.0019401547
vn -0.828583241 0.516568005 -0.215887308
vn -0.777983427 -0.223196313 -0.587303221
vn -0.0125390682 -0.827256858 -0.561684012
vn 0.225191787 -0.496704698 -0.838196337
vn -0.702510357 0.226188108 -0.674772739
vn -0.678430319 0.286762685 -0.676387012
vn 0.520457387 -0.853885412 -0.0019401547
vn -0.676144719 0.28150785 -0.680868387
vn -0.828583241 0.516568005 -0.215887308
vn -0.872187316 -0.212417603 -0.440645069
vn -0.0327129103 -0.855507374 -0.516756296
vn 0.199330613 -0.485492826 -0.851213276
vn -0.735078633 0.304882467 -0.605562508
vn -0.71943593 0.332571864 -0.609760463
vn 0.50696665 -0.859749436 0.0617714487
vn -0.751150608 0.296162724 -0.589966476
vn -0.828477025 0.559340537 -0.0276404917
vn 0.0842299387 -0.433198571 -0.897354126
vn -0.983676136 -0.178720236 0.0209834632
vn -0.0704519823 -0.904459894 -0.420700431
vn -0.86257726 0.385084689 -0.328131467
vn -0.84577316 0.414345831 -0.336132944
vn 0.389258713 -0.897950053 0.205337375
vn -0.880816758 0.372963309 -0.291651011
vn -0.739602506 0.608174205 0.288291812
vn -0.596098542 0.415443063 0.68707633
vn 0.192073122 -0.810233474 0.553741574
vn -0.87764746 -0.197629258 0.436666429
vn 0.469876796 -0.319750369 0.822785199
vn -0.562318921 0.445373803 0.696735084
vn -0.582618594 0.413743764 0.699551046
vn 0.50696665 -0.859749436 0.0617714487
vn -0.828477025 0.559340537 -0.0276404917
vn -0.957321703 0.288024366 -0.0240248628
vn -0.264493316 -0.389526427 0.882220149
vn -0.917772949 -0.390115291 0.0741809681
vn -0.094468385 0.20189786 0.974839985
vn -0.353629768 0.263537258 0.897493243
vn -0.950057983 0.227497682 -0.213622928
vn -0.266023099 0.0671189502 0.961627126
vn -0 0.0151912943 0.999884605
vn -0 0.557842553 0.829946816
vn -0.376282543 0.564747036 0.734487712
vn -0.536229312 0.0130540039 0.843971372
vn -0.655547917 0.57996732 0.483626693
vn -0.105970114 0.371151447 0.922505796
vn -0.769864917 0.582856953 0.25997287
vn -0.622738361 0.65964812 0.42078653
vn -0.819695711 0.557678461 0.130742803
vn 0.67637068 0.150297016 0.72106415
vn -0.824491262 0.527621686 0.204522833
vn -0.749394953 0.470499754 0.465872437
vn 0.67637068 0.150297016 0.72106415
vn -0.865952909 0.201271489 0.457837671
vn -3.44505821E-07 0.0389971435 -0.999239326
vn 0.48988232 0.463828892 -0.738158643
vn -4.47772493E-07 0.418142855 -0.908381283
vn 0.508134127 0.00935588125 -0.861227155
vn 0.825980842 0.489870876 -0.278894454
vn 0.873212934 -0.0131998584 -0.487160206
vn 0.905696273 0.401114166 0.137191713
vn 0.999363005 -0.0272603948 -0.0230334885
vn 0.797812521 0.448704064 0.402690649
vn 0.90013063 -0.391721308 0.190576136
vn 0.725273609 0.101797216 0.680893183
vn 0.452960104 -0.59013021 0.668261588
vn 0.217266515 0.0170757025 0.975962877
vn 0.405452877 -0.881190836 0.243127182
vn -0.100982338 -0.939724028 0.32668221
vn -0 0.0151912943 0.999884605
vn 0.370729744 0.580789924 0.724736214
vn -0 0.557842553 0.829946816
vn 0.534902632 0.0138358381 0.844800413
vn 0.630060196 0.608687341 0.482207239
vn 0.105044119 0.373173922 0.921795487
vn 0.753790438 0.598967493 0.270255387
vn 0.622771978 0.659893155 0.42035231
vn 0.819699824 0.557672441 0.130742565
vn -0.677309394 0.161157519 0.7178303
vn 0.824490905 0.527622342 0.204522103
vn 0.865952671 0.201271549 0.457838267
vn -0.677309394 0.161157519 0.7178303
vn 0.865952671 0.201271549 0.457838267
vn -3.44505821E-07 0.0389971435 -0.999239326
vn -4.47772493E-07 0.418142855 -0.908381283
vn -0.489881933 0.46383065 -0.73815769
vn -0.508133531 0.00935587008 -0.861227453
vn -0.825982332 0.489868164 -0.27889502
vn -0.873212516 -0.0131998854 -0.487160861
vn -0.905702174 0.401102662 0.137186885
vn -0.999363005 -0.0272606481 -0.0230333358
vn -0.79781574 0.448697299 0.402691811
vn -0.900129437 -0.391718805 0.190586716
vn -0.725272775 0.101797156 0.680894077
vn -0.452962637 -0.590123117 0.668266118
vn -0.217264131 0.0170745496 0.975963473
vn -0.405470639 -0.881174743 0.243155614
vn 0.10097146 -0.939716518 0.326707214
vn 0.10097146 -0.939716518 0.326707214
vn -0.405470639 -0.881174743 0.243155614
vn -0.452962637 -0.590123117 0.668266118
vn 0.470133513 -0.629514098 0.6186167
vn -0.677309394 0.161157519 0.7178303
vn 0.865952671 0.201271549 0.457838267
vn -0.217264131 0.0170745496 0.975963473
vn 0.865952671 0.201271549 0.457838267
vn 0.413398266 0.0545133278 0.90891701
vn 0.2541264 0.537722111 0.803912163
vn -0.725272775 0.101797156 0.680894077
vn 0.824490905 0.527622342 0.204522103
vn 0.0643940791 0.865320861 0.49706459
vn 0.819699824 0.557672441 0.130742565
vn -0.79781574 0.448697299 0.402691811
vn 0.753790438 0.598967493 0.270255387
vn -0.299545348 0.882970095 0.361436516
vn -0.905702174 0.401102662 0.137186885
vn 0.630060196 0.608687341 0.482207239
vn -0.825982332 0.489868164 -0.27889502
vn -0.223054141 0.955645978 0.192321345
vn 0.370729744 0.580789924 0.724736214
vn -0.489881933 0.46383065 -0.73815769
vn -0.148391142 0.988260269 -0.0363554694
vn -0 0.557842553 0.829946816
vn -4.47772493E-07 0.418142855 -0.908381283
vn -1.98955178E-07 0.987614036 -0.156903237
vn 0.452960104 -0.59013021 0.668261588
vn 0.405452877 -0.881190836 0.243127182
vn -0.100982338 -0.939724028 0.32668221
vn -0.470129967 -0.629517555 0.618615746
vn 0.67637068 0.150297016 0.72106415
vn -0.749394953 0.470499754 0.465872437
vn 0.217266515 0.0170757025 0.975962877
vn -0.865952909 0.201271489 0.457837671
vn -0.413399428 0.0545151457 0.908916354
vn -0.25412637 0.537722588 0.803911865
vn 0.725273609 0.101797216 0.680893183
vn -0.824491262 0.527621686 0.204522833
vn -0.0643863752 0.865323782 0.497060448
vn -0.819695711 0.557678461 0.130742803
vn 0.797812521 0.448704064 0.402690649
vn -0.769864917 0.582856953 0.25997287
vn 0.2799505 0.889428377 0.361309946
vn 0.905696273 0.401114166 0.137191713
vn -0.655547917 0.57996732 0.483626693
vn 0.825980842 0.489870876 -0.278894454
vn 0.189801186 0.959569693 0.207849517
vn -0.376282543 0.564747036 0.734487712
vn 0.48988232 0.463828892 -0.738158643
vn 0.140979066 0.989838839 -0.0185442548
vn -0 0.557842553 0.829946816
vn -4.47772493E-07 0.418142855 -0.908381283
vn -1.98955178E-07 0.987614036 -0.156903237
vn -0.0043406426 0.108327083 -0.994105816
vn -0.0440993458 0.871496081 0.488415748
vn -0.0309476089 0.865291893 0.500311911
vn 0.489888996 0.098312974 -0.866223574
vn -0.0557717457 0.876337349 0.478458315
vn -0.105970114 0.371151447 0.922505796
vn 0.0978109837 0.240929261 0.965601385
vn 0.0978109837 0.240929261 0.965601385
vn -0.0310424883 0.102756709 0.994221985
vn -0.0305562839 0.364374667 0.930751085
vn -0.0196196251 0.193122789 0.980978489
vn 0.0135247288 0.240444884 0.970568597
vn 0.546353996 0.170217708 0.820075154
vn 0.0978109837 0.240929261 0.965601385
vn 0.67637068 0.150297016 0.72106415
vn 0.0978109837 0.240929261 0.965601385
vn -0.622738361 0.65964812 0.42078653
vn -0.0305562839 0.364374667 0.930751085
vn -0.105970114 0.371151447 0.922505796
vn 0.0978109837 0.240929261 0.965601385
vn 0.0978109837 0.240929261 0.965601385
vn -0.0310424883 0.102756709 0.994221985
vn -0.0308691002 0.876924396 0.479635864
vn -0.0557717457 0.876337349 0.478458315
vn -0.0440993458 0.871496081 0.488415748
vn -0.0309476089 0.865291893 0.500311911
vn 0.67637068 0.150297016 0.72106415
vn 0.0978109837 0.240929261 0.965601385
vn 0.67637068 0.150297016 0.72106415
vn 0.098414503 0.229624733 0.968290746
vn 0.0336183161 0.234930649 0.97143054
vn 0.67637068 0.150297016 0.72106415
vn 0.045859497 0.224451363 0.9734056
vn 0.0107173463 0.227386579 0.973745584
vn 0.0125291357 0.235747874 0.97173351
vn -0.0111858184 0.163071647 0.986550808
vn 0.0488364138 0.16259484 0.985483587
vn -0.00663328264 0.0980852917 0.995155931
vn 0.703391671 0.145688936 0.695711851
vn 0.7166605 0.142412841 0.682727158
vn 0.919833183 0.0938588455 0.380916655
vn 0.658536375 0.150024965 0.737443209
vn 0.690027356 0.146171033 0.708869755
vn 0.88027215 0.14378652 0.452157468
vn 0.661583006 0.151368424 0.734435499
vn 0.691178918 0.144525528 0.708084822
vn 0.0444336496 0.0983093604 0.994163454
vn 0.570234179 0.119214766 0.812785804
vn 0.863076687 0.14954643 0.48242566
vn 0.509461343 0.081442751 0.856630862
vn 0.83842355 0.138372406 0.5271613
vn 0.0396594219 0.0469339192 0.998110414
vn 0.013675157 0.0466074534 0.998819649
vn 0.0331639573 0.0335969292 0.998885095
vn 0.0106206276 0.0333366022 0.999387741
vn 0.467443824 0.0627287105 0.881794393
vn 0.806980491 0.115733698 0.579127073
vn 0.0340319909 0.0331328772 0.998871386
vn 0.00879097171 0.0328362547 0.999422073
vn 0.00976007804 0.0366507657 0.999280512
vn 0.0308308378 0.0368813276 0.998843908
vn 0.441744894 0.0581943877 0.895251334
vn 0.453129679 0.061250262 0.889337957
vn 0.804571033 0.114109814 0.582790256
vn 0.0308308378 0.0368813276 0.998843908
vn 0.00636571646 0.03729105 0.999284208
vn 0.00976007804 0.0366507657 0.999280512
vn 0.0294872895 0.037546277 0.998859763
vn 0.453129679 0.061250262 0.889337957
vn 0.00504900422 0.0565386564 0.998387694
vn 0.449195623 0.0612417124 0.891331971
vn 0.804571033 0.114109814 0.582790256
vn 0.0280945338 0.0567734987 0.997991681
vn 0.00513050752 0.0617604889 0.998077869
vn 0.44960919 0.0757950544 0.8900038
vn 0.0286058504 0.0619983114 0.99766624
vn 0.00776795344 0.0626450181 0.998005688
vn 0.0297005288 0.0628649369 0.997579932
vn 0.086339958 0.0640285462 0.994206071
vn 0.0939797685 0.0649882928 0.993450642
vn 0.174278021 0.0663723424 0.982456982
vn 0.181129932 0.0672807842 0.981155097
vn 0.443321228 0.0805164799 0.892739236
vn 0.434446663 0.0793808699 0.897192657
vn 0.790574789 0.118816942 0.600727916
vn 0.830396414 0.123679243 0.543272793
vn 0.984825969 0.168880552 0.0399640538
vn -0.62796694 -0.443706334 0.639360845
vn -0.808446169 -0.586286008 -0.0518027805
vn -0.812785208 -0.582120717 -0.0227099527
vn -0.641572535 -0.442275375 0.626719296
vn -0.793661177 -0.606781244 -0.0438010506
vn 0.00293937977 0.0193714183 0.999808013
vn -0.576694071 -0.417359829 0.702306807
vn -0.778114498 -0.627570808 -0.0263197273
vn -0.747047484 -0.664237738 -0.0266160034
vn -0.0542997941 0.00792324916 0.998493314
vn -0.591019094 -0.458337575 0.663794458
vn -0.731108725 -0.680945158 -0.0423502736
vn 0.47045517 0.460693926 0.752617538
vn 0.568353951 0.521082819 0.636746824
vn -0.049771592 0.018115567 0.99859637
vn -0.579575658 -0.45837751 0.673781991
vn -0.727291346 -0.685951114 -0.0227712207
vn 0.519298971 0.498113811 0.694414377
vn -0.0542503558 0.0208361819 0.99830997
vn 0.741764843 0.668912172 -0.0483879447
vn 0.747441947 0.664143384 -0.0156282466
vn -0.538430154 -0.421036988 0.729945779
vn -0.720165968 -0.693034232 0.032625623
vn 0.749018729 0.660536051 -0.0516049713
vn 0.509844065 0.416221201 -0.752873778
vn 0.582723677 0.481395811 -0.654745162
vn 0.00375167839 -0.0457266867 -0.998946965
vn 0.0431630611 -0.0195587203 -0.998876512
vn 0.508957326 0.39341262 -0.765629768
vn 0.758203924 0.649410605 -0.0582469553
vn -0.0580429472 0.0231282786 0.99804616
vn 0.549538732 0.517338574 0.656024337
vn -0.508777678 -0.423754603 -0.749384642
vn -0.463543892 -0.424668372 -0.77767849
vn -0.573675394 -0.4650383 -0.674266994
vn -0.808446169 -0.586286008 -0.0518027805
vn -0.812785208 -0.582120717 -0.0227099527
vn -0.793661177 -0.606781244 -0.0438010506
vn -0.778114498 -0.627570808 -0.0263197273
vn 0.507435083 0.484092921 0.712855995
vn 0.0283160917 -0.048124522 -0.998439848
vn 0.516424775 0.365758091 -0.774290979
vn 0.0481231213 -0.0655398592 -0.996688902
vn -0.41232428 -0.424850911 -0.805909753
vn -0.472212523 -0.516521931 -0.714297175
vn -0.747047484 -0.664237738 -0.0266160034
vn -0.731108725 -0.680945158 -0.0423502736
vn 0.573157787 0.389492363 -0.72096175
vn 0.768972218 0.637243629 -0.0510118157
vn 0.0597639754 -0.0867131352 -0.994439125
vn -0.474578887 -0.539683402 -0.695353627
vn 0.775490582 0.630487144 -0.0331702456
vn 0.570413768 0.366259456 -0.735174894
vn 0.0583665222 -0.105135538 -0.992743611
vn -0.419386566 -0.511170864 -0.750212848
vn -0.727291346 -0.685951114 -0.0227712207
vn -0.720165968 -0.693034232 0.032625623
vn 0.0673507601 -0.105790474 -0.992105007
vn 0.775511384 0.631132185 0.0159496069
vn -0.401162803 -0.517716229 -0.755670726
vn -0.709229171 -0.704503298 0.0258656237
vn 0.110224381 -0.0868066028 -0.990108728
vn 0.563773274 0.348508775 -0.74879992
vn -0.390704125 -0.526561916 -0.755038261
vn 0.579644263 0.346809089 -0.737384498
vn 0.780135393 0.625459492 0.0137499655
vn 0.484748363 0.467714369 0.739095628
vn 0.598784029 0.355867982 -0.717506528
vn -0.39133805 -0.597653091 -0.699760854
vn -0.697290242 -0.716658533 -0.0136671541
vn -0.716549456 -0.697510481 0.00600813283
vn 0.111142471 -0.0968399495 -0.989075005
vn 0.106751308 -0.193159625 -0.975342751
vn -0.410673887 -0.62040925 -0.668161094
vn 0.483495533 0.466656685 0.740583301
vn 0.63958776 0.328324527 -0.695075929
vn -0.467614383 -0.648730218 -0.600404739
vn -0.727148771 -0.684483051 0.0523225106
vn -0.728927314 -0.683094621 0.0452402122
vn -0.06586539 0.0236476529 0.997548282
vn 0.468573272 0.455791265 0.756765008
vn 0.785943449 0.617458642 -0.0322144665
vn 0.785704434 0.618255615 -0.0207043979
vn 0.672026396 0.324407876 -0.66568768
vn 0.174271196 -0.184857845 -0.967190325
vn 0.124447696 -0.23343043 -0.964376986
vn 0.455581516 0.524905741 0.718971133
vn -0.0702072009 0.0152686909 0.997415543
vn -0.527814627 -0.417678475 0.739564955
vn -0.709229171 -0.704503298 0.0258656237
vn -0.0395551547 0.0505639017 0.997937202
vn -0.509871423 -0.404297233 0.759325266
vn -0.579645693 -0.391232431 0.714806318
vn -0.697290242 -0.716658533 -0.0136671541
vn -0.716549456 -0.697510481 0.00600813283
vn -0.144274324 0.088115409 0.98560667
vn -0.101627886 0.157980189 0.982198536
vn -0.613450587 -0.387371927 0.688201487
vn -0.643980682 -0.427183568 0.634667575
vn -0.727148771 -0.684483051 0.0523225106
vn -0.728927314 -0.683094621 0.0452402122
vn 0.49197641 0.559763134 0.666801572
vn -0.147891372 0.115020752 0.982292354
vn 0.789412558 0.61378175 -0.00999151543
vn 0.468491644 0.545253158 0.695136368
vn 0.787524223 0.615997732 0.0187733509
vn 0.473573208 0.5447914 0.692048252
vn -0.138804346 0.117789514 0.983289838
vn -0.636963964 -0.41568774 0.649215341
vn -0.529704928 -0.452571392 0.717350602
vn -0.658974707 -0.748787761 0.0711980164
vn -0.0115149394 0.0616981424 0.998028338
vn 0.558132112 0.470739216 0.683295786
vn 0.848707438 0.52730912 0.0405071042
vn 0.789565265 0.613540471 0.0124420449
vn 0.654756069 0.295445979 -0.695705473
vn 0.744687676 0.270589769 -0.610099614
vn 0.215676174 -0.28711164 -0.933300972
vn 0.65404278 0.295092404 -0.696525931
vn 0.128616795 -0.229998097 -0.964654684
vn -0.45892933 -0.640675843 -0.615563393
vn -0.401163518 -0.702286601 -0.588099778
vn -0.658974707 -0.748787761 0.0711980164
vn -0.0043406426 0.108327083 -0.994105816
vn -0.0309476089 0.865291893 0.500311911
vn -0.0171200093 0.872243762 0.488771617
vn -0.474400431 0.0932542458 -0.875355899
vn -0.0102805169 0.878039539 0.478477657
vn 0.105044119 0.373173922 0.921795487
vn -0.114940211 0.250212729 0.961344004
vn -0.114940211 0.250212729 0.961344004
vn -0.0310424883 0.102756709 0.994221985
vn -0.0305562839 0.364374667 0.930751085
vn -0.0196196251 0.193122789 0.980978489
vn -0.548127949 0.182560667 0.816227555
vn 0.0135247288 0.240444884 0.970568597
vn -0.114940211 0.250212729 0.961344004
vn -0.677309394 0.161157519 0.7178303
vn 0.0978109837 0.240929261 0.965601385
vn 0.622771978 0.659893155 0.42035231
vn -0.0305562839 0.364374667 0.930751085
vn 0.105044119 0.373173922 0.921795487
vn -0.114940211 0.250212729 0.961344004
vn -0.114940211 0.250212729 0.961344004
vn -0.0308691002 0.876924396 0.479635864
vn -0.0310424883 0.102756709 0.994221985
vn -0.0102805169 0.878039539 0.478477657
vn -0.0171200093 0.872243762 0.488771617
vn -0.0309476089 0.865291893 0.500311911
vn -0.677309394 0.161157519 0.7178303
vn -0.677309394 0.161157519 0.7178303
vn -0.114940211 0.250212729 0.961344004
vn -0.113873333 0.233950496 0.9655568
vn -0.052224189 0.23666425 0.970186949
vn -0.677309394 0.161157519 0.7178303
vn -0.0534618199 0.226349756 0.97257781
vn 0.0107173463 0.227386579 0.973745584
vn 0.0125291357 0.235747874 0.97173351
vn -0.0111858184 0.163071647 0.986550808
vn -0.0410143249 0.163165674 0.985745788
vn -0.00663328264 0.0980852917 0.995155931
vn -0.703265846 0.158311635 0.693076134
vn -0.718325078 0.156982616 0.677765071
vn -0.919784427 0.104255617 0.378321797
vn -0.657404542 0.157514364 0.736891091
vn -0.689261973 0.152612045 0.708256602
vn -0.883125424 0.147830546 0.445236564
vn -0.660520732 0.160405025 0.733472943
vn -0.689269662 0.150162458 0.7087726
vn -0.035137061 0.0982471481 0.994541585
vn -0.566215515 0.120168649 0.81545043
vn -0.86313349 0.151195154 0.481809765
vn -0.505928218 0.0795961097 0.858895242
vn -0.837937832 0.137202546 0.528238297
vn -0.0336229354 0.0467640981 0.998339891
vn 0.013675157 0.0466074534 0.998819649
vn -0.0321110263 0.0334650986 0.998923838
vn 0.0106206276 0.0333366022 0.999387741
vn -0.465292245 0.0604974553 0.883087337
vn -0.807017982 0.11229828 0.579750955
vn -0.0317326635 0.0329378992 0.998953462
vn 0.00879097171 0.0328362547 0.999422073
vn 0.00976007804 0.0366507657 0.999280512
vn -0.0300467983 0.0366961509 0.998874605
vn -0.439993739 0.0557405315 0.896269262
vn -0.452486366 0.0586537048 0.889840364
vn -0.804619551 0.109987602 0.583515227
vn -0.0300467983 0.0366961509 0.998874605
vn 0.00976007804 0.0366507657 0.999280512
vn 0.00636571646 0.03729105 0.999284208
vn -0.0285290163 0.0373596214 0.998894632
vn -0.452486366 0.0586537048 0.889840364
vn 0.00504900422 0.0565386564 0.998387694
vn -0.448356122 0.0585745461 0.891933799
vn -0.804619551 0.109987602 0.583515227
vn -0.028820416 0.0565799139 0.997982025
vn 0.00513050752 0.0617604889 0.998077869
vn -0.450131476 0.0728620887 0.889984727
vn -0.0299231019 0.0618041381 0.997639656
vn 0.00776795344 0.0626450181 0.998005688
vn -0.0314804539 0.0626667142 0.997537971
vn -0.0877963826 0.0634479299 0.99411571
vn -0.0958789885 0.0643719956 0.993309379
vn -0.175950915 0.065250285 0.982234061
vn -0.183156237 0.0661301836 0.980857134
vn -0.444891483 0.0777282715 0.892205119
vn -0.435451806 0.0765518993 0.896951199
vn -0.79147321 0.113946624 0.600488365
vn -0.831040561 0.118693709 0.54339999
vn -0.985778809 0.163242206 0.0398999192
vn 0.627978146 -0.443689764 0.639361203
vn 0.812786818 -0.582119048 -0.0226901211
vn 0.808448017 -0.586283088 -0.0518058836
vn 0.641571403 -0.442278653 0.626718223
vn 0.793660462 -0.606782019 -0.0438010618
vn -0.00293927942 0.0193711016 0.999808133
vn 0.576694846 -0.417353004 0.702310145
vn 0.778112531 -0.627572834 -0.0263283923
vn 0.74704808 -0.664236963 -0.0266161226
vn 0.0542967841 0.00792602263 0.998493433
vn 0.591021359 -0.45833993 0.663790822
vn 0.731102169 -0.680952191 -0.0423515216
vn -0.470459789 0.460698754 0.752611578
vn -0.568366528 0.521075666 0.636741459
vn 0.0497701503 0.0181153435 0.99859637
vn 0.579580009 -0.458375543 0.673779428
vn 0.727284968 -0.68595773 -0.0227720644
vn -0.51930213 0.498115569 0.694410622
vn 0.0542484671 0.0208382588 0.998310089
vn -0.741768301 0.668908119 -0.0483918786
vn -0.747441411 0.66414392 -0.0156305805
vn 0.5384323 -0.421033293 0.729946375
vn 0.720168233 -0.693031728 0.0326307565
vn -0.749015033 0.660540044 -0.0516064316
vn -0.509845614 0.416226536 -0.752869725
vn -0.582717717 0.481401086 -0.654746532
vn -0.00375378435 -0.0457252935 -0.998947084
vn -0.0431650802 -0.019556297 -0.998876512
vn -0.50895834 0.393413275 -0.765628695
vn -0.758208632 0.649404883 -0.0582485124
vn 0.0580428727 0.0231278855 0.99804616
vn 0.527808726 -0.41767323 0.739572108
vn 0.709230781 -0.70450139 0.0258744992
vn -0.549536705 0.517337918 0.656026661
vn 0.508773685 -0.423751354 -0.749389172
vn 0.463548809 -0.424667388 -0.777676046
vn 0.573671997 -0.465045452 -0.674264789
vn 0.808448017 -0.586283088 -0.0518058836
vn 0.812786818 -0.582119048 -0.0226901211
vn 0.793660462 -0.606782019 -0.0438010618
vn 0.778112531 -0.627572834 -0.0263283923
vn -0.50743556 0.48409456 0.712854505
vn -0.0283165053 -0.0481241867 -0.998439968
vn -0.516424239 0.365758002 -0.774291337
vn -0.0481271632 -0.0655369908 -0.996688902
vn 0.412323415 -0.424851537 -0.805909812
vn 0.472212195 -0.516522706 -0.714296818
vn 0.74704808 -0.664236963 -0.0266161226
vn 0.731102169 -0.680952191 -0.0423515216
vn -0.573161066 0.389496982 -0.720956624
vn -0.0597651936 -0.086711511 -0.994439244
vn 0.474574387 -0.539682984 -0.695356965
vn -0.768971443 0.637244701 -0.0510099493
vn -0.0583675131 -0.105135426 -0.992743611
vn 0.419382751 -0.511172235 -0.750213921
vn 0.727284968 -0.68595773 -0.0227720644
vn 0.720168233 -0.693031728 0.0326307565
vn -0.775497317 0.630479276 -0.0331617631
vn -0.570414007 0.36626327 -0.735172749
vn -0.0673517063 -0.105791762 -0.992104769
vn 0.401159644 -0.517716527 -0.755672157
vn 0.709230781 -0.70450139 0.0258744992
vn -0.775514364 0.631128609 0.0159388315
vn -0.110228695 -0.0868057236 -0.990108252
vn 0.390702695 -0.52656126 -0.755039513
vn -0.563772142 0.348511577 -0.748799562
vn -0.579643726 0.346808016 -0.737385571
vn -0.780129015 0.625467598 0.0137502933
vn -0.484750271 0.467715472 0.739093602
vn -0.598783433 0.355866849 -0.71750766
vn 0.391341001 -0.597644269 -0.699766755
vn 0.697297037 -0.716651976 -0.0136696203
vn 0.716549814 -0.697509944 0.00601042947
vn -0.111145519 -0.0968383923 -0.989074886
vn -0.106754594 -0.19315885 -0.975342512
vn 0.410670221 -0.620414197 -0.66815877
vn -0.48349607 0.466657788 0.740582228
vn 0.0702075958 0.0152674019 0.997415543
vn 0.0658651516 0.0236474331 0.997548282
vn -0.46857208 0.455789119 0.756767094
vn 0.0395549163 0.0505643412 0.997937202
vn -0.785936713 0.617467701 -0.0322065838
vn -0.455582559 0.524908125 0.718968749
vn -0.785705149 0.618254364 -0.0207119081
vn 0.509867072 -0.404301316 0.759325981
vn 0.579650402 -0.391235352 0.714800894
vn 0.697297037 -0.716651976 -0.0136696203
vn 0.716549814 -0.697509944 0.00601042947
vn -0.639590442 0.328337163 -0.695067406
vn -0.672029138 0.324406952 -0.665685296
vn 0.144277006 0.0881150365 0.985606372
vn 0.101625755 0.157981381 0.982198656
vn 0.613448977 -0.387373179 0.688202381
vn 0.643984556 -0.427176654 0.63466835
vn 0.727155805 -0.684475303 0.0523270369
vn 0.728929162 -0.683092177 0.0452471599
vn -0.491982907 0.559765399 0.666794956
vn -0.174271554 -0.184856266 -0.967190564
vn 0.147889227 0.11502026 0.982292712
vn -0.789420128 0.613771796 -0.0100026643
vn -0.468512923 0.545255542 0.695120037
vn -0.787516415 0.616008401 0.0187491216
vn -0.65405637 0.295084357 -0.696516693
vn -0.654760063 0.295450777 -0.695699692
vn -0.124451026 -0.2334297 -0.964376748
vn -0.473580509 0.54480511 0.692032337
vn 0.138804078 0.117789038 0.983289957
vn 0.467615783 -0.648729503 -0.600404501
vn 0.727155805 -0.684475303 0.0523270369
vn 0.728929162 -0.683092177 0.0452471599
vn 0.458931655 -0.640676737 -0.61556071
vn 0.401162088 -0.702288866 -0.588098109
vn 0.658966124 -0.748795807 0.0711930394
vn -0.215686351 -0.287118822 -0.933296382
vn -0.128618658 -0.22999914 -0.964654088
vn -0.744690478 0.270577729 -0.610101521
vn -0.848695815 0.527327418 0.0405109227
vn -0.789561689 0.613545418 0.0124251796
vn -0.558132231 0.470742196 0.683293641
vn 0.011515622 0.061699111 0.998028338
vn 0.636962295 -0.415672958 0.649226487
vn 0.529708505 -0.452566236 0.717351139
vn 0.658966124 -0.748795807 0.0711930394
vn -0.726317763 -0.0324626639 -0.686591983
vn -0.998149157 -0.0528269634 -0.0301254988
vn -0.997730911 -0.0501973443 -0.044871062
vn -0.674856424 0.00226210803 -0.737945616
vn -0.998858571 -0.00638637412 -0.0473356023
vn 0.0450070985 -0.0644446611 -0.996905863
vn -0.72721833 0.147853643 -0.670293033
vn -0.995822072 0.068446137 -0.0604451038
vn -0.986120522 0.0861585364 -0.14192605
vn -0.704424381 0.181733459 -0.68611896
vn -0.00334236934 0.21107091 -0.977465034
vn -0.98672533 0.0644372851 -0.149066612
vn -0.660579562 0.0818361565 -0.746282518
vn -0.98924005 0.0404822044 -0.140589103
vn -0.993486404 0.025868535 -0.110975355
vn -0.0499770828 0.158590943 -0.98607868
vn 0.0371497832 -0.0273651704 -0.998934925
vn 0.771063924 -0.149735481 -0.618902028
vn 0.719042003 -0.162641928 -0.675667226
vn -0.663350165 0.0235204641 -0.747939467
vn -0.991567671 0.021382805 -0.127813712
vn 0.0036633343 0.0636908263 -0.997962952
vn -0.0335369706 -0.0349413604 -0.998826444
vn 0.690782249 0.00503911357 -0.723045349
vn 0.658250153 -0.0907215625 -0.747312725
vn 0.772273958 0.0564257465 -0.632778883
vn 0.97654587 -0.197341427 -0.0861068815
vn 0.95886153 -0.220908463 -0.178280324
vn 0.988142788 -0.129175454 -0.0829910561
vn 0.996600926 -0.0542378724 -0.0620074011
vn 0.991560161 -0.027113596 -0.126779869
vn 0.741294026 0.123935908 -0.659638524
vn 0.981625021 -0.046182137 -0.185147583
vn 0.968756974 -0.0764823407 -0.235924691
vn 0.978125632 -0.11996761 -0.169935033
vn 0.981239557 -0.128188029 -0.144003108
vn 0.794814885 -0.273700118 0.541625023
vn 0.97654587 -0.197341427 -0.0861068815
vn 0.95886153 -0.220908463 -0.178280324
vn 0.738193929 -0.233768404 0.632789016
vn 0.988142788 -0.129175454 -0.0829910561
vn -0.0081422599 -0.299573541 0.95403856
vn 0.720988154 -0.161768883 0.673800349
vn 0.996600926 -0.0542378724 -0.0620074011
vn 0.991560161 -0.027113596 -0.126779869
vn 0.684534907 -0.180363983 0.706314802
vn 0.981625021 -0.046182137 -0.185147583
vn 0.687934458 -0.182105497 0.70255506
vn 0.968756974 -0.0764823407 -0.235924691
vn 0.978125632 -0.11996761 -0.169935033
vn -0.0638033226 -0.172581136 0.982926667
vn -0.0856365114 -0.230302319 0.969343781
vn 0.691847682 -0.179587528 0.699353397
vn 0.981239557 -0.128188029 -0.144003108
vn 0.420834571 -0.181808174 0.888731718
vn -0.0755666047 -0.182947636 0.980214179
vn -0.0813721269 -0.174702123 0.981253088
vn -0.877688706 -0.0570899881 0.475818455
vn -0.0749473274 -0.16750522 0.983018279
vn -0.622093797 -0.107177079 0.77557224
vn -0.888295591 -0.0475873053 0.456800163
vn -0.784696519 -0.142157629 0.60335952
vn -0.767955542 -0.186380684 0.612785816
vn -0.997730911 -0.0501973443 -0.044871062
vn -0.998149157 -0.0528269634 -0.0301254988
vn -0.998858571 -0.00638637412 -0.0473356023
vn -0.86671102 -0.0515108965 0.496143848
vn -0.995822072 0.068446137 -0.0604451038
vn -0.986120522 0.0861585364 -0.14192605
vn -0.841945529 -0.0729558468 0.534607589
vn -0.98672533 0.0644372851 -0.149066612
vn -0.98924005 0.0404822044 -0.140589103
vn -0.993486404 0.025868535 -0.110975355
vn -0.991567671 0.021382805 -0.127813712
vn -0.892479718 -0.00845907815 0.451008171
vn -0.996724308 -0.00372747774 -0.0807880536
vn -0.99755621 0.00816187542 -0.069389306
vn -0.870791972 -0.000748320948 0.491651058
vn -0.601071298 -0.0482448339 0.797737896
vn -0.998421669 0.028404437 -0.0484487899
vn -0.580135167 -0.0414143577 0.813466728
vn -0.185310602 -0.0967939869 0.97790122
vn -0.860468268 0.0124531509 0.50935185
vn -0.223612636 -0.0835532472 0.971090257
vn 0.349848092 -0.128304824 0.927978456
vn -0.242637694 -0.0691950619 0.967646062
vn -0.843708515 0.0534765981 0.534131348
vn -0.996751547 0.0734709799 -0.0329925492
vn -0.995113671 0.0961118042 -0.0226131789
vn 0.334165156 -0.120905213 0.934727609
vn 0.706423819 -0.13075234 0.695607007
vn 0.708057165 -0.136040911 0.692927182
vn 0.991282701 -0.125821531 -0.0390835963
vn 0.993721485 -0.104729801 -0.0393615775
vn 0.330691218 -0.116305366 0.936544955
vn 0.740176618 -0.136839837 0.658341527
vn 0.997181177 -0.0656689107 -0.0362972356
vn -0.218563303 -0.0585869662 0.974062443
vn 0.201405227 -0.252040356 0.946526051
vn 0.682113111 -0.403787106 0.609653711
vn 0.984916508 -0.167298928 -0.0441647023
vn 0.067036286 -0.340451866 0.937869191
vn -0.294137895 -0.0191234592 0.955571651
vn 0.345700175 -0.858726859 0.378258735
vn 0.241230845 -0.969900489 0.0331764221
vn 0.167119935 -0.667205811 0.725883722
vn -0.813725293 0.117899626 0.56916666
vn -0.0410649739 -0.234163344 0.97132957
vn 0.000205774631 -0.196351632 0.9805336
vn -2.81050307E-05 -0.809941411 0.586510777
vn -0.292402267 0.0785264298 0.953065813
vn -0.932526588 0.114215642 0.342562556
vn -0.994470477 0.103424743 -0.0182156973
vn -0.00338379689 -0.954129994 0.299373329
vn 0.241230845 -0.969900489 0.0331764221
vn -0.0817796066 0.0435262732 0.995699525
vn 0.000147407452 0.0314853005 0.999504209
vn -0.757128894 0.13585785 0.638982296
vn -0.934770823 0.113337003 0.336687297
vn -0.992177188 0.105389178 -0.0669147223
vn -0.806764781 0.131193757 0.576123834
vn -0.340074718 0.110322043 0.933904767
vn -0.0947054401 0.0569148585 0.993877113
vn -0.0434932932 0.0477967225 0.997909725
vn -0.0127190435 0.0454595014 0.998885214
vn 0.000371158036 0.0450396277 0.998985112
vn 0.0127219716 0.0454600602 0.998885214
vn 0.0434963293 0.0477966294 0.997909486
vn 0.0817826688 0.0435253978 0.995699286
vn 0.0947076231 0.0569137633 0.993876874
vn 0.340081304 0.110322565 0.933902383
vn 0.0410657898 -0.234161913 0.971329868
vn 0.292403489 0.0785273686 0.953065395
vn -0.168585852 -0.668251216 0.724582016
vn 0.757129133 0.13585338 0.638983011
vn 0.806767225 0.131188557 0.576121688
vn -0.327243209 -0.867219329 0.375289917
vn -0.0672863871 -0.343064278 0.936898828
vn 0.294148594 -0.0191249531 0.955568373
vn 0.813731015 0.117902681 0.569157898
vn 0.932525098 0.114228532 0.342562139
vn -0.68355459 -0.403069079 0.608513236
vn 0.934770286 0.11333999 0.336687595
vn 0.992185175 0.105312258 -0.0669180378
vn 0.994470358 0.103424244 -0.0182236303
vn 0.995112598 0.0961225852 -0.0226136912
vn 0.842845082 0.0533635393 0.535503983
vn 0.99675566 0.0734754279 -0.0328535028
vn 0.215160251 -0.059426643 0.974768937
vn 0.800447047 0.103414416 -0.59041518
vn 0.77384752 0.137015551 -0.618374288
vn 0.886788428 -0.0124619436 0.462007433
vn 0.994623542 -0.00577528775 -0.103396408
vn -0.20185338 -0.252893239 0.946202993
vn 0.0724338591 -0.109711662 0.99132067
vn 0.808437347 0.0906166732 -0.581564784
vn 0.995112598 0.0961225852 -0.0226136912
vn 0.567311883 0.0996708348 -0.817449033
vn 0.362713039 0.136167973 -0.921898782
vn 0.877698183 -0.0570907593 0.47580108
vn 0.989238501 0.040477559 -0.14060095
vn 0.986722767 0.0644396245 -0.149082929
vn -0.698396504 -0.140874252 0.701709926
vn 0.0813895017 -0.174701273 0.981251836
vn 0.841962099 -0.0729546696 0.534581542
vn 0.986122966 0.0861579627 -0.141909629
vn 0.0762399063 -0.182914361 0.980168223
vn 0.866718233 -0.0515046492 0.496131748
vn 0.9958269 0.0684717149 -0.0603356399
vn 0.99888283 -0.00646606088 -0.0468112305
vn -0.984935641 -0.16719237 -0.0441428125
vn -0.241333559 -0.969874322 0.0331937
vn -0.00706856046 -0.999219179 0.0388712063
vn 0.241230845 -0.969900489 0.0331764221
vn -0.984966815 -0.145511836 -0.0930954739
vn -0.685292184 -0.182214275 0.705104768
vn -0.968756378 -0.0764817297 -0.235927314
vn -0.981623948 -0.0461925715 -0.185150087
vn -0.684523761 -0.180369183 0.706324518
vn -0.991578221 -0.027160747 -0.126629546
vn 0.0638176426 -0.172580227 0.982925892
vn -0.720983446 -0.161768556 0.673805416
vn -0.996599376 -0.0542516559 -0.0620197318
vn -0.988133013 -0.129175633 -0.0831074789
vn -0.738188505 -0.23376587 0.632796407
vn -0.976526856 -0.197327122 -0.0863558799
vn 0.0856553465 -0.230301902 0.969342232
vn -0.794796944 -0.273707062 0.541647673
vn -0.95885849 -0.220910668 -0.178294465
vn 0.00816130918 -0.299571335 0.954038978
vn 0.784706473 -0.14216195 0.603345454
vn 0.76796186 -0.186391726 0.612774491
vn 0.998167396 -0.0529166088 -0.0293526407
vn 0.997731626 -0.0501866154 -0.0448660925
vn -0.99755621 0.00816187542 -0.069389306
vn -0.996724308 -0.00372747774 -0.0807880536
vn -0.718392432 -0.0400780365 -0.694482625
vn -0.703776479 -0.0342823565 -0.709593832
vn -0.998421669 0.028404437 -0.0484487899
vn -0.153406799 -0.11074882 -0.981937408
vn -0.15006572 -0.120988727 -0.98124516
vn 0.624349356 -0.167453244 -0.762985826
vn -0.744365394 -0.011947358 -0.66766566
vn -0.996751547 0.0734709799 -0.0329925492
vn 0.644577205 -0.156477645 -0.748354852
vn 0.991282701 -0.125821531 -0.0390835963
vn 0.993721485 -0.104729801 -0.0393615775
vn 0.997181177 -0.0656689107 -0.0362972356
vn -0.103551544 -0.101717047 -0.989409328
vn 0.664681852 -0.152782232 -0.731338263
vn 0.728336632 -0.301603198 -0.615273237
vn 0.984916508 -0.167298928 -0.0441647023
vn 0.241230845 -0.969900489 0.0331764221
vn -0.0569538586 -0.144930318 -0.987801254
vn -0.536133885 -0.0257209111 -0.843741
vn -0.808170319 0.0267720167 -0.588340044
vn 0.306210846 -0.678934634 -0.667294979
vn 4.67910326E-07 -0.842701256 -0.538381398
vn -0.00706856046 -0.999219179 0.0388712063
vn -0.241333559 -0.969874322 0.0331937
vn -0.815804482 0.0578154735 -0.575430691
vn -0.995113671 0.0961118042 -0.0226131789
vn -0.521653712 -0.00112825306 -0.853156567
vn -0.154790625 -0.181732982 -0.971088588
vn -0.808431268 0.090626888 -0.581571698
vn -0.994470477 0.103424743 -0.0182156973
vn -0.0879384354 -0.327406973 -0.940782428
vn -0.558166683 0.0598474592 -0.827567637
vn -0.242001727 -0.119360119 -0.962906122
vn -0.800446033 0.103410304 -0.590417147
vn -0.992177188 0.105389178 -0.0669147223
vn -0.773842096 0.137016937 -0.618380725
vn -0.567306042 0.0996740013 -0.817452669
vn -0.362707764 0.136167854 -0.921900928
vn -0.321880192 0.0183112491 -0.946603358
vn -0.337667614 0.0965228379 -0.936303377
vn 0.00271076639 0.125192091 -0.992128849
vn 0.0026589625 0.0957736149 -0.995399654
vn 0.00249362155 -0.0148435505 -0.999886751
vn 0.337673128 0.0965212807 -0.936301529
vn 0.32188496 0.0183147173 -0.94660157
vn 0.000495090499 -0.369839847 -0.929095387
vn 0.0879404247 -0.327402025 -0.940783918
vn 0.558163941 0.0598524138 -0.827569127
vn -0.306672633 -0.679285526 -0.666725576
vn 0.242007285 -0.119359761 -0.962904811
vn 0.815805495 0.0578207225 -0.575428784
vn 0.99675566 0.0734754279 -0.0328535028
vn 0.150280222 -0.185286403 -0.971125484
vn 0.521656334 -0.00111907313 -0.853154957
vn 0.80816412 0.0267703757 -0.588348508
vn 0.994623542 -0.00577528775 -0.103396408
vn -0.729480505 -0.302251071 -0.613597989
vn -0.984935641 -0.16719237 -0.0441428125
vn 0.0569665767 -0.144927055 -0.987801075
vn 0.0693138912 -0.13112624 -0.988939583
vn -0.666086018 -0.179109871 -0.724050462
vn -0.984966815 -0.145511836 -0.0930954739
vn -0.968756378 -0.0764817297 -0.235927314
vn 0.536144018 -0.025721129 -0.843734562
vn 0.730866015 -0.0391502567 -0.681397259
vn 0.989238501 0.040477559 -0.14060095
vn -0.690858483 0.00502749672 -0.722972512
vn -0.981623948 -0.0461925715 -0.185150087
vn 0.660577178 0.0818411782 -0.746284068
vn 0.986722767 0.0644396245 -0.149082929
vn -0.741703391 0.123800881 -0.659203768
vn 0.00264760712 0.211030647 -0.977475882
vn -0.991578221 -0.027160747 -0.126629546
vn -0.00314949825 0.0631423816 -0.997999489
vn 0.704432845 0.181733087 -0.686110497
vn 0.986122966 0.0861579627 -0.141909629
vn -0.77226007 0.0564179495 -0.632796407
vn -0.996599376 -0.0542516559 -0.0620197318
vn -0.988133013 -0.129175633 -0.0831074789
vn 0.727227807 0.147849664 -0.670283616
vn 0.9958269 0.0684717149 -0.0603356399
vn 0.99888283 -0.00646606088 -0.0468112305
vn 0.674865007 0.00226313737 -0.737937748
vn 0.998167396 -0.0529166088 -0.0293526407
vn 0.997731626 -0.0501866154 -0.0448660925
vn 0.726325512 -0.0324881263 -0.686582625
vn -0.044985503 -0.0644422323 -0.996906936
vn 0.0499910489 0.158592075 -0.986077785
vn -0.771063983 -0.149733782 -0.618902326
vn -0.976526856 -0.197327122 -0.0863558799
vn -0.0371362902 -0.0273637399 -0.998935521
vn -0.719045043 -0.162623897 -0.675668418
vn -0.95885849 -0.220910668 -0.178294465
vn -0.991567671 0.021382805 -0.127813712
vn -0.996724308 -0.00372747774 -0.0807880536
vn -0.892479718 -0.00845907815 0.451008171
vn -0.888295591 -0.0475873053 0.456800163
vn -0.601071298 -0.0482448339 0.797737896
vn -0.622093797 -0.107177079 0.77557224
vn -0.0749473274 -0.16750522 0.983018279
vn -0.185310602 -0.0967939869 0.97790122
vn 0.349848092 -0.128304824 0.927978456
vn 0.420834571 -0.181808174 0.888731718
vn 0.691847682 -0.179587528 0.699353397
vn 0.708057165 -0.136040911 0.692927182
vn 0.981239557 -0.128188029 -0.144003108
vn 0.991282701 -0.125821531 -0.0390835963
vn 0.624349356 -0.167453244 -0.762985826
vn 0.658250153 -0.0907215625 -0.747312725
vn -0.15006572 -0.120988727 -0.98124516
vn -0.0335369706 -0.0349413604 -0.998826444
vn -0.663350165 0.0235204641 -0.747939467
vn -0.718392432 -0.0400780365 -0.694482625
vn -0.996724308 -0.00372747774 -0.0807880536
vn -0.991567671 0.021382805 -0.127813712
vn 0.985815048 -0.15458633 -0.06535732
vn 0.98263216 -0.156335756 -0.0999652445
vn 0.729144335 -0.166874602 0.663702786
vn 0.740249455 -0.152633905 0.654777586
vn 0.400006592 -0.163641214 0.901785135
vn 0.387046516 -0.146458089 0.910354316
vn -0.136447772 -0.122584142 0.983033597
vn -0.110424258 -0.143455908 0.983476937
vn -0.569962323 -0.0938905552 0.816288769
vn -0.576358438 -0.0743103772 0.813811362
vn -0.892938375 -0.0235169493 0.449564189
vn -0.889306247 -0.0353073254 0.45594728
vn -0.997557402 0.00493683107 -0.0696761459
vn -0.998013735 -0.0023921195 -0.062951915
vn -0.801955581 -0.00251170993 -0.597378433
vn -0.811852336 -0.0217203125 -0.583458662
vn -0.489419222 -0.0397587828 -0.871141851
vn -0.511775494 -0.0636496097 -0.856758118
vn 0.0300320182 -0.136340976 -0.990206659
vn 0.0554832891 -0.108385913 -0.992559433
vn 0.658884108 -0.154838979 -0.736136317
vn 0.653904855 -0.177911088 -0.735361159
vn 0.98263216 -0.156335756 -0.0999652445
vn 0.985815048 -0.15458633 -0.06535732
vn -0.999628305 0.00461012358 -0.0268696956
vn -0.889306247 -0.0353073254 0.45594728
vn -0.569962323 -0.0938905552 0.816288769
vn -0.999628305 0.00461012358 -0.0268696956
vn -0.997557402 0.00493683107 -0.0696761459
vn -0.110424258 -0.143455908 0.983476937
vn -0.801955581 -0.00251170993 -0.597378433
vn 0.400006592 -0.163641214 0.901785135
vn -0.999628305 0.00461012358 -0.0268696956
vn -0.489419222 -0.0397587828 -0.871141851
vn 0.729144335 -0.166874602 0.663702786
vn 0.98263216 -0.156335756 -0.0999652445
vn 0.0554832891 -0.108385913 -0.992559433
vn 0.658884108 -0.154838979 -0.736136317
vn -0.999851584 -0.00302131404 -0.0169617292
vn -0.576358438 -0.0743103772 0.813811362
vn -0.892938375 -0.0235169493 0.449564189
vn -0.999851584 -0.00302131404 -0.0169617292
vn -0.136447772 -0.122584142 0.983033597
vn -0.998013735 -0.0023921195 -0.062951915
vn 0.387046516 -0.146458089 0.910354316
vn -0.811852336 -0.0217203125 -0.583458662
vn -0.999851584 -0.00302131404 -0.0169617292
vn 0.740249455 -0.152633905 0.654777586
vn -0.511775494 -0.0636496097 -0.856758118
vn 0.985815048 -0.15458633 -0.06535732
vn 0.0300320182 -0.136340976 -0.990206659
vn 0.653904855 -0.177911088 -0.735361159
vn -0.995644331 -0.0930375904 0.0060259928
vn -0.995428681 -0.0930515453 -0.0215207729
vn -0.780789554 -0.0911069512 0.618115783
vn -0.793459594 -0.0913442671 0.601729155
vn 0.012056197 -0.0711365193 0.997393727
vn -0.0206299704 -0.0722152069 0.997175694
vn 0.89164257 -0.0405105092 0.450924009
vn 0.85294646 -0.0425246209 0.520263314
vn 0.933799982 -0.0195054952 -0.357263327
vn 0.92245245 -0.0196625944 -0.385609865
vn 0.477903843 -0.0430390425 -0.877357244
vn 0.435731739 -0.0445092246 -0.898975492
vn -0.592307866 -0.0827397332 -0.80145216
vn -0.64399159 -0.0841444433 -0.760391116
vn -0.995428681 -0.0930515453 -0.0215207729
vn -0.995644331 -0.0930375904 0.0060259928
vn 0.99564445 -0.0930370763 0.00601765513
vn 0.78079915 -0.0911061093 0.618103862
vn 0.99542892 -0.0930490568 -0.0215166751
vn 0.793469727 -0.0913430825 0.601716101
vn -0.0120392786 -0.0711371005 0.997393847
vn 0.0206418708 -0.0722149462 0.997175455
vn -0.891642451 -0.0405107886 0.450924098
vn -0.852941513 -0.0425246023 0.52027148
vn -0.933797061 -0.0195003096 -0.357271403
vn -0.922443509 -0.0196643434 -0.385631174
vn -0.477891028 -0.0430411585 -0.87736398
vn -0.435725361 -0.0445108116 -0.898978472
vn 0.592313111 -0.0827415884 -0.801448107
vn 0.644000292 -0.0841455311 -0.760383546
vn 0.99542892 -0.0930490568 -0.0215166751
vn 0.99564445 -0.0930370763 0.00601765513
vn 0.719916224 0.643325686 0.26048544
vn 0.880169153 0.429503709 0.202061638
vn 0.873595834 0.374856532 0.310343295
vn 0.762284875 0.407217711 0.50308603
vn -0.799116194 0.527005196 0.289272726
vn -0.994592965 -0.00234330795 0.103823267
vn -0.995981097 -0.00756210834 0.0892436132
vn -0.009113607 0.92363292 0.3831698
vn 0.849502683 0.525241852 -0.0496610217
vn 0.960705519 0.0251751691 -0.276425511
vn -0.0189498924 0.943211377 0.331652105
vn 0.898243666 0.439186037 -0.0165481772
vn -0.795819759 0.523154378 0.304927051
vn -0.981706917 0.0124805504 0.189988732
vn 0.991024137 0.0501603633 -0.123915449
vn 0.849502683 0.525241852 -0.0496610217
vn 0.960705519 0.0251751691 -0.276425511
vn 0.991024137 0.0501603633 -0.123915449
vn 0.898243666 0.439186037 -0.0165481772
vn -0.009113607 0.92363292 0.3831698
vn -0.0189498924 0.943211377 0.331652105
vn -0.795819759 0.523154378 0.304927051
vn -0.799116194 0.527005196 0.289272726
vn -0.981706917 0.0124805504 0.189988732
vn -0.994592965 -0.00234330795 0.103823267
vn 0.996228993 0.0477079004 0.0724691451
vn 0.971120059 0.21263586 -0.108220555
vn 0.987855256 0.0393358618 -0.150315151
vn 0.983055949 0.165704027 0.0783792809
vn 0.820327938 0.0444762558 0.570161283
vn 0.775186539 0.375310153 0.508161485
vn -0.232925057 0.904244661 0.35789305
vn -0.0657791942 0.728464961 0.681917787
vn -0.0100876587 0.0197636243 0.999753773
vn -0.718675613 -0.0408761613 0.694142997
vn -0.582313478 0.496718109 0.643569827
vn -0.882642984 0.383579344 0.271676779
vn -0.984272122 -0.000833853032 0.176656708
vn -0.0837774128 0.892971694 0.442247599
vn 0.0551301874 0.906039238 0.419587195
vn 0.198432192 0.764842272 0.612895608
vn -0.0630641058 0.758733392 0.648341417
vn -0.597007036 0.665843725 0.447476119
vn -0.294473529 0.845486701 0.44546324
vn -0.213847116 0.74548465 0.631285906
vn -0.536095142 0.620553136 0.572290003
vn 0.925721943 0.0227609091 -0.37751925
vn 0.889787912 0.0885668695 -0.447697788
vn 0.356403291 0.190102637 -0.914788306
vn 0.391803592 0.0847545713 -0.916136861
vn -0.602858245 0.0720203742 -0.794591129
vn -0.549095094 0.173208565 -0.817614436
vn -0.995161355 -0.00567348721 -0.0980903879
vn -0.982828557 0.0297089592 -0.182113335
vn -0.880893052 0.0111594247 0.473183751
vn -0.998606741 -0.0118915169 -0.0514113083
vn -0.997791171 -0.0650942549 0.013247163
vn -0.798086882 0.41166997 0.439983279
vn 0.107384413 0.190602496 0.975776255
vn -0.982756257 0.0448271371 -0.17938979
vn -0.989064693 0.0511817262 0.138316751
vn -0.985393107 0.0307769496 -0.167491406
vn -0.994171917 -0.0221054964 0.105516061
vn -0.995161355 -0.00567348721 -0.0980903879
vn -0.981394768 0.0125142187 0.191592515
vn -0.830422878 0.478090733 0.286054343
vn -0.0187699217 0.943844438 0.329856604
vn 0.0410087556 0.781705976 0.622297347
vn 0.107384413 0.190602496 0.975776255
vn 0.864909172 0.501801372 -0.0112881428
vn 0.812947035 0.556180775 0.172568858
vn 0.991298735 0.0502784178 -0.121650741
vn 0.965569496 -0.000792342005 -0.260144055
vn 0.967669964 0.243664637 -0.0651331395
vn 0.973542511 0.0799191073 0.214074522
vn 0.107384413 0.190602496 0.975776255
vn 0.965678751 -0.000772392086 -0.259738445
vn 0.892804027 0.0909756795 -0.441162497
vn 0.925721943 0.0227609091 -0.37751925
vn 0.921429038 0.0562385693 -0.384455085
vn 0.503328145 -0.0130764246 -0.863996446
vn 0.35819903 0.195085973 -0.913036108
vn 0.369823515 0.117955938 -0.921583951
vn -0.673668265 -0.0601972342 -0.736578166
vn -0.58429563 0.172152668 -0.79307133
vn -0.590703845 0.0898723155 -0.801867843
vn -0.998606741 -0.0118915169 -0.0514113083
vn -0.997791171 -0.0650942549 0.013247163
vn -0.982756257 0.0448271371 -0.17938979
vn -0.985393107 0.0307769496 -0.167491406
vn -0.995161355 -0.00567348721 -0.0980903879
vn -0.997285247 0 -0.0736349747
vn -0.619850457 -1.43792434E-07 -0.784719884
vn -0.602858245 0.0720203742 -0.794591129
vn 0.410467029 -3.94287014E-07 -0.911875367
vn 0.391803592 0.0847545713 -0.916136861
vn 0.931250215 -2.34839987E-07 -0.364380211
vn 0.925721943 0.0227609091 -0.37751925
vn 0.965569496 -0.000792342005 -0.260144055
vn 0.970338881 -0.000136853327 -0.241748482
vn 0.991298735 0.0502784178 -0.121650741
vn 0.992677331 0.0014138564 -0.12078815
vn 0.910223901 0.000603677996 0.414115965
vn 0.898871243 0.0541261546 0.434857279
vn 0.547189415 0.0592663661 0.834907949
vn 0.523090661 0 0.8522771
vn -0.176522449 0 0.98429662
vn -0.0956555009 0.0484255627 0.994235933
vn -0.808719754 0.0137152439 0.588034332
vn -0.784947455 0.000342699874 0.619562209
vn -0.981394768 0.0125142187 0.191592515
vn -0.9759233 0.000692762667 0.218112752
vn -0.993029892 -0.000593264005 0.117861561
vn -0.994171917 -0.0221054964 0.105516061
vn -0.995161355 -0.00567348721 -0.0980903879
vn -0.997285247 0 -0.0736349747
vn 0.889787912 0.0885668695 -0.447697788
vn 0.925721943 0.0227609091 -0.37751925
vn 0.892804027 0.0909756795 -0.441162497
vn 0.35819903 0.195085973 -0.913036108
vn 0.356403291 0.190102637 -0.914788306
vn -0.58429563 0.172152668 -0.79307133
vn -0.549095094 0.173208565 -0.817614436
vn -0.985393107 0.0307769496 -0.167491406
vn -0.982828557 0.0297089592 -0.182113335
vn -0.995161355 -0.00567348721 -0.0980903879
vn 0.913762629 0.374408454 0.157658041
vn 0.969290137 0.239389911 0.0562951453
vn 0.962337434 0.221691713 0.157350942
vn 0.935221672 0.253490865 0.247189701
vn 0.194643587 0.89738667 0.395993799
vn 0.37354967 0.860142171 0.347298235
vn 0.631752193 0.612238228 0.475450784
vn 0.24742046 0.753556013 0.609045565
vn -0.719924927 0.643318534 0.260478795
vn -0.762284636 0.40721783 0.50308615
vn -0.873595834 0.374856502 0.310343295
vn -0.880169272 0.42950353 0.202061713
vn 0.799116194 0.527005196 0.289272815
vn 0.995981097 -0.00756203942 0.0892435983
vn 0.994592965 -0.00234325463 0.103823267
vn 0.0091134524 0.92363292 0.38316977
vn -0.849502444 0.52524215 -0.0496609285
vn -0.960705519 0.0251752492 -0.27642554
vn 0.0189498607 0.943211377 0.331652135
vn 0.7958197 0.523154378 0.304927081
vn -0.898243904 0.439185768 -0.0165481716
vn 0.981706917 0.012480597 0.189988703
vn -0.991024137 0.0501605123 -0.123915508
vn -0.849502444 0.52524215 -0.0496609285
vn -0.991024137 0.0501605123 -0.123915508
vn -0.960705519 0.0251752492 -0.27642554
vn -0.898243904 0.439185768 -0.0165481716
vn 0.0091134524 0.92363292 0.38316977
vn 0.0189498607 0.943211377 0.331652135
vn 0.799116194 0.527005196 0.289272815
vn 0.7958197 0.523154378 0.304927081
vn 0.981706917 0.012480597 0.189988703
vn 0.994592965 -0.00234325463 0.103823267
vn -0.996228993 0.0477081165 0.0724691749
vn -0.987855256 0.0393360481 -0.150315136
vn -0.971120179 0.212635741 -0.108220465
vn -0.983055949 0.165703848 0.0783793107
vn -0.820327938 0.044476144 0.570161283
vn -0.775186419 0.375310272 0.508161604
vn 0.232925028 0.904244661 0.357893139
vn 0.065779157 0.728464723 0.681917965
vn 0.0100871613 0.0197636448 0.999753773
vn 0.718675554 -0.0408760644 0.694143057
vn 0.582313478 0.496718049 0.643569946
vn 0.882642865 0.383579433 0.271676838
vn 0.984272122 -0.000833838771 0.176656753
vn 0.0837772116 0.892971694 0.442247748
vn 0.0630639344 0.758733273 0.648341537
vn -0.198432267 0.764842153 0.612895727
vn -0.0551303662 0.906039238 0.419587284
vn 0.597006977 0.665843725 0.447476178
vn 0.536095083 0.620552778 0.572290301
vn 0.213847265 0.745484293 0.631286442
vn 0.294473678 0.845486522 0.445463449
vn -0.925721943 0.022760883 -0.37751931
vn -0.356403053 0.190102622 -0.914788425
vn -0.889787972 0.0885668769 -0.447697669
vn -0.391803503 0.0847545937 -0.916136861
vn 0.602858126 0.0720202327 -0.794591188
vn 0.549095094 0.173208445 -0.817614436
vn 0.995161355 -0.00567348441 -0.0980903879
vn 0.982828557 0.0297089517 -0.182113409
vn 0.880893171 0.0111594452 0.473183662
vn 0.997791171 -0.0650942251 0.0132471593
vn 0.998606741 -0.0118914982 -0.0514113493
vn 0.798085868 0.411671013 0.439983964
vn -0.107384413 0.190602437 0.975776255
vn 0.982756257 0.0448271856 -0.17938982
vn 0.989064693 0.051181782 0.138316765
vn 0.985393107 0.0307769496 -0.167491391
vn 0.994171917 -0.0221054424 0.105516061
vn 0.995161355 -0.00567348441 -0.0980903879
vn 0.981394768 0.0125142243 0.19159241
vn 0.830422878 0.478090733 0.286054403
vn 0.0187699459 0.943844438 0.329856604
vn -0.0410087891 0.781705916 0.622297525
vn -0.107384413 0.190602437 0.975776255
vn -0.864909351 0.501801193 -0.0112881828
vn -0.812946975 0.556180835 0.172568828
vn -0.991298735 0.0502785631 -0.121650711
vn -0.965569496 -0.000792274834 -0.260144055
vn -0.967669964 0.243664697 -0.0651331171
vn -0.973542511 0.0799192637 0.214074448
vn -0.107384413 0.190602437 0.975776255
vn -0.965678751 -0.00077242119 -0.259738475
vn -0.892804086 0.090975672 -0.441162348
vn -0.925721943 0.022760883 -0.37751931
vn -0.921429038 0.0562385619 -0.384455115
vn -0.503328204 -0.0130765345 -0.863996327
vn -0.358198911 0.195085898 -0.913036108
vn -0.369823337 0.117956042 -0.92158401
vn 0.673668087 -0.0601972304 -0.736578286
vn 0.58429569 0.172152564 -0.79307133
vn 0.590703964 0.0898723155 -0.801867783
vn 0.998606741 -0.0118914982 -0.0514113493
vn 0.997791171 -0.0650942251 0.0132471593
vn 0.982756257 0.0448271856 -0.17938982
vn 0.985393107 0.0307769496 -0.167491391
vn 0.995161355 -0.00567348441 -0.0980903879
vn 0.619850457 2.20942738E-07 -0.784720004
vn 0.997285247 0 -0.0736349598
vn 0.602858126 0.0720202327 -0.794591188
vn -0.410466999 -3.10765245E-07 -0.911875486
vn -0.391803503 0.0847545937 -0.916136861
vn -0.931250334 -7.27252313E-07 -0.36438024
vn -0.925721943 0.022760883 -0.37751931
vn -0.965569496 -0.000792274834 -0.260144055
vn -0.970338881 -0.000137063456 -0.241748452
vn -0.991298735 0.0502785631 -0.121650711
vn -0.992620349 0.00013255261 -0.121263452
vn -0.898871362 0.0541259982 0.43485713
vn -0.910119236 0.00128563307 0.41434443
vn -0.547189474 0.0592662878 0.834907949
vn -0.523090363 -2.33286244E-07 0.852277279
vn 0.176522553 -1.45074679E-07 0.98429662
vn 0.0956554338 0.0484255627 0.994235933
vn 0.808719873 0.013715338 0.588034093
vn 0.784866929 0.000653254159 0.619664133
vn 0.981394768 0.0125142243 0.19159241
vn 0.975984037 4.69943298E-05 0.217842311
vn 0.993029892 -0.000593264762 0.117861591
vn 0.994171917 -0.0221054424 0.105516061
vn 0.995161355 -0.00567348441 -0.0980903879
vn 0.997285247 0 -0.0736349598
vn -0.889787972 0.0885668769 -0.447697669
vn -0.892804086 0.090975672 -0.441162348
vn -0.925721943 0.022760883 -0.37751931
vn -0.358198911 0.195085898 -0.913036108
vn -0.356403053 0.190102622 -0.914788425
vn 0.58429569 0.172152564 -0.79307133
vn 0.549095094 0.173208445 -0.817614436
vn 0.985393107 0.0307769496 -0.167491391
vn 0.982828557 0.0297089517 -0.182113409
vn 0.995161355 -0.00567348441 -0.0980903879
vn -0.913762867 0.374407947 0.157658115
vn -0.935221851 0.253490418 0.247189805
vn -0.746546865 0.467805684 0.473102301
vn -0.969290257 0.239389464 0.0562952384
vn -0.194643512 0.89738667 0.39599371
vn -0.247420236 0.753556132 0.609045506
vn -0.631755948 0.612245619 0.475436419
vn -0.373549789 0.860142171 0.347298086
vn -0.942989171 -0.159414589 -0.292161554
vn -0.966331422 -0.188375667 0.175266236
vn -0.199606776 -0.0432462022 0.978921354
vn -0.0544794053 -0.0842919499 0.994950771
vn -0.511091173 -0.735312343 0.445086002
vn -0.635860085 -0.0605874807 0.76942265
vn -0.498628616 -0.819313109 0.283011436
vn -0.662156284 -0.705668628 0.252152562
vn -0.525366485 -0.803843498 0.278972447
vn -0.225731149 -0.913938046 0.337287277
vn -0.256083101 -0.908972263 0.328923821
vn -0.000151396802 -0.930523932 0.366231024
vn -0.225731149 -0.913938046 0.337287277
vn -0.000155580783 -0.930523932 0.366231024
vn 0.966331303 -0.188375965 0.17526643
vn 0.942989171 -0.159415767 -0.292160958
vn 0.635859728 -0.0605873875 0.769422829
vn 0.0544789396 -0.0842918456 0.994950771
vn 0.135283962 -0.749182165 0.64840126
vn 0.199606583 -0.0432461463 0.978921354
vn 0.0158792175 -0.804707646 0.593458951
vn -0.0917231739 -0.754814148 0.649494052
vn 0.0723607987 -0.82539767 0.559895277
vn 0.345760286 -0.87722224 0.333063036
vn 0.360443205 -0.877013624 0.317691356
vn 0.511147678 -0.848195255 0.138898298
vn 0.511147738 -0.848195255 0.138898313
vn 0.302570224 -0.714609742 0.630701303
vn 0.305630416 -0.730322659 0.610916436
vn 0.29685998 -0.686557233 0.663711786
vn 0.295355946 -0.746827126 0.595830679
vn 0.285211802 -0.741231263 0.607643485
vn -0.0428136475 -0.693305254 0.719371021
vn -0.0238080379 -0.697920561 0.715779305
vn -0.426373899 -0.422240555 0.799948871
vn -0.405935645 -0.466786891 0.785701156
vn -0.508223832 -0.332912087 0.794278324
vn -0.500373602 -0.320550054 0.804284751
vn -0.528724909 -0.365937591 0.765858769
vn -0.613639712 0.584942997 0.530365765
vn -0.591322958 0.549918234 0.589853466
vn -0.59440732 0.554646254 0.582277775
vn -0.526781082 0.459500402 0.715095162
vn -0.560239673 0.485194445 0.671355247
vn -0.503036261 0.45029071 0.737694204
vn -0.470853537 0.438468844 0.765533745
vn -0.483287871 0.495834023 0.721513212
vn -0.258084625 0.0187574048 0.965940177
vn -0.283816308 -0.0418688767 0.957964182
vn -0.282182366 0.0793554187 0.956073046
vn -0.24209106 -0.0210707579 0.970024705
vn -0.265507638 -0.160387844 0.950674176
vn -0.320753813 -0.181377351 0.929633856
vn -0.255465806 -0.282274157 0.924693763
vn -0.190435722 -0.360422194 0.913142979
vn -0.190679237 -0.367977142 0.910073817
vn -0.850417376 -0.522347867 -0.062793225
vn -0.981440544 -0.12816453 -0.142647684
vn -0.850417376 -0.522347867 -0.062793225
vn -0.934531689 -0.3104541 -0.173979387
vn -0.974663734 0.0425066389 -0.219599143
vn -0.96199733 0.230922729 -0.14572531
vn -0.96199733 0.230922729 -0.145725295
vn 0.164358407 -0.974363923 0.15362674
vn 0.173940778 -0.971164703 0.16304557
vn 0.189551443 -0.965138435 -0.180493787
vn 0.183076337 -0.96608603 -0.182101548
vn 0.184103817 -0.459986806 -0.868629992
vn 0.183683977 -0.455144942 -0.871265352
vn 0.079194203 0.242687017 -0.966866791
vn 0.0857503414 0.211808577 -0.973541975
vn -0.0294974241 0.83956629 -0.542455792
vn -0.0306142811 0.852550864 -0.521746695
vn -0.0788805336 0.996555448 -0.0255970433
vn -0.0809949264 0.99633199 -0.0276129488
vn 0.995262146 -0.0764109939 -0.0601220913
vn 0.940534055 -0.339400023 0.0142604737
vn 0.940534055 -0.339400023 0.0142604737
vn 0.996445715 0.0733647943 -0.041395057
vn 0.958945274 0.26958248 -0.0880292952
vn 0.912552893 0.404867917 -0.0576980598
vn 0.912552893 0.404868007 -0.0576980673
vn 0.411020339 0.779147923 0.473276734
vn 0.411020339 0.779147923 0.473276734
vn 0.228956759 0.850561619 0.473416984
vn 0.297954679 0.82772541 0.475493133
vn -0 0.883493483 0.468443513
vn -0 0.883493483 0.468443453
vn -0.297954649 0.82772541 0.475493133
vn -0.228956729 0.850561619 0.473416954
vn -0.411020309 0.779147863 0.473276764
vn -0.411020309 0.779147863 0.473276764
vn 0.982887089 -0.0109510198 0.183883458
vn 0.980153203 0.0532434881 0.190957442
vn 0.980153203 0.0532434918 0.190957427
vn 0.982887208 -0.0109635703 0.183881998
vn 0.898472965 -0.346561462 0.269520789
vn 0.905544579 -0.331531525 0.264718533
vn 0.58821857 -0.717122018 0.373811364
vn 0.426090628 -0.814951718 0.392810792
vn 0.137885228 -0.905286551 0.401800841
vn 0.0928723365 -0.909879923 0.404343009
vn -0 -0.913587093 0.406643122
vn -0 -0.913587093 0.406643182
vn -0.0928723216 -0.909879923 0.404343009
vn -0.137885198 -0.905286551 0.401800781
vn -0.426090688 -0.814951837 0.392810822
vn -0.588218689 -0.717121959 0.373811424
vn -0.905544579 -0.331531495 0.264718533
vn -0.898472965 -0.346561462 0.269520789
vn -0.982887089 -0.0109510273 0.183883458
vn -0.982887208 -0.0109635778 0.183881998
vn -0.980153203 0.0532434918 0.190957427
vn -0.980153203 0.0532434881 0.190957442
vn 0.57796514 -0.0402544849 0.815068066
vn 0.561222732 0.01065409 0.827596247
vn 0.599525154 -0.0453828275 0.799068213
vn 0.364176333 0.0147763276 0.931212783
vn 0.355366856 0.0315770544 0.934193373
vn 0.566844285 0.0566364005 0.821875811
vn -0 0.030521648 0.99953413
vn -0 0.030521648 0.99953413
vn -0.355366856 0.0315770544 0.934193373
vn -0.364176333 0.0147763276 0.931212783
vn -0.561222732 0.01065409 0.827596247
vn -0.566844285 0.0566364005 0.821875811
vn -0.57796514 -0.0402544849 0.815068066
vn -0.599525154 -0.0453828275 0.799068213
vn -0.78431201 -0.252481788 -0.566663682
vn -0.60395962 -0.229511395 -0.763254404
vn -0.844060123 -0.272533476 -0.461831093
vn -0.781016588 -0.230471149 -0.580427527
vn -0.961520851 -0.264311224 0.074947834
vn -0.960281372 -0.277540863 0.0288250241
vn -0.931903362 -0.323281705 -0.164454058
vn -0.967366099 -0.233476087 -0.0984471068
vn -0.840783834 -0.148328513 -0.520654559
vn -0.971111953 -0.209285691 0.114634462
vn -0.455320567 -0.0962719992 -0.885107219
vn -0.490482062 -0.0950036421 -0.86625725
vn -0.945699811 -0.289662659 -0.147470191
vn -0.942286253 -0.196133703 0.271345466
vn -0.958957553 -0.260549158 -0.111868136
vn -0.925672114 -0.226306871 0.303177118
vn 0.0456594527 -0.0577441752 -0.997286797
vn 0.031358555 -0.00909417681 -0.999466836
vn 0.48723647 -0.141761974 -0.861686826
vn 0.501903176 -0.123458892 -0.856067121
vn 0.830675662 -0.119524293 -0.543775678
vn -0.416509211 -0.204654321 -0.885797262
vn 0.069176577 -0.116017751 -0.99083519
vn -0.585744619 -0.208480582 -0.78322351
vn -0.0877199546 -0.188783973 -0.978093028
vn -0.562780499 -0.19663842 -0.802876949
vn 0.537415624 -0.196853891 -0.82002008
vn 0.644158304 -0.328355491 -0.690827608
vn 0.756842315 -0.214263573 -0.617479384
vn 0.620786548 -0.216086805 -0.753611624
vn 0.970741153 -0.222327068 -0.0907325298
vn 0.970131755 -0.211718962 0.118404001
vn 0.59918493 -0.19961229 -0.775327325
vn 0.799145043 -0.165523306 -0.577900767
vn 0.369540572 -0.16162774 -0.915049851
vn 0.799805939 -0.294602662 -0.522991121
vn 0.72636342 -0.246476948 -0.64159584
vn 0.938340247 -0.325482905 0.116526268
vn 0.926084757 -0.37650308 0.0247463901
vn 0.933422804 -0.322767764 -0.156661496
vn 0.945927083 -0.287023753 -0.151126623
vn 0.958957553 -0.260549188 -0.111868136
vn 0.933667421 -0.216189206 0.285529703
vn 0.941401422 -0.197376609 0.273506314
vn 0.761668861 -0.161464334 0.6275267
vn 0.790383875 -0.325624377 0.518904746
vn 0.790540755 -0.32754305 0.517456234
vn 0.777849615 -0.533184707 0.332662135
vn -0.684120297 -0.333590329 0.648611486
vn -0.684120357 -0.333590329 0.648611486
vn -0.684120357 -0.333590329 0.648611486
vn -0.684120357 -0.333590329 0.648611486
vn -0.799961984 -0.109559037 -0.589963973
vn -0.79986763 -0.117498048 -0.588562667
vn -0.799894571 -0.115628913 -0.588896215
vn -0.799728572 -0.125086263 -0.587186158
vn 0.833572686 -0.227544531 -0.503368556
vn 0.753444791 -0.393652201 -0.526648819
vn 0.644158304 -0.328355491 -0.690827608
vn 0.0491864085 -0.343491197 0.937866986
vn 0.0719347 -0.6660887 0.742395461
vn 0.0827107951 -0.854587495 0.512678385
vn 0.0859725252 -0.979370058 0.182874501
vn 0.85370791 -0.374029607 0.362332225
vn 0.714405835 -0.544421434 0.43957898
vn 0.78192848 -0.559498429 0.2748622
vn 0.732691824 -0.393768847 0.555075467
vn -0 -0.998247743 0.0591722019
vn -0 -0.99974972 0.0223722272
vn -0.0794863403 -0.996402502 0.029395923
vn -0.109350093 -0.993189573 0.0402139872
vn -0.105828226 -0.99378407 0.0345474109
vn -0.0873400122 -0.996155798 0.00672685448
vn -0.0772328228 -0.996881604 0.0161908399
vn -0.067790471 -0.994715393 0.0771078467
vn -0.0440609939 -0.992388427 0.114994265
vn -0 -0.992356777 0.123401716
vn -0 0.975107133 -0.221733987
vn -0 0.955039859 -0.296477348
vn -0.00403445121 0.976857662 -0.213852212
vn -0.0172422379 0.976399541 -0.215282619
vn -0.00310563599 0.974234164 -0.225517794
vn 0.00472276332 0.969677448 -0.244342446
vn 0.0127483197 0.948666573 -0.316020846
vn 0.0132574309 0.931205273 -0.364254087
vn 0.0164105706 0.932801783 -0.360016137
vn -0 0.933109522 -0.359592378
vn 0.430689305 -0.19911328 -0.880261719
vn -0 -0.208343387 -0.978055716
vn -0 -0.208343387 -0.978055716
vn 0.431274831 -0.203182817 -0.879044175
vn 0.83726573 -0.17280671 -0.518771529
vn 0.854996204 -0.179931968 -0.486421615
vn 0.993083358 -0.116523199 -0.014411536
vn 0.992190659 -0.10328652 -0.0699245706
vn 0.953502059 -0.0675715879 0.293714076
vn 0.962057352 -0.0617449656 0.265769273
vn 0.812088132 -0.0324033312 0.582634389
vn 0.819715858 -0.0333587117 0.571798205
vn 0.624621391 -0.0163425691 0.780756652
vn 0.61447984 -0.0157822724 0.78877455
vn 0.347744673 -0.00408451864 0.937580407
vn 0.335457683 -0.00363923097 0.942048252
vn -0 0.00245543662 0.99999702
vn -0 0.00245543686 0.99999702
vn -0 -0.998247743 0.0591722019
vn 0.0794863403 -0.996402502 0.029395923
vn -0 -0.99974972 0.0223722272
vn 0.109350093 -0.993189573 0.0402139872
vn 0.105828226 -0.99378407 0.0345474109
vn 0.0873400122 -0.996155798 0.00672685448
vn 0.0772328228 -0.996881604 0.0161908399
vn 0.067790471 -0.994715393 0.0771078467
vn 0.0440609939 -0.992388427 0.114994265
vn -0 -0.992356777 0.123401716
vn -0 0.975107133 -0.221733987
vn 0.00403445121 0.976857662 -0.213852212
vn -0 0.955039859 -0.296477348
vn 0.0172422379 0.976399541 -0.215282619
vn 0.00310563599 0.974234164 -0.225517794
vn -0.00472276332 0.969677448 -0.244342446
vn -0.0127483197 0.948666573 -0.316020846
vn -0.0132574309 0.931205273 -0.364254087
vn -0.0164105706 0.932801783 -0.360016137
vn -0 0.933109522 -0.359592378
vn -0.430689305 -0.19911328 -0.880261719
vn -0 -0.208343387 -0.978055716
vn -0 -0.208343387 -0.978055716
vn -0.431274831 -0.203182817 -0.879044175
vn -0.83726573 -0.17280671 -0.518771529
vn -0.854996204 -0.179931968 -0.486421615
vn -0.993083358 -0.116523199 -0.014411536
vn -0.992190659 -0.10328652 -0.0699245706
vn -0.953502059 -0.0675715879 0.293714076
vn -0.962057352 -0.0617449656 0.265769273
vn -0.812088132 -0.0324033312 0.582634389
vn -0.819715858 -0.0333587117 0.571798205
vn -0.624621391 -0.0163425673 0.780756652
vn -0.61447984 -0.0157822706 0.78877455
vn -0.347744644 -0.00408451864 0.937580407
vn -0.335457623 -0.0036392312 0.942048252
vn -0 0.00245543662 0.99999702
vn -0 0.00245543686 0.99999702
vn -0 -0.354095966 0.935209155
vn -1.0718108E-07 -0.925969124 0.377599329
vn 0.527961016 -0.781458676 0.332535058
vn 0.69310528 -0.204196855 0.691309392
vn -0 -0.237995952 0.97126615
vn 0.702249765 -0.673986375 0.229319751
vn 0.6676175 -0.163410604 0.726349592
vn 0.989610076 -0.109385684 0.0933097005
vn 0.759257495 -0.638366759 -0.126553953
vn 0.802171767 -0.33305642 -0.495574266
vn 0.987691462 -0.0136087826 0.155821025
vn 0.991869926 0.00148804276 0.127246723
vn 0.665042579 0.165252388 -0.728292584
vn 0.610923231 0.222067744 -0.759907067
vn 0.688582659 -0.0387845114 -0.724120021
vn -3.12720488E-07 0.218632653 -0.97580725
vn -1.01773333E-06 0.268661022 -0.963234723
vn -0 0.0431065187 -0.999070585
vn -1.25646935E-07 -0.0772022977 -0.997015476
vn 0.728187621 -0.258239686 -0.634866178
vn 0.794281006 -0.312608927 -0.520954311
vn 0.821785152 -0.454375982 -0.343819112
vn 0.798293054 -0.503057122 -0.331152141
vn 0.826177955 -0.223066658 0.517369568
vn 0.901676655 -0.15441291 0.403900951
vn 0.901676655 -0.154412895 0.403900951
vn 0.907639146 -0.128911197 0.399465919
vn 0.862906098 -0.131664768 0.487911284
vn 0.97417295 -0.144818917 0.173247159
vn 0.819679797 -0.127123311 0.5585379
vn 0.967658937 -0.248935178 0.0408346765
vn -0.409277141 -0.370067805 -0.833991647
vn -0.393907219 -0.22110559 -0.892159939
vn -0.346587151 -0.0890059397 -0.933785498
vn -0.416620553 -0.301189601 -0.857736647
vn -0.485141546 0.0469439141 -0.873174667
vn -0.501303196 0.104380004 -0.85895282
vn -0.57959348 0.701450944 -0.414774597
vn -0.565082133 0.45094049 -0.690894246
vn -0.531925619 0.793429375 -0.295846134
vn -0.579138756 0.815072954 0.0159523673
vn -0.620315254 0.77699554 0.107176878
vn -0 -0.354095966 0.935209155
vn -0.527962565 -0.781457305 0.332535625
vn -1.0718108E-07 -0.925969124 0.377599329
vn -0.69310534 -0.204196811 0.691309392
vn -0 -0.237995952 0.97126615
vn -0.702250779 -0.673984468 0.229322523
vn -0.667617381 -0.163410753 0.726349711
vn -0.989610076 -0.109385252 0.093309857
vn -0.759257734 -0.638366342 -0.126555145
vn -0.802170396 -0.333055854 -0.495576888
vn -0.987691581 -0.0136085218 0.155820966
vn -0.991870165 0.00148824824 0.127244994
vn -0.66504246 0.165252373 -0.728292584
vn -0.61092329 0.222067103 -0.759907186
vn -0.68858242 -0.0387843624 -0.72412014
vn -3.12720488E-07 0.218632653 -0.97580725
vn -1.01773333E-06 0.268661022 -0.963234723
vn -0 0.0431065187 -0.999070585
vn -1.25646935E-07 -0.0772022977 -0.997015476
vn -0.728187382 -0.258239686 -0.634866357
vn -0.794279993 -0.312609702 -0.520955324
vn -0.821785092 -0.454375476 -0.343820125
vn -0.798293591 -0.503055394 -0.331153423
vn -0.802170396 -0.333055854 -0.495576888
vn -0.794279993 -0.312609702 -0.520955324
vn -0.967659116 -0.248934612 0.040834561
vn -0.799545169 -0.440109044 -0.408694953
vn -0.518149734 -0.760903299 -0.390572667
vn -0.759257734 -0.638366342 -0.126555145
vn -0.702250779 -0.673984468 0.229322523
vn -0.6013906 -0.797778785 -0.0433391556
vn -0.527962565 -0.781457305 0.332535625
vn -0.972285748 -0.215270072 0.0912099183
vn -0.97417295 -0.144818738 0.173247337
vn -0.792218328 -0.606148422 0.0705285221
vn -0.916547954 -0.387243837 0.0999109223
vn -0.811217666 -0.514906645 0.277122915
vn -0.475518465 -0.878255367 0.0504947491
vn -0.745554984 -0.610470593 0.267345279
vn -0.312652916 -0.935386002 0.165230691
vn -1.0718108E-07 -0.925969124 0.377599329
vn -1.25711921E-07 -0.979992807 0.199033111
vn -0.611323833 -0.457680672 0.645609558
vn -0.926934302 -0.182041332 0.328106374
vn -0.891046822 -0.332332015 0.309177876
vn -0.939562678 -0.179244757 0.291707516
vn -0.700412989 -0.0481891111 0.712109208
vn -0.709905207 -0.177089348 0.68166995
vn -0.694194317 -0.322870046 0.643311083
vn -0.629065454 -0.371249318 0.682971954
vn -0.48797223 -0.187422454 0.852499783
vn -0.482118815 -0.0361364596 0.87536025
vn -0.425498605 -0.248996198 0.870029807
vn -0.442101806 -0.219301984 0.86974287
vn -0.408825547 -0.482275724 0.774772108
vn -0 -0.520677447 0.853753448
vn -1.25711921E-07 -0.979992807 0.199033111
vn -0 -0.329136997 0.944282174
vn -0.485949159 -0.271568358 0.830725014
vn 9.04028057E-05 -0.304696739 0.952449441
vn -0.411110133 -0.496131867 0.764749408
vn -0.00467893621 -0.532413304 0.846471667
vn -0.518714011 -0.385039061 0.763335288
vn -0.00274693919 -0.442765504 0.896633208
vn -0 -0.469896048 0.882721841
vn -0.560317874 -0.307445437 0.769104183
vn -0.676062822 -0.121853083 0.726698577
vn -0 -0.610417247 0.792079985
vn -0 0.212086573 0.977250874
vn -0.671085179 -0.0210037082 0.741082668
vn -0.751645803 0.264751643 0.604098558
vn -0 0.460373163 0.887725472
vn 0.00104874291 -0.000166569618 0.999999523
vn -0.67233485 0.160094917 0.722727835
vn -0.547375679 -0.205940217 0.811152577
vn -0.443910778 0.032256458 0.895490289
vn -0.728798151 -0.146147192 0.668950081
vn -0.384940565 -0.243846238 0.890145957
vn -0 -0.0469535105 0.998897076
vn -0 -0.0292963125 0.999570787
vn -0.344840169 -0.0239694323 0.938355386
vn -0.550918758 -0.16795823 0.817483127
vn -0.59085238 0.0136183891 0.806664705
vn -0.462955713 -0.124264553 0.87762773
vn -0.759977818 -0.104844071 0.641436934
vn -0.807304621 0.0446495004 0.588443339
vn -0.964892447 0.0225983541 0.261671454
vn -0.950580239 -0.10202603 0.293236941
vn -0.999090552 -0.0424104519 -0.00439096335
vn -0.980889916 -0.0482401773 -0.188488409
vn 0.409277201 -0.37006706 -0.833991945
vn 0.34658727 -0.089005664 -0.933785439
vn 0.39390707 -0.221105859 -0.892159939
vn 0.416619986 -0.301190585 -0.857736468
vn 0.485141158 0.0469431691 -0.873174906
vn 0.501303017 0.104379877 -0.85895294
vn 0.579592943 0.70145148 -0.414774358
vn 0.565081716 0.450941712 -0.690893829
vn 0.531925261 0.793429673 -0.295846015
vn 0.579138219 0.815073311 0.0159524325
vn 0.620314598 0.776996076 0.107176743
vn 0.802171767 -0.33305642 -0.495574266
vn 0.967658937 -0.248935178 0.0408346765
vn 0.794281006 -0.312608927 -0.520954311
vn 0.799546599 -0.440108061 -0.408693254
vn 0.518151939 -0.760902822 -0.390570819
vn 0.759257495 -0.638366759 -0.126553953
vn 0.702249765 -0.673986375 0.229319751
vn 0.601390541 -0.797778845 -0.0433399715
vn 0.527961016 -0.781458676 0.332535058
vn 0.972285628 -0.215270877 0.0912097022
vn 0.97417295 -0.144818917 0.173247159
vn 0.792220771 -0.606145084 0.0705291107
vn 0.916547656 -0.387244433 0.099910602
vn 0.811218441 -0.514905751 0.277122229
vn 0.475517869 -0.878255546 0.0504955091
vn 0.745555162 -0.610469878 0.267346203
vn 0.312652826 -0.935386002 0.165230691
vn -1.0718108E-07 -0.925969124 0.377599329
vn -1.25711921E-07 -0.979992807 0.199033111
vn 0.611323893 -0.457680672 0.645609379
vn 0.926934481 -0.182042852 0.328104794
vn 0.89104712 -0.332331926 0.309177101
vn 0.939562857 -0.179244712 0.291707098
vn 0.700185359 -0.0478261188 0.712357461
vn 0.709905565 -0.177090093 0.681669593
vn 0.694194615 -0.322870016 0.643310785
vn 0.629065096 -0.371249497 0.682972193
vn 0.487972289 -0.187422439 0.852499783
vn 0.482119083 -0.0361365899 0.875360191
vn 0.408825517 -0.482275754 0.774772048
vn 0.425498545 -0.248996183 0.870029867
vn -0 -0.520677447 0.853753448
vn -1.25711921E-07 -0.979992807 0.199033111
vn -0 -0.329136997 0.944282174
vn 0.442714274 -0.219453335 0.86939311
vn 0.48591277 -0.271078497 0.830906212
vn 9.04028057E-05 -0.304696739 0.952449441
vn 0.42207855 -0.47147879 0.774310887
vn -0.00467893621 -0.532413304 0.846471667
vn 0.517810762 -0.375744969 0.768562019
vn -0.00274693919 -0.442765504 0.896633208
vn -0 -0.469896048 0.882721841
vn 0.560317695 -0.307445437 0.769104183
vn 0.67108494 -0.021003563 0.741082847
vn 0.676062822 -0.121853061 0.726698577
vn -0 -0.610417247 0.792079985
vn -0 0.212086573 0.977250874
vn 0.672178209 0.161085621 0.722653449
vn 0.751977265 0.265365005 0.603416562
vn -0 0.460373163 0.887725472
vn 0.00104874291 -0.000166569618 0.999999523
vn 0.443700939 0.0329599679 0.89556855
vn 0.548638701 -0.205647141 0.810373366
vn 0.728513062 -0.146224692 0.669243634
vn 0.384990752 -0.244310796 0.889996827
vn -0 -0.0469535105 0.998897076
vn -0 -0.0292963125 0.999570787
vn 0.344840169 -0.0239694361 0.938355386
vn 0.550787389 -0.168441594 0.817472041
vn 0.59085238 0.0136183817 0.806664705
vn 0.462210387 -0.124171235 0.878033638
vn 0.759977818 -0.104843825 0.641437054
vn 0.807304621 0.0446495563 0.588443458
vn 0.964892447 0.0225984864 0.261671513
vn 0.950580239 -0.102025829 0.293237001
vn 0.999090672 -0.0424100272 -0.00439088233
vn 0.980889916 -0.0482396483 -0.188488424
vn -0.826177835 -0.223066524 0.517369926
vn -0.901676357 -0.154414743 0.403900892
vn -0.901676357 -0.154414743 0.403900892
vn -0.907639861 -0.128910169 0.399464726
vn -0.862906098 -0.131664053 0.487911582
vn -0.97417295 -0.144818738 0.173247337
vn -0.819679379 -0.127123177 0.558538496
vn -0.967659116 -0.248934612 0.040834561
vn 0.607544959 -0.439981937 0.661290407
vn 0.62105304 -0.41108793 0.667307913
vn 0.533660293 -0.572333634 0.622608125
vn 0.674809217 -0.153413191 0.721870363
vn 0.672789633 -0.0914274827 0.734162927
vn 0.645706832 0.109159157 0.75574261
vn 0.640467167 0.131036252 0.75672406
vn 0.622501671 0.197273552 0.757347226
vn 0.499682009 -0.344887286 0.794588327
vn 0.475170791 -0.282018811 0.833473563
vn 0.551649392 -0.508090675 0.661458135
vn 0.413277775 -0.120683379 0.902572393
vn 0.415134102 -0.128687829 0.900612533
vn 0.346390158 -0.0804782733 0.934632063
vn 0.345109493 -0.0803488046 0.935116887
vn 0.276420802 -0.0670347288 0.958695889
vn 0.277561516 -0.066470705 0.958405614
vn 0.300297111 -0.0846003965 0.950086594
vn 0.319199711 -0.0969781727 0.942712426
vn 0.361410409 -0.0125239454 0.932322681
vn 0.358140826 -0.0458047166 0.932543337
vn 0.384320408 -0.0112608224 0.923131108
vn 0.378047884 -0.0109928418 0.925720811
vn 0.321602464 -0.00859175436 0.946835756
vn 0.443530589 -0.0110502839 0.89619112
vn 0.443821579 -0.01095316 0.896048188
vn 0.451703101 -0.008316244 0.8921296
vn 0.445138484 -0.0451379456 0.894323349
vn 0.477194577 -0.0176945906 0.878619552
vn 0.445880681 -0.044512175 0.893984973
vn 0.350106746 -0.118208155 0.929221272
vn 0.362965107 -0.108894147 0.9254179
vn 0.281997114 -0.206350327 0.93696171
vn 0.280980676 -0.210372284 0.936372459
vn 0.267673105 -0.261016876 0.927481174
vn 0.244133621 -0.153020009 0.957592607
vn 0.383469641 -0.166058272 0.908501804
vn 0.307236075 -0.159280092 0.938208878
vn 0.533469319 -0.0872151628 0.841310859
vn 0.508105934 -0.107689977 0.854535699
vn 0.614020884 -0.0174643081 0.789096534
vn -0.244133621 -0.153020009 0.957592607
vn -0.307236075 -0.159280092 0.938208878
vn -0.383469641 -0.166058272 0.908501804
vn -0.533469319 -0.0872151628 0.841310859
vn -0.508105934 -0.107689977 0.854535699
vn -0.614020884 -0.0174643081 0.789096534
vn -0.437034905 -0.00487352628 0.899431288
vn -0.477055222 -0.0215261839 0.878609717
vn -0.436094701 -0.00448713498 0.899889588
vn -0.341049224 -0.0293083619 0.939588428
vn -0.32830742 -0.0381916426 0.943798423
vn -0.259495795 -0.158778414 0.952602506
vn -0.258790761 -0.164463997 0.951829195
vn -0.24750632 -0.246877506 0.936905622
vn -0.499682099 -0.344887584 0.794588149
vn -0.55164957 -0.508091271 0.661457479
vn -0.475170791 -0.28201893 0.833473563
vn -0.413277715 -0.120683223 0.902572513
vn -0.415133983 -0.128687665 0.900612652
vn -0.346408308 -0.0805007964 0.93462342
vn -0.345124185 -0.0803714469 0.935109496
vn -0.276436597 -0.0670961589 0.958687127
vn -0.27758351 -0.066542916 0.958394229
vn -0.300297678 -0.0846224353 0.950084329
vn -0.319195688 -0.096978642 0.942713737
vn -0.361410052 -0.0125240684 0.9323228
vn -0.358140469 -0.04580478 0.932543457
vn -0.384265244 -0.0112500051 0.923154175
vn -0.32153821 -0.00859062374 0.946857691
vn -0.378090471 -0.0109871998 0.925703466
vn -0.443575829 -0.0110381795 0.896168828
vn -0.443838209 -0.0109504703 0.896040082
vn -0.451703161 -0.00831441581 0.8921296
vn -0.650271952 -0.15776363 -0.743139923
vn -0.602181911 0.143931195 -0.785277545
vn -0.532239318 0.068823047 -0.843791902
vn -0.596942127 0.323766142 -0.734054148
vn -0.761486471 0.369360179 -0.532645762
vn 0.890833855 0.453486353 -0.0276629105
vn 0.888288736 0.45863542 -0.0244240724
vn 0.890784323 0.453596115 -0.0274547432
vn 0.884826541 0.465139955 -0.0269602984
vn 0.878006637 0.478182942 -0.0211033169
vn 0.880555809 0.472425312 -0.0378900766
vn 0.52478832 0.850897491 0.0238891952
vn 0.491030753 0.870304465 0.0381956697
vn 0.4970828 0.866969943 0.0356617309
vn 0.355491191 0.927750409 0.113600843
vn 0.495202154 0.866251588 0.0662040338
vn 0.100401603 0.487151235 0.867527008
vn 0.135872707 0.451823503 0.881699562
vn 0.0802975073 0.506474257 0.85850811
vn 0.0496599786 0.534963846 0.843414247
vn 0.562387645 -0.305700332 -0.768288553
vn 0.634816706 -0.364967406 -0.681033432
vn 0.578915656 -0.319009364 -0.750392973
vn 0.509361088 -0.263700664 -0.819154024
vn -0.0937355235 0.900786996 0.424023956
vn -0.309426308 0.675122321 0.669675529
vn -0.0873398408 0.907520413 0.410826504
vn -0.175248444 0.782298446 0.597743392
vn -0.0993666276 0.906289041 0.410811901
vn 0.355491191 0.927750409 0.113600843
vn 0.160556421 0.984647155 0.0684951842
vn -0.0937355235 0.900786996 0.424023956
vn -0.00519014848 -0.570721626 0.821127236
vn -0.0228891671 -0.563482821 0.825810671
vn -0.0090172831 -0.569175065 0.82216686
vn 0.00410594791 -0.574434638 0.818540156
vn 0.00410594838 -0.574434698 0.818540156
vn 0.890417039 0.126221344 -0.437293708
vn 0.882359445 0.112397783 -0.456955642
vn 0.885196388 0.117163248 -0.450222224
vn 0.878882289 0.106693491 -0.464954287
vn 0.878882289 0.106693491 -0.464954287
vn 0.650022984 -0.756283581 0.0741980523
vn 0.646419168 -0.759624779 0.0715019479
vn 0.650022984 -0.756283581 0.0741980597
vn 0.646344483 -0.759693503 0.0714461878
vn 0.64116621 -0.764419377 0.0675949901
vn -0.43647778 -0.797313571 0.416867167
vn -0.428169042 -0.813203037 0.394172758
vn -0.435122788 -0.799999297 0.413121283
vn -0.440832496 -0.788414478 0.429032892
vn -0.440832436 -0.788414538 0.429032922
vn 0.294449955 -0.686456561 -0.664888322
vn 0.312604636 -0.680630863 -0.662585855
vn 0.294449955 -0.686456561 -0.664888442
vn 0.32590881 -0.676177323 -0.660732687
vn 0.356034905 -0.665503263 -0.656006515
vn -0.153164223 -0.817862689 0.554654241
vn -0.160701245 -0.818171144 0.552060783
vn -0.15199329 -0.817810118 0.555053651
vn -0.143549621 -0.817394495 0.557906747
vn 0.655168891 0.752480268 0.0672842935
vn 0.63650167 0.770524859 0.0340140387
vn 0.657570183 0.749972641 0.0717121512
vn 0.668974698 0.73741138 0.0932589695
vn 0.668974698 0.737411439 0.0932589844
vn 0.400644511 -0.0506729446 0.914831221
vn 0.139533371 -0.336882353 0.931150138
vn 0.133059576 -0.495829076 0.85816592
vn 0.582106888 -0.0945417881 0.80759728
vn 0.160662517 -0.0763353854 0.984053016
vn 0.659619331 -0.0767359957 0.747672379
vn 0.644831777 -0.150721803 0.749316394
vn 0.692792714 0.0720531717 0.717528164
vn 0.701085567 0.172063082 0.692006767
vn 0.780180871 0.0739828795 0.621163666
vn 0.575623393 -0.0854447633 0.813238561
vn 0.613881469 -0.127694145 0.779001772
vn 0.805178404 -0.0245866217 0.59252286
vn 0.808237553 -0.585253119 -0.0650440902
vn 0.812901378 -0.575452507 -0.0896987244
vn 0.815623522 -0.568839848 -0.105732962
vn 0.81894201 -0.559504628 -0.127626956
vn 0.554856062 -0.796825111 0.239174902
vn 0.517808139 -0.683258414 0.514813244
vn 0.496224344 -0.737360418 0.458324105
vn 0.473992974 -0.869458139 0.139187396
vn 0.259421825 -0.951557159 -0.165043861
vn 0.393413544 -0.917799056 0.0535786673
vn 0.184729069 -0.976881206 -0.107602336
vn 0.413544327 0.691762745 0.591984332
vn 0.418008387 0.695812106 0.584050119
vn 0.419958293 0.697713375 0.58037138
vn 0.423231423 0.700619638 0.574462593
vn 0.423010796 0.700644076 0.574595332
vn 0.41590634 0.773182273 -0.478759855
vn 0.347455293 0.924863577 -0.154603526
vn 0.409837633 0.843810022 -0.346436024
vn 0.407480001 0.699087679 -0.587568343
vn 0.426306546 0.653920174 -0.625020981
vn 0.333068401 0.730044425 -0.596741617
vn 0.264900208 -0.66514796 0.698144794
vn 0.267972469 -0.653230488 0.708153009
vn 0.245212868 -0.732671797 0.634872198
vn 0.279937625 -0.602307737 0.747569621
vn 0.279937595 -0.602307677 0.74756968
vn 0.84571296 0.516741633 0.133220777
vn 0.820836008 0.561994016 0.101936333
vn 0.873564363 0.457948118 0.164829969
vn 0.894802034 0.399628848 0.199063182
vn 0.900542557 0.389503092 0.193158954
vn -0.377434611 -0.743929446 -0.551463485
vn -0.41920355 -0.738405764 -0.528228402
vn -0.41898489 -0.7384395 -0.528354704
vn -0.440146774 -0.734928012 -0.515898943
vn -0.440146774 -0.734927952 -0.515898883
vn 0.723180056 -0.67573911 0.142784029
vn 0.988894939 -0.115504079 0.0935173705
vn 0.980777562 0.0714314207 0.181584522
vn 0.805125237 -0.590754807 0.0527445562
vn 0.990982711 -0.114965543 -0.0688209906
vn 0.871087015 -0.133500382 -0.472636372
vn 0.100268237 0.753017485 -0.65031606
vn 0.0952959508 0.66883266 -0.737279832
vn 0.0965801775 0.689335406 -0.717975557
vn 0.0921845958 0.62157017 -0.777915478
vn 0.0921845883 0.62157017 -0.777915537
vn 0.922344327 0.381451309 -0.06144825
vn 0.677718461 0.711353481 -0.186209396
vn 0.79842627 0.597954214 -0.0704728365
vn 0.988894939 -0.115504079 0.0935173705
vn 0.980777562 0.0714314207 0.181584522
vn 0.990982711 -0.114965543 -0.0688209906
vn 0.962379158 0.150694847 -0.226091594
vn 0.961984277 0.263431162 -0.0720430389
vn 0.871087015 -0.133500382 -0.472636372
vn 0.870934427 0.291346073 -0.395715445
vn -0.670524955 0.259019792 -0.695201397
vn -0.70289284 0.425493777 -0.569997132
vn -0.694255531 0.420354664 -0.584218442
vn -0.625222802 0.115260936 -0.771888256
vn -0.671405911 -0.740321994 -0.0337263495
vn -0.646707654 -0.762041867 -0.0325777605
vn -0.673255563 -0.738636315 -0.0338122621
vn -0.688908935 -0.724024594 -0.0345386267
vn -0.688908994 -0.724024594 -0.0345386304
vn -0.483354121 0.868552089 -0.10948091
vn -0.490036517 0.860035717 -0.142136142
vn -0.488577485 0.862048864 -0.134773284
vn -0.48966077 0.854411066 -0.173821643
vn -0.489246964 0.854461908 -0.174734995
vn -0.483125895 0.855107069 -0.188099086
vn -0.281211674 0.916249335 0.285319567
vn -0.318120986 0.946331918 -0.0570516475
vn -0.586753547 0.806025207 0.0777411759
vn -0.429327726 0.822265983 0.373572409
vn -0.697323561 0.685697198 0.208708584
vn -0.191138357 0.823698223 0.533841968
vn -0.586753547 0.806025207 0.0777411759
vn -0.683745623 0.729685426 -0.00715416018
vn -0.094133094 0.95360297 0.285972655
vn -0.517488599 0.845989764 0.128479034
vn -0.432522416 0.892401397 0.128624126
vn -0.783200443 0.62176156 0.00309921033
vn -0.592525125 0.655910194 0.467649192
vn -0.499752045 0.826628864 0.258713454
vn -0.503550231 0.67449069 0.539906919
vn -0.592525125 0.655910194 0.467649192
vn -0.246835291 0.61413312 0.749608517
vn -0.472270221 -0.875282347 0.1041236
vn -0.412349522 -0.909357786 0.0551034883
vn -0.455346912 -0.885746062 0.0900716931
vn -0.502646148 -0.854693472 0.129791513
vn -0.502646208 -0.854693592 0.129791513
vn 0.628784001 -0.644805014 0.434577078
vn 0.66032362 -0.585437477 0.47035706
vn 0.628784001 -0.644805014 0.434577078
vn 0.666456103 -0.572548389 0.477519244
vn 0.706321478 -0.473253131 0.526442349
vn -0.429327726 0.822265983 0.373572409
vn -0.281211674 0.916249335 0.285319567
vn 0.0658118427 0.888490081 0.454152137
vn -0.136209577 0.881168962 0.452756256
vn 0.431928843 0.870583832 0.235629484
vn 0.493981242 0.854705691 -0.15956445
vn 0.450521737 0.847740948 -0.2799384
vn -0.588997602 0.499644607 0.635167003
vn -0.429327726 0.822265983 0.373572409
vn -0.588469863 0.497133732 0.637621641
vn -0.590292633 0.505934238 0.628955662
vn 0.255279362 0.966186583 -0.036276035
vn 0.150524244 0.825495541 0.543966591
vn 0.0402632765 0.997421265 0.0594119914
vn 0.220510751 0.90331161 -0.367971569
vn -0.182640955 0.979803681 -0.0814062208
vn 0.346842527 0.617949426 -0.705576837
vn 0.515121877 0.539216936 -0.666254103
vn 0.671209216 0.427037448 -0.605902016
vn 0.571852803 0.401043952 -0.715645254
vn 0.640500128 0.745731533 -0.183423221
vn -0.182640955 0.979803681 -0.0814062208
vn 0.80263263 -0.233082414 -0.549047828
vn 0.839565217 -0.238283947 -0.488212109
vn 0.837007165 -0.23518908 -0.494069993
vn 0.796485603 -0.230721116 -0.558908165
vn 0.751786828 -0.226458654 -0.619300544
vn 0.196009234 0.698384106 -0.688360274
vn 0.218389094 0.693535209 -0.686523855
vn 0.225355387 0.691945791 -0.685876131
vn 0.213697985 0.693248093 -0.688287854
vn 0.20134972 0.709369063 -0.675465465
vn 0.183525041 0.723155856 -0.665856004
vn -0.0731280819 -0.774266958 -0.628619969
vn -0.0499029234 -0.784428358 -0.618208528
vn -0.0755109116 -0.773190141 -0.629662752
vn -0.0891830102 -0.766887605 -0.635554731
vn -0.0891830176 -0.766887605 -0.635554731
vn 0.384091109 -0.483024806 0.786867976
vn 0.252784073 -0.457979918 0.852264464
vn 0.0223077368 -0.393850148 0.918903947
vn -0.164839149 -0.324367821 0.931457758
vn -0.951293826 0.100776196 -0.291348934
vn -0.823796928 0.0705758482 -0.562474668
vn -0.916319609 0.0911891237 -0.389926702
vn -0.980014443 0.111091517 -0.165015996
vn 0.931429923 -0.232501745 0.279966414
vn 0.943567336 -0.233170122 0.235185638
vn 0.96431458 -0.232732251 0.126226142
vn 0.900589824 -0.229600638 0.369082034
vn -0.679236948 0.260501772 -0.686131179
vn -0.509000123 0.287843198 -0.811212182
vn -0.436233282 0.178884804 -0.881873369
vn -0.313408762 0.312786967 -0.896626592
vn -0.259882957 -0.0383722931 -0.964877486
vn -0.277523965 -0.44766444 -0.850045383
vn -0.478181541 0.417169869 -0.772859395
vn -0.164697647 0.191661999 -0.967543483
vn -0.0637944564 0.42314437 -0.90381366
vn -0.105097219 0.441968173 -0.890852869
vn 0.38281557 0.346757859 -0.856277585
vn 0.0141014988 0.347619772 -0.937529624
vn -0.263825744 0.463421851 -0.845952868
vn -0.279130131 0.466032237 -0.839583457
vn -0.30856666 0.470717341 -0.826566279
vn 0.155264258 -0.963543534 -0.217891678
vn 0.256153762 -0.956452966 -0.139939666
vn 0.0103131738 -0.947135746 -0.320667028
vn 0.355112851 -0.933036566 -0.057771612
vn 0.240565687 0.847212613 -0.473665476
vn -0.00728246942 0.834460258 -0.551019907
vn 0.242119446 0.847108483 -0.473059535
vn 0.541341901 0.776286423 -0.322998941
vn 0.607015252 0.776587844 0.168652967
vn 0.483753383 0.871355414 0.0819903463
vn 0.741576552 0.611432254 0.276070088
vn 0.827291369 0.431205869 0.360070199
vn 0.69738692 -0.347339541 0.626902461
vn 0.698206604 -0.349064171 0.625029445
vn 0.706249595 -0.366442382 0.605748832
vn 0.692562997 -0.33734557 0.637616158
vn 0.692563057 -0.3373456 0.637616098
vn -0.404400229 -0.905998528 0.12500827
vn -0.0500487685 -0.962186337 0.267754644
vn -0.0905199274 -0.929906785 0.356482059
vn -0.38245976 -0.889202356 0.251085043
vn -0.355460405 -0.839753151 0.410441935
vn -0.635477543 -0.764831185 0.105837516
vn -0.634414494 -0.772984207 0.00369764445
vn 0.712603569 0.458333343 -0.531156003
vn 0.714292467 0.455213368 -0.531570375
vn 0.733196378 0.41863957 -0.535876989
vn 0.701116681 0.478975415 -0.528221428
vn 0.701116741 0.478975385 -0.528221428
vn -0.216648072 -0.136011973 -0.966728628
vn 0.0629641339 -0.113572106 -0.991532624
vn -0.123475999 -0.291735649 -0.948495626
vn 0.388419539 0.0497259125 -0.920139968
vn 0.321731627 0.207365826 -0.923844218
vn 0.642824888 0.0523496158 -0.764222264
vn 0.849691451 -0.0020492808 -0.527276278
vn 0.751112223 -0.608148277 0.256877601
vn 0.751112223 -0.608148277 0.256877601
vn 0.831884027 -0.527776122 0.171526179
vn 0.822668195 -0.538455784 0.18243438
vn 0.905231535 -0.419638932 0.0667759255
vn -0.685394943 -0.532654941 0.496500134
vn -0.685394943 -0.532654941 0.496500075
vn -0.653306603 -0.530850947 0.539803505
vn -0.656888366 -0.53112191 0.535170257
vn -0.613232732 -0.526765406 0.588611782
vn -0.520496666 0.465936244 0.715532422
vn -0.725842714 0.462428033 0.509227395
vn -0.684455872 0.4666982 0.560100794
vn -0.872498333 0.41811344 0.252839535
vn -0.872704446 0.451034725 0.18696177
vn -0.872041345 0.45122993 0.18956627
vn -0.882025361 0.447653532 0.1470972
vn -0.857592702 0.45442304 0.240903571
vn -0.398650616 0.790785849 -0.464473397
vn -0.412888169 0.732529581 -0.541224241
vn -0.390906125 0.814854085 -0.428024888
vn -0.373659432 0.857025564 -0.35480386
vn -0.499752045 0.826628864 0.258713454
vn -0.503550231 0.67449069 0.539906919
vn -0.136209577 0.881168962 0.452756256
vn -0.281211674 0.916249335 0.285319567
vn -0.185926333 -0.393482119 0.900335073
vn 0.288990408 -0.437449187 0.85154146
vn 0.248538002 -0.425849438 0.869989216
vn -0.0887724757 -0.402141035 0.911264002
vn -0.491639405 -0.319472939 0.810078859
vn -0.00904764514 -0.414939731 0.909803927
vn -0.48266837 -0.309229165 0.819395244
vn -0.251275271 0.789653838 0.559738815
vn -0.493757933 0.725826323 0.47893551
vn -0.483721107 0.725845635 0.489041954
vn -0.193677619 0.817272782 0.542728364
vn 0.014463095 0.802713037 0.596190095
vn -0.267878175 0.814379573 0.51480788
vn 0.0713983476 0.812729657 0.578249693
vn -0.144185752 -0.903464556 -0.403685868
vn -0.07165654 -0.897127509 -0.435921341
vn -0.0852037668 -0.920587599 -0.381128132
vn -0.131532729 -0.919645905 -0.370068133
vn -0.176780313 -0.890012026 -0.420270562
vn 0.0143030016 -0.965489447 -0.260049164
vn -0.636785567 0.660638094 0.397569537
vn -0.793915749 0.585905135 0.162520885
vn -0.794004917 0.587407589 0.156551912
vn -0.620761514 0.661340177 0.421051472
vn -0.626470864 0.654881239 0.422687799
vn -0.374455959 0.665723681 0.645441532
vn -0.410899639 0.674740493 0.613096058
vn 0.40692839 -0.907830894 0.101253666
vn 0.34507516 -0.937410295 0.0467458628
vn 0.0143030016 -0.965489447 -0.260049164
vn 0.596049786 -0.751292288 0.283345222
vn -0.647964478 -0.160598904 0.74454689
vn -0.371365815 -0.450204372 0.812036633
vn 0.0321686231 -0.320188165 0.946807683
vn -0.429413855 -0.457696319 0.778535664
vn -0.120186567 -0.00941501372 0.992706716
vn -0.682473481 -0.186979353 0.70658946
vn -0.154335544 -0.0124345422 0.987940192
vn -0.642088592 0.0235265289 0.766269326
vn -0.694090068 0.0381504409 0.7188766
vn -0.986072779 0.0343615338 0.162725747
vn -0.395751506 -0.13290754 -0.90868938
vn 0.0455963798 -0.205060661 0.977686644
vn -0.61735642 -0.10428115 0.779741347
vn 0.00382745662 -0.150847778 0.988549531
vn -0.0603642724 -0.164822519 0.984474301
vn 0.622707486 -0.126244217 0.772203207
vn 0.609749496 -0.101890907 0.786017597
vn 0.048397582 -0.120742269 0.991503477
vn 0.137665018 -0.0505962148 0.989185691
vn -0.120014593 0.4410927 0.88940084
vn -0.268540174 0.0810653567 0.959851325
vn -0.351376265 -0.0768214539 0.933077276
vn 0.180304274 -0.0904981196 0.979438901
vn 0.59165597 -0.355942845 0.723358691
vn 0.274961561 -0.0943427905 0.956815362
vn 0.644659698 -0.0619372353 0.761956453
vn -0.818142653 -0.00844427384 0.574953258
vn -0.873491347 -0.0784111619 0.480483711
vn -0.832458854 -0.0408283845 0.552580535
vn -0.707750678 -0.0777788535 0.70216763
vn -0.663690686 0.0262615047 0.747546017
vn -0.676243365 -0.136608481 0.723901272
vn -0.491853088 -0.058299154 0.868724167
vn -0.57064271 -0.0367525965 0.820375621
vn -0.663690686 0.0262615047 0.747546017
vn 0.750843525 -0.138697058 -0.645753145
vn 0.7838732 -0.101416185 -0.612582624
vn 0.83827579 -0.153751746 -0.523119688
vn 0.732179284 -0.0926015824 -0.6747877
vn 0.696481407 -0.0184598006 -0.71733737
vn 0.683671892 -0.101133853 -0.722747982
vn 0.636850893 -0.107649177 -0.763434649
vn 0.979297638 0.112766311 0.168106675
vn 0.908009827 0.0471098013 0.416291684
vn 0.969460309 0.0195628274 0.244466975
vn 0.95446068 -0.0669619441 0.290724695
vn 0.995886028 -0.0261527598 0.0867589042
vn 0.960094869 0.0680853054 -0.2712605
vn 0.921225131 0.162994757 0.353237778
vn 0.881224513 0.346920997 0.321075022
vn 0.729106069 0.0342710167 0.683542132
vn 0.822816789 -0.092400305 0.560744882
vn 0.644542158 -0.0615980402 0.762083411
vn 0.536388278 0.0078678634 0.843934596
vn 0.835485518 -0.156432509 0.526775897
vn 0.691496491 -0.115948938 0.713013589
vn 0.833318233 -0.236171171 0.499803901
vn 0.661228061 -0.197101697 0.723828971
vn 0.887734652 -0.267463565 0.374686986
vn 0.886885405 -0.236080065 0.39711535
vn 0.94677943 -0.194018617 0.256837219
vn 0.980834305 -0.103071257 0.165348992
vn 0.997211039 -0.0405599065 -0.0626502484
vn 0.99810046 -0.0604900382 -0.011681593
vn 0.974222481 -0.130883917 0.183738723
vn 0.926305115 -0.308889121 0.21574606
vn 0.953498065 -0.291987211 -0.0747323781
vn 0.912106037 -0.373671472 0.168618664
vn 0.930894434 -0.344868809 -0.120420955
vn -0.655146182 -0.10653054 -0.747953773
vn -0.631565571 -0.0873356834 -0.770387828
vn -0.65293628 -0.122479297 -0.747444332
vn 0.59165597 -0.355942845 0.723358691
vn -0.593568921 -0.0908924639 -0.79963398
vn -0.600973308 -0.0510013215 -0.797640264
vn -0.612276673 0.00153427105 -0.790642083
vn -0.540813327 -0.0655198321 -0.838586926
vn 0.657307148 -0.297594279 -0.692376316
vn 0.676008701 -0.269471884 -0.685854912
vn 0.692147434 -0.266194403 -0.670874417
vn 0.672652543 -0.228840873 -0.703683436
vn 0.701199293 -0.236859128 -0.672471046
vn 0.639433026 -0.232782245 -0.73276037
vn 0.671300948 -0.217473686 -0.708562136
vn -0.981943429 0.187630132 -0.0241242554
vn -0.962939382 0.172657311 -0.207213089
vn -0.964353442 0.196671754 0.177038476
vn -0.915305078 0.197958708 0.350754768
vn -0.424328893 -0.900861681 -0.0916142538
vn -0.367390364 -0.926613629 -0.080071561
vn -0.382383794 -0.91960901 -0.0900099874
vn 0.290053457 -0.951714993 -0.100536838
vn 0.304187924 -0.946604431 -0.106816433
vn -0.208839595 -0.848597527 -0.486074358
vn -0.208839625 -0.848597527 -0.486074418
vn -0.208839625 -0.848597527 -0.486074418
vn -0.208839595 -0.848597527 -0.486074358
vn -0.79867357 -0.0502228513 -0.599665105
vn -0.79867357 -0.0502228513 -0.599665105
vn -0.79867357 -0.0502228513 -0.599665105
vn -0.79867357 -0.0502228439 -0.599665105
vn 0.0913027748 -0.754402995 0.650030792
vn 0.0913027748 -0.754402995 0.650030792
vn -0.0161350779 -0.805160999 0.592836678
vn -0.0726620778 -0.826289475 0.558539033
vn -0.343800247 -0.87912488 0.330061615
vn -0.358179212 -0.87897855 0.314808398
vn -0.507175863 -0.851050496 0.135962397
vn -0.507175863 -0.851050377 0.135962397
vn -0.988590181 -0.0772339478 -0.129323006
vn -0.988590181 -0.0772339478 -0.129323006
vn -0.988590181 -0.0772339478 -0.129323006
vn -0.988590181 -0.0772339404 -0.129322991
vn -0.562601686 -0.79934448 -0.211015865
vn -0.565435469 -0.820097685 -0.0878777653
vn -0.562601686 -0.79934448 -0.211015835
vn -0.565304637 -0.821064949 -0.0792659745
vn -0.558543026 -0.828136623 0.0471120477
vn -0.558543026 -0.828136623 0.0471120477
vn -0.385695428 -0.0406577699 -0.921729863
vn -0.385695428 -0.0406577699 -0.921729863
vn -0.385695428 -0.0406577699 -0.921729863
vn -0.385695428 -0.0406577736 -0.921729863
vn -0.288637906 -0.944443762 -0.157207727
vn -0.288637877 -0.944443762 -0.157207742
vn -0.288637877 -0.944443762 -0.157207727
vn -0.288637847 -0.944443762 -0.157207713
vn 0.211860657 -0.845386147 -0.490344018
vn 0.211860657 -0.845386267 -0.490343988
vn 0.211860612 -0.845386147 -0.490343958
vn 0.211860627 -0.845386147 -0.490343958
vn 0.798653483 -0.0501332283 -0.599699438
vn 0.798653364 -0.0501332171 -0.599699438
vn 0.798653483 -0.0501332246 -0.599699378
vn 0.798653483 -0.0501332246 -0.599699378
vn 0.988509953 -0.076591745 -0.130314723
vn 0.988509953 -0.0765917376 -0.130314723
vn 0.988509953 -0.076591745 -0.130314708
vn 0.988509953 -0.0765917376 -0.130314708
vn 0.568658113 -0.817785561 -0.0886275396
vn 0.564483047 -0.797669649 -0.212325662
vn 0.564483047 -0.797669649 -0.212325662
vn 0.568614066 -0.81873405 -0.0797040835
vn 0.563069701 -0.825061798 0.0471759513
vn 0.563069582 -0.825061858 0.047175955
vn 0.385742545 -0.0406183451 -0.921711922
vn 0.385742545 -0.0406183377 -0.921711922
vn 0.385742545 -0.0406183451 -0.921711922
vn 0.385742515 -0.040618334 -0.921711922
vn 0.525992334 -0.803102493 0.279925734
vn 0.225275785 -0.913309872 0.339287192
vn 0.256861627 -0.908109128 0.330696285
vn 0.499574929 -0.818353891 0.284115583
vn 0.663117051 -0.704851866 0.251911849
vn 0.663117051 -0.704851866 0.251911819
vn 0.225275785 -0.913309872 0.339287192
vn -0.000155580783 -0.930523932 0.366231024
vn -0.000151396802 -0.930523932 0.366231024
vn 0.298906505 -0.939814985 -0.165537432
vn 0.298906535 -0.939814985 -0.165537447
vn 0.298906535 -0.939814985 -0.165537432
vn 0.298906505 -0.939814985 -0.165537432
vn -0.529704928 -0.452571392 0.717350602
vn -0.0115149394 0.0616981424 0.998028338
vn 0.667457759 -0.715870023 0.205012605
vn -0.658974707 -0.748787761 0.0711980164
vn 0.558132112 0.470739216 0.683295786
vn -0.401163518 -0.702286601 -0.588099778
vn 0.848707438 0.52730912 0.0405071042
vn 0.215676174 -0.28711164 -0.933300972
vn 0.744687676 0.270589769 -0.610099614
vn 0.529708505 -0.452566236 0.717351139
vn -0.667456567 -0.715869963 0.205017
vn 0.011515622 0.061699111 0.998028338
vn 0.658966124 -0.748795807 0.0711930394
vn -0.558132231 0.470742196 0.683293641
vn 0.401162088 -0.702288866 -0.588098109
vn -0.848695815 0.527327418 0.0405109227
vn -0.215686351 -0.287118822 -0.933296382
vn -0.744690478 0.270577729 -0.610101521
vn 0.794203401 -0.227599889 -0.563417554
vn 0.611219883 -0.473425329 -0.634254456
vn 0.550332546 -0.458844334 -0.697564244
vn 0.257150501 -0.574505925 -0.777056396
vn 0.539992154 -0.426820546 -0.725418985
vn 0.750986218 -0.206602588 -0.627164185
vn 0.233945861 -0.599168718 -0.765680194
vn 0.517462969 -0.515250742 -0.683190107
vn 0.699997127 -0.337492436 -0.629367113
vn 0.257903785 -0.651343346 -0.713608801
vn 0.51809746 -0.602391958 -0.607205987
vn 0.157754034 -0.000648929446 -0.987478256
vn 0.280595809 0.111365013 -0.953343511
vn 0.682731271 0.169614971 -0.710710108
vn 0.696810484 0.0569960028 -0.714987218
vn -0.364100903 -0.178625107 -0.914069712
vn 0.182578638 0.041378051 -0.982320249
vn -0.315867424 -0.0425977856 -0.947846591
vn 0.626913667 0.147356182 -0.765026391
vn -0.31440416 0.0927021727 -0.944751978
vn 0.141328394 0.201891407 -0.969157398
vn 0.552288353 0.26192072 -0.79143858
vn 0.192802414 0.226671547 -0.95469749
vn -0.34111017 -0.162783861 0.925821364
vn -0.34096846 -0.160849422 0.926211655
vn -0.381808192 -0.119668126 0.916461647
vn -0.350709885 -0.146168157 0.925006747
vn -0.396047652 -0.0339728743 0.917601287
vn -0.370819002 -0.118021667 0.921175361
vn -0.428776562 -0.0106117772 0.903348207
vn -0.434475124 -0.112110585 0.893679142
vn -0.461385638 -0.0854273215 0.883077264
vn 0.34111017 -0.162783861 0.925821364
vn 0.381808192 -0.119668126 0.916461647
vn 0.34096846 -0.160849422 0.926211655
vn 0.350709885 -0.146168157 0.925006747
vn 0.396047652 -0.0339728743 0.917601287
vn 0.370819002 -0.118021667 0.921175361
vn 0.428776562 -0.0106117772 0.903348207
vn 0.434475124 -0.112110585 0.893679142
vn 0.461385638 -0.0854273215 0.883077264
vn 0.500645816 0.758057117 0.417974949
vn 0.347457498 0.734269083 0.583199918
vn 0.490660548 0.772295535 0.403499365
vn 0.625703394 0.755800664 0.193030179
vn 0.355215341 0.753030062 0.553866088
vn 0.573142588 0.790657103 0.215334371
vn 0.466231018 0.79369998 0.390728861
vn -0.155567363 -0.101780944 -0.982567847
vn 0.0878351182 -0.0575201772 -0.994472921
vn 0.00633346802 0.0220604241 -0.999736607
vn -0.125947937 -0.0508641414 -0.990732133
vn -0.262584507 -0.116663702 -0.95783031
vn -0.45389533 -0.206865922 -0.86670965
vn 0.199386418 0.0696659312 -0.97744149
vn 0.110069476 -0.0960359648 -0.989273369
vn 0.415414721 -0.126134425 -0.900844395
vn -0.0487026609 -0.0067223059 -0.998790681
vn 0.413664013 -0.167939961 -0.894806206
vn -0.245214865 -0.192998707 -0.950063765
vn 0.096176818 -0.152986825 -0.983537018
vn 0.0526891649 -0.134605587 -0.989497423
vn -0.221411258 -0.1278698 -0.966760755
vn -0.0492419042 -0.769496918 -0.636749446
vn -0.0228031147 -0.973004758 -0.229655504
vn 0.566905141 -0.823450148 0.0234192722
vn -0.14521201 -0.900066078 -0.410845906
vn 0.0400016047 -0.893530011 0.44721812
vn -0.218900964 -0.952615142 -0.211203307
vn 0.0873068869 -0.788796842 0.608421803
vn 0.0668416396 -0.90622884 -0.417470276
vn 0.090639025 -0.784012258 0.61409229
vn 0.552764297 -0.598932505 -0.579423368
vn 0.343939185 -0.672364116 0.655463398
vn 0.865259409 -0.247936234 -0.435722053
vn 0.719588876 -0.387293041 0.576364458
vn 0.962136447 -0.0565832891 -0.26663053
vn 0.933763564 -0.138589099 0.329967529
vn 0.999055922 -0.0389917977 -0.019155398
vn 0.983121514 -0.0262279212 0.181064337
vn 0.0492437333 -0.769496799 -0.636749268
vn -0.566906393 -0.823449135 0.023421621
vn 0.0228036251 -0.973005593 -0.229652002
vn 0.14521338 -0.900066495 -0.410844773
vn -0.0400007144 -0.893535316 0.447207481
vn 0.218901187 -0.952615142 -0.211202785
vn -0.0873121023 -0.788803041 0.608412862
vn -0.0668397173 -0.906228781 -0.417470932
vn -0.0906482339 -0.784004986 0.614100277
vn -0.552764773 -0.598932385 -0.57942307
vn -0.343941599 -0.672359586 0.655466735
vn -0.865260422 -0.24793534 -0.435720712
vn -0.719598711 -0.38728413 0.57635814
vn -0.962136447 -0.056583371 -0.266630411
vn -0.933760345 -0.138586983 0.329977632
vn -0.999055922 -0.0389915556 -0.0191554856
vn -0.746546865 0.467805684 0.473102301
vn -0.726317763 -0.0324626639 -0.686591983
vn -0.96445781 -0.10211926 0.243706554
vn 0.0450070985 -0.0644446611 -0.996905863
vn -0.997730911 -0.0501973443 -0.044871062
vn 0.719042003 -0.162641928 -0.675667226
vn -0.767955542 -0.186380684 0.612785816
vn 0.95886153 -0.220908463 -0.178280324
vn -0.0081422599 -0.299573541 0.95403856
vn 0.794814885 -0.273700118 0.541625023
vn 0.726325512 -0.0324881263 -0.686582625
vn -0.044985503 -0.0644422323 -0.996906936
vn 0.964461446 -0.10211201 0.243694752
vn 0.997731626 -0.0501866154 -0.0448660925
vn -0.719045043 -0.162623897 -0.675668418
vn 0.76796186 -0.186391726 0.612774491
vn -0.95885849 -0.220910668 -0.178294465
vn 0.00816130918 -0.299571335 0.954038978
vn -0.794796944 -0.273707062 0.541647673
vn 0.74691993 0.110990196 0.655584991
vn 0.802672863 0.121372342 0.583939254
vn 0.258019239 0.0451786704 0.965082824
vn 0.739330113 0.111262001 0.664087117
vn 0.868596673 0.146602467 0.473336577
vn 0.298090875 0.0488044322 0.953289032
vn 0.299880147 0.0509082116 0.952617645
vn 0.798717499 0.141867667 0.584742546
vn 0.350820363 0.116450623 0.929174006
vn 0.298011303 0.123109877 0.946590364
vn 0.81599611 0.142556772 0.560203552
vn 0.35141027 0.122513577 0.92817086
vn -0.74571538 0.108652346 0.657345712
vn -0.253988355 0.0438523106 0.96621263
vn -0.801868498 0.118967883 0.585536957
vn -0.738027215 0.109071746 0.665897191
vn -0.868432105 0.149571314 0.472709209
vn -0.294519722 0.0473149084 0.954473376
vn -0.295082867 0.0493709221 0.954195321
vn -0.797153771 0.143908486 0.586375475
vn -0.343719572 0.117476188 0.931695282
vn -0.287916064 0.124351181 0.949547887
vn -0.816063881 0.145332024 0.559391022
vn -0.343331397 0.123882256 0.931008458
vn -0.679166853 -0.149979696 0.718497396
vn -0.679166853 -0.149979711 0.718497396
vn -0.679166794 -0.149979696 0.718497396
vn 0.679166853 -0.149979696 0.718497396
vn 0.679166853 -0.149979696 0.718497396
vn 0.679166853 -0.149979696 0.718497336
vn -0.679166973 -0.149979904 -0.718497276
vn -0.679166913 -0.149979904 -0.718497276
vn -0.679166973 -0.149979919 -0.718497276
vn 0.679166973 -0.149979919 -0.718497276
vn 0.679166913 -0.149979904 -0.718497276
vn 0.679166973 -0.149979904 -0.718497276
vn -0.988063395 0.154037878 -0.00173795281
vn -0.301621675 0.109684192 0.94709748
vn -0.355399102 0.0889790356 0.93046993
vn -0.179290384 0.149129912 0.972427487
vn -0.156871602 0.153389856 0.975634515
vn -0.0572110638 0.0810187086 0.995069265
vn -0 0.153872028 0.988090754
vn -0 0.0257961787 0.999667168
vn -0 -1 2.00803152E-05
vn 0.0658912063 0.0756741315 0.994953096
vn 0.157890275 0.134869412 0.978202879
vn 0.187348589 0.1176131 0.975226998
vn 0.275462866 0.0799709931 0.9579795
vn 0.312785268 0.0592083856 0.947976589
vn 0.996369958 0.0851100832 -0.00182052283
vn -0.431647182 -0.902041793 -0.00110047357
vn -0.331216574 -0.943553746 0.00143452815
vn -0.178687051 -0.629064381 0.756537497
vn -0.190935299 -0.981602609 3.79376985E-07
vn -0.125798658 -0.693645656 0.709246457
vn -0.113994934 -0.71976167 0.684797943
vn 0.431646883 -0.90204215 -0.00100508414
vn 0.224530324 -0.65316838 0.723157823
vn 0.362433463 -0.932008862 0.00125056738
vn 0.207519591 -0.978230953 3.04826926E-07
vn 0.107100941 -0.681214035 0.72420764
vn 0.038832251 -0.694201112 0.718732834
vn -0.988063395 0.154037878 -0.00173795281
vn -0.345018566 0.0804273188 -0.93514365
vn -0.29390654 0.101175569 -0.950464308
vn -0.176054358 0.140595943 -0.974288344
vn -0.153706446 0.145337492 -0.977369606
vn -0.0564008877 0.0759900063 -0.995512187
vn -0 0.146946937 -0.989144385
vn -0 0.0224880893 -0.999747097
vn -0 -1 2.00803152E-05
vn 0.064898856 0.0707328916 -0.995381773
vn 0.154768765 0.12692754 -0.97976321
vn 0.183970347 0.109365955 -0.976828575
vn 0.267591983 0.071139507 -0.960902512
vn 0.301544845 0.050036177 -0.952138186
vn 0.996369958 0.0851100832 -0.00182052283
vn -0.431647182 -0.902041793 -0.00110047357
vn -0.180832654 -0.628647268 -0.756374419
vn -0.331216574 -0.943553746 0.00143452815
vn -0.190935299 -0.981602609 3.79376985E-07
vn -0.125798762 -0.693645835 -0.709246159
vn -0.113995001 -0.719762027 -0.684797704
vn 0.431646883 -0.90204215 -0.00100508414
vn 0.362433463 -0.932008862 0.00125056738
vn 0.22649084 -0.652713776 -0.722956836
vn 0.207519591 -0.978230953 3.04826926E-07
vn 0.107101105 -0.681214392 -0.724207401
vn 0.038832359 -0.69420135 -0.718732595
vn 0.88299036 0.469391197 0
vn 0.762744546 0.646699965 0
vn 0.762744546 0.646699965 0
vn 0.449935138 0.893061221 0
vn 0.44993639 0.893060565 0
vn -0 1 0
vn -0 1 0
vn -0.44993481 0.893061399 0
vn -0.449936002 0.893060744 0
vn -0.762744546 0.646699965 0
vn -0.762744546 0.646699965 0
vn -0.882990718 0.469390392 0
vn -0.597088397 -3.91773347E-06 0.802175462
vn -1 -1.41913551E-06 -1.26173333E-07
vn -1 -1.4191354E-06 -2.31317756E-07
vn -0.597086668 -3.91774347E-06 0.802176714
vn -0 -5.78612344E-06 1
vn -0 -5.78612344E-06 1
vn 0.597088397 -3.91773347E-06 0.802175462
vn 0.597086668 -3.91774347E-06 0.802176714
vn 1 -1.4191354E-06 -1.26173319E-07
vn 1 -1.41913517E-06 -2.31317742E-07
vn -0.905572832 -0.198138356 0.375072002
vn -0.905572832 -0.198138356 0.375072002
vn -0.905572832 -0.198138356 0.375072002
vn -0.905572832 -0.198138371 0.375072002
vn -0.174545422 -0.176889181 0.968630016
vn -0.174545407 -0.176889136 0.968630016
vn -0.174545422 -0.176889151 0.968630016
vn -0.174545452 -0.176889151 0.968630016
vn 0.174545407 -0.176889136 0.968630016
vn 0.174545422 -0.176889181 0.968630016
vn 0.174545452 -0.176889151 0.968630016
vn 0.174545422 -0.176889151 0.968630016
vn 0.905572832 -0.198138341 0.375072002
vn 0.905572832 -0.198138326 0.375072032
vn 0.905572832 -0.198138326 0.375072032
vn 0.905572832 -0.198138326 0.375072032
vn -0.845984697 0.34419772 0.407232016
vn -0.845984697 0.34419772 0.407232016
vn -0.845984697 0.34419775 0.407232016
vn -0.845984697 0.34419772 0.407231957
vn -0.174818203 0.167829275 0.970191658
vn -0.174818203 0.167829245 0.970191658
vn -0.174818203 0.167829275 0.970191658
vn -0.174818203 0.167829245 0.970191658
vn 0.174818203 0.167829245 0.970191658
vn 0.174818203 0.167829275 0.970191658
vn 0.174818203 0.167829245 0.970191658
vn 0.174818203 0.167829275 0.970191658
vn 0.845984697 0.344197631 0.407232016
vn 0.845984697 0.34419769 0.407232046
vn 0.845984697 0.344197631 0.407232046
vn 0.845984697 0.34419772 0.407232046
vn -0.597088218 -4.1617709E-06 -0.802175522
vn -1 -1.4191354E-06 -2.31317756E-07
vn -1 -1.41913551E-06 -1.26173333E-07
vn -0.597086549 -4.16178273E-06 -0.802176833
vn -0 -6.09045219E-06 -1
vn -0 -6.09045219E-06 -1
vn 0.597088218 -4.1617709E-06 -0.802175522
vn 0.597086549 -4.16178273E-06 -0.802176833
vn 1 -1.4191354E-06 -1.26173319E-07
vn 1 -1.41913517E-06 -2.31317742E-07
vn -0.905572832 -0.198138684 -0.375071943
vn -0.905572832 -0.198138684 -0.375072002
vn -0.905572832 -0.198138684 -0.375072002
vn -0.905572832 -0.198138699 -0.375071973
vn -0.174545422 -0.176889151 -0.968630016
vn -0.174545452 -0.176889136 -0.968630016
vn -0.174545422 -0.176889136 -0.968630016
vn -0.174545407 -0.176889122 -0.968630016
vn 0.174545452 -0.176889181 -0.968630016
vn 0.174545452 -0.176889181 -0.968630016
vn 0.174545467 -0.176889196 -0.968630016
vn 0.174545467 -0.176889196 -0.968630016
vn 0.905572832 -0.198138699 -0.375071973
vn 0.905572832 -0.198138684 -0.375072002
vn 0.905572832 -0.198138684 -0.375072002
vn 0.905572832 -0.198138684 -0.375071943
vn -0.848182857 0.352021337 -0.395811677
vn -0.848182857 0.352021307 -0.395811677
vn -0.848182857 0.352021307 -0.395811677
vn -0.848182857 0.352021337 -0.395811677
vn -0.17362605 0.203803316 -0.963492751
vn -0.173626065 0.203803316 -0.963492751
vn -0.17362605 0.203803316 -0.963492751
vn -0.17362605 0.203803346 -0.963492751
vn 0.17362605 0.203803316 -0.963492751
vn 0.17362605 0.203803316 -0.963492751
vn 0.173626065 0.203803316 -0.963492751
vn 0.17362605 0.203803286 -0.963492751
vn 0.848182857 0.352021337 -0.395811677
vn 0.848182857 0.352021307 -0.395811677
vn 0.848182857 0.352021307 -0.395811677
vn 0.848182857 0.352021337 -0.395811677
vn -0.116805732 -0.11680574 0.986262023
vn -0 -0.165217683 0.986257136
vn -0 -1 0
vn -0 1 0
vn -0.707106769 -0.707106769 1.42076999E-07
vn 0.707106888 0.70710665 0
vn -0.165217802 3.10609494E-07 0.986257136
vn -1 0 -1.06553742E-07
vn 1 3.44515314E-07 7.38247081E-07
vn -0.116807491 0.116808608 0.986261547
vn -0.707107127 0.707106352 -6.92624383E-07
vn 0.707107246 -0.707106292 1.50109304E-06
vn -0 0.165219009 0.986256897
vn -0 1 -1.65158087E-06
vn -0 -1 1.67336179E-06
vn 0.116806805 0.116823472 0.986259818
vn 0.707104981 0.707108557 -7.28124064E-07
vn -0.707124889 -0.707088649 1.45185481E-06
vn 0.165212542 2.90803541E-07 0.986257911
vn 1 0 -1.77580347E-07
vn -1 3.69107283E-07 5.16750163E-07
vn 0.116805092 -0.116820641 0.986260355
vn 0.707104504 -0.707109034 0
vn -0.707124472 0.707089067 0
vn -0 -0.165217683 0.986257136
vn -0 -1 0
vn -0 1 0
vn -0 -0.165217683 -0.986257136
vn 0.707104504 -0.707109034 0
vn -0.707124472 0.707089067 0
vn 0.116805092 -0.116820619 -0.986260355
vn 1 0 -1.77580347E-07
vn -1 3.69107283E-07 5.16750163E-07
vn 0.165212408 -2.7097596E-07 -0.98625803
vn 0.707104981 0.707108557 -7.28124064E-07
vn -0.707124889 -0.707088649 1.45185481E-06
vn 0.116805166 0.11682041 -0.986260355
vn -0 1 -1.65158087E-06
vn -0 -1 1.67336179E-06
vn -0 0.165217683 -0.986257136
vn -0.707107127 0.707106352 -6.92624383E-07
vn 0.707107246 -0.707106292 1.50109304E-06
vn -0.116805814 0.116805665 -0.986262023
vn -1 0 -1.06553742E-07
vn 1 3.44515314E-07 7.38247081E-07
vn -0.165217668 -2.44522454E-07 -0.986257136
vn -0.707106769 -0.707106769 1.42076999E-07
vn 0.707106888 0.70710665 0
vn -0.116805732 -0.116805904 -0.986262023
vn -0 -1 0
vn -0 1 0
vn -0 -0.165217683 -0.986257136
vn -0 1 0
vn -0 1 0
vn -0 1 0
vn -0 1 0
vn -0 1 0
vn -0 1 0
vn -0 1 0
vn -0 1 0
vn -0 1 0
vn -0 -1 0
vn -0 -1 0
vn -0 -1 0
vn -0 -1 0
vn -0 -1 0
vn -0 -1 0
vn -0 -1 0
vn -0 -1 0
vn -0 -1 0
vn -0 1 0
vn -0 1 0
vn -0 1 0
vn -0 1 0
vn -0 1 0
vn -0 1 0
vn -0 1 0
vn -0 1 0
vn -0 1 0
g Gusin_skin13_0
f 3/3/3 2/2/2 1/1/1
f 6/6/6 5/5/5 4/4/4
f 9/9/9 8/8/8 7/7/7
f 11/11/11 10/10/10 8/8/8
f 10/10/10 12/12/12 8/8/8
f 10/10/10 13/13/13 12/12/12
f 8/8/8 12/12/12 14/14/14
f 8/8/8 14/14/14 15/15/15
f 13/13/13 16/16/16 12/12/12
f 13/13/13 17/17/17 16/16/16
f 17/17/17 18/18/18 16/16/16
f 12/12/12 19/19/19 14/14/14
f 12/12/12 16/16/16 19/19/19
f 16/16/16 18/18/18 20/20/20
f 16/16/16 20/20/20 19/19/19
f 18/18/18 21/21/21 20/20/20
f 14/14/14 19/19/19 22/22/22
f 14/14/14 22/22/22 23/23/23
f 19/19/19 20/20/20 24/24/24
f 19/19/19 24/24/24 22/22/22
f 20/20/20 21/21/21 25/25/25
f 20/20/20 25/25/25 24/24/24
f 21/21/21 26/26/26 25/25/25
f 22/22/22 24/24/24 27/27/27
f 22/22/22 27/27/27 28/28/28
f 24/24/24 25/25/25 29/29/29
f 24/24/24 29/29/29 27/27/27
f 25/25/25 26/26/26 30/30/30
f 25/25/25 30/30/30 29/29/29
f 26/26/26 31/31/31 30/30/30
f 27/27/27 29/29/29 32/32/32
f 29/29/29 33/33/33 32/32/32
f 29/29/29 30/30/30 33/33/33
f 32/32/32 33/33/33 34/34/34
f 30/30/30 31/31/31 35/35/35
f 30/30/30 35/35/35 33/33/33
f 31/31/31 36/36/36 35/35/35
f 33/33/33 37/37/37 34/34/34
f 33/33/33 35/35/35 37/37/37
f 34/34/34 37/37/37 38/38/38
f 37/37/37 39/39/39 38/38/38
f 35/35/35 36/36/36 40/40/40
f 35/35/35 40/40/40 37/37/37
f 37/37/37 40/40/40 39/39/39
f 36/36/36 41/41/41 40/40/40
f 40/40/40 42/42/42 39/39/39
f 40/40/40 41/41/41 42/42/42
f 41/41/41 43/43/43 42/42/42
f 27/27/27 45/45/45 44/44/44
f 45/45/45 47/47/47 46/46/46
f 47/47/47 49/49/49 48/48/48
f 52/52/52 51/51/51 50/50/50
f 54/54/54 53/53/53 50/50/50
f 54/54/54 50/50/50 55/55/55
f 57/57/57 54/54/54 56/56/56
f 57/57/57 56/56/56 58/58/58
f 60/60/60 59/59/59 58/58/58
f 59/59/59 61/61/61 58/58/58
f 64/64/64 63/63/63 62/62/62
f 67/67/67 66/66/66 65/65/65
f 67/67/67 69/69/69 68/68/68
f 70/70/70 67/67/67 68/68/68
f 70/70/70 68/68/68 71/71/71
f 72/72/72 70/70/70 71/71/71
f 73/73/73 72/72/72 71/71/71
f 74/74/74 73/73/73 71/71/71
f 74/74/74 75/75/75 73/73/73
f 75/75/75 76/76/76 73/73/73
f 79/79/79 78/78/78 77/77/77
f 81/81/81 80/80/80 79/79/79
f 82/82/82 81/81/81 79/79/79
f 83/83/83 81/81/81 82/82/82
f 82/82/82 79/79/79 84/84/84
f 84/84/84 79/79/79 85/85/85
f 86/86/86 83/83/83 82/82/82
f 87/87/87 83/83/83 86/86/86
f 88/88/88 87/87/87 86/86/86
f 89/89/89 82/82/82 84/84/84
f 86/86/86 82/82/82 89/89/89
f 88/88/88 86/86/86 90/90/90
f 90/90/90 86/86/86 89/89/89
f 91/91/91 88/88/88 90/90/90
f 89/89/89 84/84/84 92/92/92
f 92/92/92 84/84/84 93/93/93
f 90/90/90 89/89/89 94/94/94
f 94/94/94 89/89/89 92/92/92
f 91/91/91 90/90/90 95/95/95
f 95/95/95 90/90/90 94/94/94
f 96/96/96 91/91/91 95/95/95
f 94/94/94 92/92/92 97/97/97
f 97/97/97 92/92/92 98/98/98
f 95/95/95 94/94/94 99/99/99
f 99/99/99 94/94/94 97/97/97
f 96/96/96 95/95/95 100/100/100
f 100/100/100 95/95/95 99/99/99
f 101/101/101 96/96/96 100/100/100
f 99/99/99 97/97/97 102/102/102
f 103/103/103 99/99/99 102/102/102
f 100/100/100 99/99/99 103/103/103
f 103/103/103 102/102/102 104/104/104
f 101/101/101 100/100/100 105/105/105
f 105/105/105 100/100/100 103/103/103
f 106/106/106 101/101/101 105/105/105
f 107/107/107 103/103/103 104/104/104
f 105/105/105 103/103/103 107/107/107
f 107/107/107 104/104/104 108/108/108
f 109/109/109 107/107/107 108/108/108
f 106/106/106 105/105/105 110/110/110
f 110/110/110 105/105/105 107/107/107
f 110/110/110 107/107/107 109/109/109
f 111/111/111 106/106/106 110/110/110
f 112/112/112 110/110/110 109/109/109
f 111/111/111 110/110/110 112/112/112
f 113/113/113 111/111/111 112/112/112
f 115/115/115 97/97/97 114/114/114
f 117/117/117 115/115/115 116/116/116
f 119/119/119 117/117/117 118/118/118
f 122/122/122 121/121/121 120/120/120
f 124/124/124 123/123/123 120/120/120
f 120/120/120 123/123/123 125/125/125
f 123/123/123 127/127/127 126/126/126
f 126/126/126 127/127/127 128/128/128
f 130/130/130 129/129/129 128/128/128
f 131/131/131 130/130/130 128/128/128
f 134/134/134 133/133/133 132/132/132
f 136/136/136 133/133/133 135/135/135
f 133/133/133 137/137/137 135/135/135
f 135/135/135 137/137/137 138/138/138
f 137/137/137 139/139/139 138/138/138
f 139/139/139 140/140/140 138/138/138
f 140/140/140 141/141/141 138/138/138
f 142/142/142 141/141/141 140/140/140
f 143/143/143 142/142/142 140/140/140
f 146/146/146 145/145/145 144/144/144
f 149/149/149 148/148/148 147/147/147
f 151/151/151 150/150/150 147/147/147
f 147/147/147 150/150/150 152/152/152
f 153/153/153 147/147/147 152/152/152
f 152/152/152 154/154/154 153/153/153
f 154/154/154 155/155/155 153/153/153
f 155/155/155 154/154/154 156/156/156
f 154/154/154 152/152/152 157/157/157
f 158/158/158 154/154/154 157/157/157
f 154/154/154 158/158/158 156/156/156
f 159/159/159 156/156/156 158/158/158
f 160/160/160 159/159/159 158/158/158
f 160/160/160 158/158/158 161/161/161
f 161/161/161 158/158/158 157/157/157
f 162/162/162 161/161/161 157/157/157
f 163/163/163 160/160/160 161/161/161
f 163/163/163 161/161/161 162/162/162
f 164/164/164 163/163/163 162/162/162
f 165/165/165 164/164/164 162/162/162
f 166/166/166 164/164/164 165/165/165
f 152/152/152 167/167/167 157/157/157
f 167/167/167 152/152/152 168/168/168
f 152/152/152 150/150/150 168/168/168
f 150/150/150 169/169/169 168/168/168
f 170/170/170 169/169/169 150/150/150
f 169/169/169 171/171/171 168/168/168
f 172/172/172 167/167/167 168/168/168
f 173/173/173 167/167/167 172/172/172
f 167/167/167 173/173/173 157/157/157
f 174/174/174 173/173/173 172/172/172
f 174/174/174 172/172/172 175/175/175
f 176/176/176 174/174/174 175/175/175
f 177/177/177 174/174/174 176/176/176
f 173/173/173 174/174/174 177/177/177
f 178/178/178 177/177/177 176/176/176
f 157/157/157 173/173/173 179/179/179
f 179/179/179 173/173/173 177/177/177
f 177/177/177 178/178/178 180/180/180
f 178/178/178 181/181/181 180/180/180
f 177/177/177 180/180/180 182/182/182
f 179/179/179 177/177/177 182/182/182
f 182/182/182 180/180/180 183/183/183
f 157/157/157 179/179/179 184/184/184
f 179/179/179 182/182/182 184/184/184
f 157/157/157 184/184/184 162/162/162
f 184/184/184 182/182/182 185/185/185
f 185/185/185 182/182/182 183/183/183
f 162/162/162 184/184/184 186/186/186
f 184/184/184 185/185/185 186/186/186
f 187/187/187 185/185/185 183/183/183
f 185/185/185 187/187/187 186/186/186
f 188/188/188 162/162/162 186/186/186
f 188/188/188 186/186/186 189/189/189
f 188/188/188 165/165/165 162/162/162
f 188/188/188 190/190/190 165/165/165
f 190/190/190 188/188/188 189/189/189
f 190/190/190 191/191/191 165/165/165
f 191/191/191 166/166/166 165/165/165
f 192/192/192 187/187/187 183/183/183
f 183/183/183 193/193/193 192/192/192
f 193/193/193 194/194/194 192/192/192
f 187/187/187 192/192/192 195/195/195
f 186/186/186 187/187/187 196/196/196
f 189/189/189 186/186/186 196/196/196
f 196/196/196 187/187/187 195/195/195
f 190/190/190 197/197/197 191/191/191
f 190/190/190 189/189/189 197/197/197
f 197/197/197 198/198/198 191/191/191
f 191/191/191 198/198/198 199/199/199
f 189/189/189 200/200/200 197/197/197
f 201/201/201 166/166/166 191/191/191
f 201/201/201 191/191/191 199/199/199
f 202/202/202 166/166/166 201/201/201
f 199/199/199 203/203/203 201/201/201
f 202/202/202 201/201/201 204/204/204
f 204/204/204 201/201/201 203/203/203
f 203/203/203 205/205/205 204/204/204
f 205/205/205 206/206/206 204/204/204
f 206/206/206 205/205/205 207/207/207
f 208/208/208 206/206/206 207/207/207
f 209/209/209 208/208/208 207/207/207
f 210/210/210 208/208/208 209/209/209
f 210/210/210 211/211/211 208/208/208
f 210/210/210 212/212/212 211/211/211
f 189/189/189 213/213/213 200/200/200
f 213/213/213 214/214/214 200/200/200
f 215/215/215 213/213/213 189/189/189
f 215/215/215 189/189/189 196/196/196
f 215/215/215 196/196/196 216/216/216
f 213/213/213 215/215/215 216/216/216
f 196/196/196 195/195/195 216/216/216
f 214/214/214 213/213/213 217/217/217
f 214/214/214 217/217/217 218/218/218
f 219/219/219 218/218/218 217/217/217
f 220/220/220 219/219/219 217/217/217
f 221/221/221 217/217/217 213/213/213
f 221/221/221 213/213/213 216/216/216
f 222/222/222 216/216/216 195/195/195
f 216/216/216 222/222/222 221/221/221
f 223/223/223 222/222/222 195/195/195
f 222/222/222 224/224/224 221/221/221
f 223/223/223 194/194/194 225/225/225
f 194/194/194 226/226/226 225/225/225
f 224/224/224 228/228/228 227/227/227
f 228/228/228 229/229/229 227/227/227
f 232/232/232 231/231/231 230/230/230
f 234/234/234 233/233/233 230/230/230
f 234/234/234 230/230/230 235/235/235
f 230/230/230 236/236/236 235/235/235
f 237/237/237 235/235/235 236/236/236
f 238/238/238 237/237/237 236/236/236
f 237/237/237 238/238/238 239/239/239
f 235/235/235 237/237/237 240/240/240
f 237/237/237 241/241/241 240/240/240
f 241/241/241 237/237/237 239/239/239
f 239/239/239 242/242/242 241/241/241
f 242/242/242 243/243/243 241/241/241
f 241/241/241 243/243/243 244/244/244
f 241/241/241 244/244/244 240/240/240
f 244/244/244 245/245/245 240/240/240
f 243/243/243 246/246/246 244/244/244
f 244/244/244 246/246/246 245/245/245
f 246/246/246 247/247/247 245/245/245
f 247/247/247 248/248/248 245/245/245
f 247/247/247 249/249/249 248/248/248
f 250/250/250 235/235/235 240/240/240
f 235/235/235 250/250/250 251/251/251
f 234/234/234 235/235/235 251/251/251
f 252/252/252 234/234/234 251/251/251
f 252/252/252 253/253/253 234/234/234
f 254/254/254 252/252/252 251/251/251
f 250/250/250 255/255/255 251/251/251
f 250/250/250 256/256/256 255/255/255
f 256/256/256 250/250/250 240/240/240
f 256/256/256 257/257/257 255/255/255
f 258/258/258 255/255/255 257/257/257
f 259/259/259 258/258/258 257/257/257
f 259/259/259 257/257/257 260/260/260
f 257/257/257 256/256/256 260/260/260
f 261/261/261 259/259/259 260/260/260
f 256/256/256 240/240/240 262/262/262
f 256/256/256 262/262/262 260/260/260
f 261/261/261 260/260/260 263/263/263
f 264/264/264 261/261/261 263/263/263
f 263/263/263 260/260/260 265/265/265
f 260/260/260 262/262/262 265/265/265
f 263/263/263 265/265/265 266/266/266
f 262/262/262 240/240/240 267/267/267
f 265/265/265 262/262/262 267/267/267
f 267/267/267 240/240/240 245/245/245
f 265/265/265 267/267/267 268/268/268
f 265/265/265 268/268/268 266/266/266
f 267/267/267 245/245/245 269/269/269
f 268/268/268 267/267/267 269/269/269
f 268/268/268 270/270/270 266/266/266
f 270/270/270 268/268/268 269/269/269
f 245/245/245 271/271/271 269/269/269
f 269/269/269 271/271/271 272/272/272
f 248/248/248 271/271/271 245/245/245
f 273/273/273 271/271/271 248/248/248
f 271/271/271 273/273/273 272/272/272
f 274/274/274 273/273/273 248/248/248
f 249/249/249 274/274/274 248/248/248
f 270/270/270 275/275/275 266/266/266
f 276/276/276 266/266/266 275/275/275
f 277/277/277 276/276/276 275/275/275
f 275/275/275 270/270/270 278/278/278
f 270/270/270 269/269/269 279/279/279
f 269/269/269 272/272/272 279/279/279
f 270/270/270 279/279/279 278/278/278
f 280/280/280 273/273/273 274/274/274
f 272/272/272 273/273/273 280/280/280
f 281/281/281 280/280/280 274/274/274
f 281/281/281 274/274/274 282/282/282
f 283/283/283 272/272/272 280/280/280
f 249/249/249 284/284/284 274/274/274
f 274/274/274 284/284/284 282/282/282
f 249/249/249 285/285/285 284/284/284
f 286/286/286 282/282/282 284/284/284
f 284/284/284 285/285/285 287/287/287
f 284/284/284 287/287/287 286/286/286
f 288/288/288 286/286/286 287/287/287
f 289/289/289 288/288/288 287/287/287
f 288/288/288 289/289/289 290/290/290
f 289/289/289 291/291/291 290/290/290
f 291/291/291 292/292/292 290/290/290
f 291/291/291 293/293/293 292/292/292
f 294/294/294 293/293/293 291/291/291
f 295/295/295 293/293/293 294/294/294
f 296/296/296 272/272/272 283/283/283
f 297/297/297 296/296/296 283/283/283
f 296/296/296 298/298/298 272/272/272
f 272/272/272 298/298/298 279/279/279
f 279/279/279 298/298/298 299/299/299
f 298/298/298 296/296/296 299/299/299
f 278/278/278 279/279/279 299/299/299
f 296/296/296 297/297/297 300/300/300
f 300/300/300 297/297/297 301/301/301
f 300/300/300 301/301/301 302/302/302
f 303/303/303 300/300/300 302/302/302
f 300/300/300 304/304/304 296/296/296
f 296/296/296 304/304/304 299/299/299
f 278/278/278 299/299/299 305/305/305
f 305/305/305 299/299/299 304/304/304
f 306/306/306 278/278/278 305/305/305
f 307/307/307 305/305/305 304/304/304
f 277/277/277 306/306/306 308/308/308
f 309/309/309 277/277/277 308/308/308
f 307/307/307 311/311/311 310/310/310
f 311/311/311 312/312/312 310/310/310
f 315/315/315 314/314/314 313/313/313
f 318/318/318 317/317/317 316/316/316
f 321/321/321 320/320/320 319/319/319
f 324/324/324 323/323/323 322/322/322
f 327/327/327 326/326/326 325/325/325
f 330/330/330 329/329/329 328/328/328
f 333/333/333 332/332/332 331/331/331
f 336/336/336 335/335/335 334/334/334
f 339/339/339 338/338/338 337/337/337
f 342/342/342 341/341/341 340/340/340
f 345/345/345 344/344/344 343/343/343
f 348/348/348 347/347/347 346/346/346
f 351/351/351 350/350/350 349/349/349
f 354/354/354 353/353/353 352/352/352
f 357/357/357 356/356/356 355/355/355
f 360/360/360 359/359/359 358/358/358
f 363/363/363 362/362/362 361/361/361
f 366/366/366 365/365/365 364/364/364
f 369/369/369 368/368/368 367/367/367
f 372/372/372 371/371/371 370/370/370
f 375/375/375 374/374/374 373/373/373
f 378/378/378 377/377/377 376/376/376
f 381/381/381 380/380/380 379/379/379
f 384/384/384 383/383/383 382/382/382
f 387/387/387 386/386/386 385/385/385
f 390/390/390 389/389/389 388/388/388
f 393/393/393 392/392/392 391/391/391
f 392/392/392 395/395/395 394/394/394
f 396/396/396 394/394/394 395/395/395
f 395/395/395 397/397/397 396/396/396
f 400/400/400 399/399/399 398/398/398
f 398/398/398 402/402/402 401/401/401
f 403/403/403 398/398/398 401/401/401
f 401/401/401 404/404/404 403/403/403
f 407/407/407 406/406/406 405/405/405
f 407/407/407 409/409/409 408/408/408
f 409/409/409 410/410/410 408/408/408
f 413/413/413 412/412/412 411/411/411
f 412/412/412 415/415/415 414/414/414
f 414/414/414 415/415/415 416/416/416
f 419/419/419 418/418/418 417/417/417
f 422/422/422 421/421/421 420/420/420
f 425/425/425 424/424/424 423/423/423
f 428/428/428 427/427/427 426/426/426
f 431/431/431 430/430/430 429/429/429
f 434/434/434 433/433/433 432/432/432
f 437/437/437 436/436/436 435/435/435
f 440/440/440 439/439/439 438/438/438
f 442/442/442 441/441/441 440/440/440
f 445/445/445 444/444/444 443/443/443
f 448/448/448 447/447/447 446/446/446
f 451/451/451 450/450/450 449/449/449
f 454/454/454 453/453/453 452/452/452
f 457/457/457 456/456/456 455/455/455
f 460/460/460 459/459/459 458/458/458
f 463/463/463 462/462/462 461/461/461
f 466/466/466 465/465/465 464/464/464
f 469/469/469 468/468/468 467/467/467
f 472/472/472 471/471/471 470/470/470
f 475/475/475 474/474/474 473/473/473
f 478/478/478 477/477/477 476/476/476
f 481/481/481 480/480/480 479/479/479
f 484/484/484 483/483/483 482/482/482
f 486/486/486 484/484/484 485/485/485
f 484/484/484 487/487/487 485/485/485
f 490/490/490 489/489/489 488/488/488
f 493/493/493 492/492/492 491/491/491
f 496/496/496 495/495/495 494/494/494
f 499/499/499 498/498/498 497/497/497
f 502/502/502 501/501/501 500/500/500
f 504/504/504 503/503/503 500/500/500
f 507/507/507 506/506/506 505/505/505
f 510/510/510 509/509/509 508/508/508
f 513/513/513 512/512/512 511/511/511
f 516/516/516 515/515/515 514/514/514
f 519/519/519 518/518/518 517/517/517
f 522/522/522 521/521/521 520/520/520
f 525/525/525 524/524/524 523/523/523
f 528/528/528 527/527/527 526/526/526
f 531/531/531 530/530/530 529/529/529
f 534/534/534 533/533/533 532/532/532
f 532/532/532 536/536/536 535/535/535
f 537/537/537 532/532/532 535/535/535
f 535/535/535 538/538/538 537/537/537
f 541/541/541 540/540/540 539/539/539
f 544/544/544 543/543/543 542/542/542
f 547/547/547 546/546/546 545/545/545
f 550/550/550 549/549/549 548/548/548
f 553/553/553 552/552/552 551/551/551
f 556/556/556 555/555/555 554/554/554
f 559/559/559 558/558/558 557/557/557
f 562/562/562 561/561/561 560/560/560
f 565/565/565 564/564/564 563/563/563
f 567/567/567 565/565/565 566/566/566
f 570/570/570 569/569/569 568/568/568
f 569/569/569 572/572/572 571/571/571
f 569/569/569 573/573/573 572/572/572
f 576/576/576 575/575/575 574/574/574
f 579/579/579 578/578/578 577/577/577
f 582/582/582 581/581/581 580/580/580
f 585/585/585 584/584/584 583/583/583
f 585/585/585 587/587/587 586/586/586
f 587/587/587 589/589/589 588/588/588
f 591/591/591 589/589/589 590/590/590
f 592/592/592 591/591/591 590/590/590
f 592/592/592 590/590/590 593/593/593
f 594/594/594 592/592/592 593/593/593
f 595/595/595 591/591/591 592/592/592
f 596/596/596 592/592/592 594/594/594
f 597/597/597 595/595/595 592/592/592
f 598/598/598 597/597/597 592/592/592
f 596/596/596 598/598/598 592/592/592
f 599/599/599 597/597/597 598/598/598
f 598/598/598 596/596/596 600/600/600
f 599/599/599 598/598/598 600/600/600
f 601/601/601 599/599/599 600/600/600
f 596/596/596 602/602/602 600/600/600
f 600/600/600 602/602/602 603/603/603
f 605/605/605 604/604/604 595/595/595
f 607/607/607 604/604/604 606/606/606
f 609/609/609 607/607/607 608/608/608
f 612/612/612 611/611/611 610/610/610
f 615/615/615 614/614/614 613/613/613
f 618/618/618 617/617/617 616/616/616
f 618/618/618 620/620/620 619/619/619
f 621/621/621 618/618/618 619/619/619
f 622/622/622 618/618/618 621/621/621
f 622/622/622 621/621/621 623/623/623
f 623/623/623 621/621/621 624/624/624
f 621/621/621 625/625/625 624/624/624
f 619/619/619 625/625/625 621/621/621
f 626/626/626 625/625/625 619/619/619
f 619/619/619 627/627/627 626/626/626
f 627/627/627 628/628/628 626/626/626
f 628/628/628 629/629/629 626/626/626
f 628/628/628 627/627/627 630/630/630
f 630/630/630 627/627/627 619/619/619
f 631/631/631 628/628/628 630/630/630
f 632/632/632 631/631/631 630/630/630
f 633/633/633 631/631/631 632/632/632
f 634/634/634 633/633/633 632/632/632
f 634/634/634 632/632/632 635/635/635
f 632/632/632 630/630/630 636/636/636
f 636/636/636 630/630/630 619/619/619
f 635/635/635 632/632/632 636/636/636
f 636/636/636 619/619/619 637/637/637
f 637/637/637 619/619/619 638/638/638
f 639/639/639 637/637/637 638/638/638
f 640/640/640 637/637/637 639/639/639
f 636/636/636 637/637/637 640/640/640
f 641/641/641 635/635/635 636/636/636
f 641/641/641 636/636/636 642/642/642
f 643/643/643 635/635/635 641/641/641
f 644/644/644 641/641/641 642/642/642
f 643/643/643 641/641/641 644/644/644
f 647/647/647 646/646/646 645/645/645
f 650/650/650 649/649/649 648/648/648
f 653/653/653 652/652/652 651/651/651
f 656/656/656 655/655/655 654/654/654
f 659/659/659 658/658/658 657/657/657
f 658/658/658 661/661/661 660/660/660
f 661/661/661 662/662/662 660/660/660
f 663/663/663 662/662/662 661/661/661
f 663/663/663 664/664/664 662/662/662
f 662/662/662 665/665/665 660/660/660
f 662/662/662 666/666/666 665/665/665
f 666/666/666 667/667/667 665/665/665
f 666/666/666 668/668/668 667/667/667
f 669/669/669 665/665/665 667/667/667
f 660/660/660 665/665/665 669/669/669
f 670/670/670 669/669/669 667/667/667
f 670/670/670 667/667/667 671/671/671
f 660/660/660 669/669/669 672/672/672
f 660/660/660 672/672/672 673/673/673
f 674/674/674 660/660/660 673/673/673
f 658/658/658 660/660/660 674/674/674
f 675/675/675 658/658/658 674/674/674
f 675/675/675 676/676/676 658/658/658
f 679/679/679 678/678/678 677/677/677
f 682/682/682 681/681/681 680/680/680
f 685/685/685 684/684/684 683/683/683
f 688/688/688 687/687/687 686/686/686
f 691/691/691 690/690/690 689/689/689
f 694/694/694 693/693/693 692/692/692
f 697/697/697 696/696/696 695/695/695
f 699/699/699 698/698/698 695/695/695
f 695/695/695 700/700/700 699/699/699
f 700/700/700 701/701/701 699/699/699
f 701/701/701 700/700/700 702/702/702
f 701/701/701 702/702/702 703/703/703
f 702/702/702 704/704/704 703/703/703
f 702/702/702 705/705/705 704/704/704
f 702/702/702 706/706/706 705/705/705
f 700/700/700 706/706/706 702/702/702
f 695/695/695 707/707/707 700/700/700
f 708/708/708 707/707/707 695/695/695
f 708/708/708 695/695/695 709/709/709
f 708/708/708 710/710/710 707/707/707
f 708/708/708 709/709/709 710/710/710
f 713/713/713 712/712/712 711/711/711
f 716/716/716 715/715/715 714/714/714
f 719/719/719 718/718/718 717/717/717
f 722/722/722 721/721/721 720/720/720
f 725/725/725 724/724/724 723/723/723
f 728/728/728 727/727/727 726/726/726
f 731/731/731 730/730/730 729/729/729
f 734/734/734 733/733/733 732/732/732
f 737/737/737 736/736/736 735/735/735
f 737/737/737 739/739/739 738/738/738
f 742/742/742 741/741/741 740/740/740
f 744/744/744 742/742/742 743/743/743
f 747/747/747 746/746/746 745/745/745
f 746/746/746 748/748/748 745/745/745
f 746/746/746 749/749/749 748/748/748
f 749/749/749 750/750/750 748/748/748
f 753/753/753 752/752/752 751/751/751
f 754/754/754 753/753/753 751/751/751
f 757/757/757 756/756/756 755/755/755
f 758/758/758 757/757/757 755/755/755
f 761/761/761 760/760/760 759/759/759
f 762/762/762 761/761/761 759/759/759
f 765/765/765 764/764/764 763/763/763
f 766/766/766 765/765/765 763/763/763
f 769/769/769 768/768/768 767/767/767
f 770/770/770 769/769/769 767/767/767
f 773/773/773 772/772/772 771/771/771
f 774/774/774 773/773/773 771/771/771
f 777/777/777 776/776/776 775/775/775
f 778/778/778 777/777/777 775/775/775
f 778/778/778 775/775/775 779/779/779
f 775/775/775 780/780/780 779/779/779
f 783/783/783 782/782/782 781/781/781
f 782/782/782 784/784/784 781/781/781
f 782/782/782 785/785/785 784/784/784
f 785/785/785 786/786/786 784/784/784
f 781/781/781 784/784/784 787/787/787
f 786/786/786 788/788/788 784/784/784
f 784/784/784 789/789/789 787/787/787
f 788/788/788 789/789/789 784/784/784
f 787/787/787 789/789/789 790/790/790
f 789/789/789 788/788/788 791/791/791
f 789/789/789 792/792/792 790/790/790
f 792/792/792 789/789/789 791/791/791
f 790/790/790 792/792/792 793/793/793
f 791/791/791 794/794/794 792/792/792
f 792/792/792 795/795/795 793/793/793
f 792/792/792 794/794/794 795/795/795
f 793/793/793 795/795/795 796/796/796
f 795/795/795 797/797/797 796/796/796
f 795/795/795 794/794/794 797/797/797
f 794/794/794 798/798/798 797/797/797
f 794/794/794 799/799/799 798/798/798
f 802/802/802 801/801/801 800/800/800
f 803/803/803 802/802/802 800/800/800
f 804/804/804 802/802/802 803/803/803
f 805/805/805 804/804/804 803/803/803
f 803/803/803 800/800/800 806/806/806
f 807/807/807 805/805/805 803/803/803
f 808/808/808 803/803/803 806/806/806
f 808/808/808 807/807/807 803/803/803
f 808/808/808 806/806/806 809/809/809
f 807/807/807 808/808/808 810/810/810
f 811/811/811 808/808/808 809/809/809
f 808/808/808 811/811/811 810/810/810
f 811/811/811 809/809/809 812/812/812
f 813/813/813 810/810/810 811/811/811
f 814/814/814 811/811/811 812/812/812
f 813/813/813 811/811/811 814/814/814
f 814/814/814 812/812/812 815/815/815
f 816/816/816 814/814/814 815/815/815
f 813/813/813 814/814/814 816/816/816
f 817/817/817 813/813/813 816/816/816
f 818/818/818 813/813/813 817/817/817
f 821/821/821 820/820/820 819/819/819
f 820/820/820 822/822/822 819/819/819
f 819/819/819 822/822/822 823/823/823
f 822/822/822 824/824/824 823/823/823
f 823/823/823 824/824/824 825/825/825
f 824/824/824 826/826/826 825/825/825
f 825/825/825 826/826/826 827/827/827
f 826/826/826 828/828/828 827/827/827
f 827/827/827 828/828/828 829/829/829
f 828/828/828 830/830/830 829/829/829
f 833/833/833 832/832/832 831/831/831
f 832/832/832 834/834/834 831/831/831
f 831/831/831 834/834/834 835/835/835
f 836/836/836 831/831/831 835/835/835
f 836/836/836 835/835/835 837/837/837
f 835/835/835 838/838/838 837/837/837
f 841/841/841 840/840/840 839/839/839
f 842/842/842 841/841/841 839/839/839
f 842/842/842 839/839/839 843/843/843
f 844/844/844 842/842/842 843/843/843
f 844/844/844 843/843/843 845/845/845
f 846/846/846 844/844/844 845/845/845
f 845/845/845 847/847/847 846/846/846
f 847/847/847 848/848/848 846/846/846
f 847/847/847 849/849/849 848/848/848
f 849/849/849 850/850/850 848/848/848
f 849/849/849 851/851/851 850/850/850
f 851/851/851 852/852/852 850/850/850
f 851/851/851 853/853/853 852/852/852
f 853/853/853 854/854/854 852/852/852
f 853/853/853 855/855/855 854/854/854
f 855/855/855 856/856/856 854/854/854
f 855/855/855 857/857/857 856/856/856
f 857/857/857 858/858/858 856/856/856
f 857/857/857 859/859/859 858/858/858
f 859/859/859 860/860/860 858/858/858
f 863/863/863 862/862/862 861/861/861
f 864/864/864 863/863/863 861/861/861
f 864/864/864 861/861/861 865/865/865
f 866/866/866 864/864/864 865/865/865
f 866/866/866 865/865/865 867/867/867
f 868/868/868 866/866/866 867/867/867
f 868/868/868 867/867/867 869/869/869
f 870/870/870 868/868/868 869/869/869
f 870/870/870 869/869/869 871/871/871
f 872/872/872 870/870/870 871/871/871
f 875/875/875 874/874/874 873/873/873
f 876/876/876 875/875/875 873/873/873
f 876/876/876 873/873/873 877/877/877
f 873/873/873 878/878/878 877/877/877
f 877/877/877 878/878/878 879/879/879
f 880/880/880 877/877/877 879/879/879
f 883/883/883 882/882/882 881/881/881
f 882/882/882 884/884/884 881/881/881
f 881/881/881 884/884/884 885/885/885
f 884/884/884 886/886/886 885/885/885
f 885/885/885 886/886/886 887/887/887
f 886/886/886 888/888/888 887/887/887
f 889/889/889 887/887/887 888/888/888
f 890/890/890 889/889/889 888/888/888
f 891/891/891 889/889/889 890/890/890
f 892/892/892 891/891/891 890/890/890
f 893/893/893 891/891/891 892/892/892
f 894/894/894 893/893/893 892/892/892
f 895/895/895 893/893/893 894/894/894
f 896/896/896 895/895/895 894/894/894
f 897/897/897 895/895/895 896/896/896
f 898/898/898 897/897/897 896/896/896
f 899/899/899 897/897/897 898/898/898
f 900/900/900 899/899/899 898/898/898
f 902/902/902 901/901/901 900/900/900
f 903/903/903 902/902/902 900/900/900
f 906/906/906 905/905/905 904/904/904
f 907/907/907 906/906/906 904/904/904
f 904/904/904 908/908/908 907/907/907
f 908/908/908 909/909/909 907/907/907
f 909/909/909 910/910/910 907/907/907
f 907/907/907 911/911/911 906/906/906
f 910/910/910 911/911/911 907/907/907
f 911/911/911 912/912/912 906/906/906
f 911/911/911 913/913/913 912/912/912
f 910/910/910 914/914/914 911/911/911
f 913/913/913 915/915/915 912/912/912
f 914/914/914 913/913/913 916/916/916
f 913/913/913 917/917/917 915/915/915
f 914/914/914 918/918/918 913/913/913
f 913/913/913 919/919/919 917/917/917
f 918/918/918 920/920/920 913/913/913
f 920/920/920 919/919/919 913/913/913
f 923/923/923 922/922/922 921/921/921
f 923/923/923 924/924/924 922/922/922
f 924/924/924 925/925/925 922/922/922
f 924/924/924 926/926/926 925/925/925
f 925/925/925 927/927/927 922/922/922
f 927/927/927 928/928/928 922/922/922
f 927/927/927 929/929/929 928/928/928
f 929/929/929 930/930/930 928/928/928
f 931/931/931 930/930/930 929/929/929
f 932/932/932 931/931/931 929/929/929
f 932/932/932 933/933/933 931/931/931
f 933/933/933 934/934/934 931/931/931
f 933/933/933 935/935/935 934/934/934
f 935/935/935 936/936/936 934/934/934
f 936/936/936 935/935/935 937/937/937
f 936/936/936 937/937/937 938/938/938
f 935/935/935 939/939/939 937/937/937
f 935/935/935 940/940/940 939/939/939
f 943/943/943 942/942/942 941/941/941
f 944/944/944 943/943/943 941/941/941
f 945/945/945 943/943/943 944/944/944
f 944/944/944 941/941/941 946/946/946
f 947/947/947 944/944/944 946/946/946
f 948/948/948 945/945/945 944/944/944
f 948/948/948 944/944/944 947/947/947
f 947/947/947 946/946/946 949/949/949
f 950/950/950 948/948/948 947/947/947
f 949/949/949 951/951/951 947/947/947
f 952/952/952 950/950/950 947/947/947
f 947/947/947 951/951/951 953/953/953
f 952/952/952 947/947/947 953/953/953
f 956/956/956 955/955/955 954/954/954
f 955/955/955 957/957/957 954/954/954
f 955/955/955 958/958/958 957/957/957
f 959/959/959 958/958/958 955/955/955
f 959/959/959 960/960/960 958/958/958
f 957/957/957 961/961/961 954/954/954
f 958/958/958 961/961/961 957/957/957
f 961/961/961 962/962/962 954/954/954
f 958/958/958 963/963/963 961/961/961
f 964/964/964 963/963/963 958/958/958
f 960/960/960 965/965/965 958/958/958
f 965/965/965 964/964/964 958/958/958
f 966/966/966 965/965/965 960/960/960
f 965/965/965 966/966/966 964/964/964
f 967/967/967 966/966/966 960/960/960
f 966/966/966 968/968/968 964/964/964
f 967/967/967 969/969/969 966/966/966
f 970/970/970 968/968/968 966/966/966
f 969/969/969 971/971/971 966/966/966
f 971/971/971 970/970/970 966/966/966
f 969/969/969 972/972/972 971/971/971
f 973/973/973 970/970/970 971/971/971
f 972/972/972 974/974/974 971/971/971
f 974/974/974 973/973/973 971/971/971
f 975/975/975 974/974/974 972/972/972
f 974/974/974 975/975/975 973/973/973
f 976/976/976 975/975/975 972/972/972
f 975/975/975 977/977/977 973/973/973
f 980/980/980 979/979/979 978/978/978
f 981/981/981 980/980/980 978/978/978
f 981/981/981 978/978/978 982/982/982
f 983/983/983 980/980/980 981/981/981
f 984/984/984 981/981/981 982/982/982
f 984/984/984 982/982/982 985/985/985
f 986/986/986 984/984/984 985/985/985
f 986/986/986 985/985/985 987/987/987
f 984/984/984 986/986/986 988/988/988
f 989/989/989 984/984/984 988/988/988
f 984/984/984 989/989/989 981/981/981
f 990/990/990 986/986/986 987/987/987
f 988/988/988 986/986/986 990/990/990
f 991/991/991 988/988/988 990/990/990
f 990/990/990 987/987/987 992/992/992
f 993/993/993 990/990/990 992/992/992
f 991/991/991 990/990/990 993/993/993
f 994/994/994 991/991/991 993/993/993
f 994/994/994 995/995/995 991/991/991
f 996/996/996 983/983/983 981/981/981
f 989/989/989 996/996/996 981/981/981
f 996/996/996 997/997/997 983/983/983
f 997/997/997 998/998/998 983/983/983
f 998/998/998 997/997/997 999/999/999
f 997/997/997 1000/1000/1000 999/999/999
f 989/989/989 1001/1001/1001 996/996/996
f 1001/1001/1001 997/997/997 996/996/996
f 1001/1001/1001 989/989/989 988/988/988
f 997/997/997 1001/1001/1001 1002/1002/1002
f 1000/1000/1000 997/997/997 1002/1002/1002
f 1001/1001/1001 988/988/988 1002/1002/1002
f 1003/1003/1003 1000/1000/1000 1002/1002/1002
f 1003/1003/1003 1004/1004/1004 1000/1000/1000
f 1003/1003/1003 1005/1005/1005 1004/1004/1004
f 1006/1006/1006 1005/1005/1005 1003/1003/1003
f 1007/1007/1007 1005/1005/1005 1006/1006/1006
f 1008/1008/1008 1006/1006/1006 1003/1003/1003
f 1008/1008/1008 1003/1003/1003 1009/1009/1009
f 1009/1009/1009 1003/1003/1003 1002/1002/1002
f 1010/1010/1010 1008/1008/1008 1009/1009/1009
f 1011/1011/1011 1009/1009/1009 1002/1002/1002
f 1010/1010/1010 1009/1009/1009 1011/1011/1011
f 1011/1011/1011 1002/1002/1002 988/988/988
f 1012/1012/1012 1010/1010/1010 1011/1011/1011
f 1013/1013/1013 1011/1011/1011 988/988/988
f 1012/1012/1012 1011/1011/1011 1013/1013/1013
f 1014/1014/1014 1012/1012/1012 1013/1013/1013
f 991/991/991 1013/1013/1013 988/988/988
f 1015/1015/1015 1007/1007/1007 1006/1006/1006
f 1016/1016/1016 1015/1015/1015 1006/1006/1006
f 1016/1016/1016 1017/1017/1017 1015/1015/1015
f 1014/1014/1014 1013/1013/1013 1018/1018/1018
f 1014/1014/1014 1018/1018/1018 1019/1019/1019
f 991/991/991 1020/1020/1020 1013/1013/1013
f 1020/1020/1020 1018/1018/1018 1013/1013/1013
f 1007/1007/1007 1015/1015/1015 1021/1021/1021
f 1022/1022/1022 1007/1007/1007 1021/1021/1021
f 1022/1022/1022 1021/1021/1021 1023/1023/1023
f 1017/1017/1017 1024/1024/1024 1015/1015/1015
f 1015/1015/1015 1024/1024/1024 1021/1021/1021
f 1021/1021/1021 1025/1025/1025 1023/1023/1023
f 1026/1026/1026 1023/1023/1023 1025/1025/1025
f 1027/1027/1027 1020/1020/1020 991/991/991
f 991/991/991 995/995/995 1027/1027/1027
f 1027/1027/1027 995/995/995 1028/1028/1028
f 1020/1020/1020 1027/1027/1027 1028/1028/1028
f 995/995/995 1029/1029/1029 1028/1028/1028
f 1020/1020/1020 1030/1030/1030 1018/1018/1018
f 1028/1028/1028 1030/1030/1030 1020/1020/1020
f 1028/1028/1028 1029/1029/1029 1031/1031/1031
f 1029/1029/1029 1032/1032/1032 1031/1031/1031
f 1032/1032/1032 1033/1033/1033 1031/1031/1031
f 1033/1033/1033 1034/1034/1034 1031/1031/1031
f 1033/1033/1033 1035/1035/1035 1034/1034/1034
f 1034/1034/1034 1036/1036/1036 1031/1031/1031
f 1036/1036/1036 1028/1028/1028 1031/1031/1031
f 1028/1028/1028 1036/1036/1036 1030/1030/1030
f 1034/1034/1034 1030/1030/1030 1036/1036/1036
f 1030/1030/1030 1037/1037/1037 1018/1018/1018
f 1037/1037/1037 1030/1030/1030 1034/1034/1034
f 1019/1019/1019 1018/1018/1018 1037/1037/1037
f 1019/1019/1019 1037/1037/1037 1038/1038/1038
f 1019/1019/1019 1038/1038/1038 1039/1039/1039
f 1017/1017/1017 1039/1039/1039 1038/1038/1038
f 1024/1024/1024 1017/1017/1017 1038/1038/1038
f 1037/1037/1037 1040/1040/1040 1038/1038/1038
f 1040/1040/1040 1037/1037/1037 1034/1034/1034
f 1038/1038/1038 1041/1041/1041 1024/1024/1024
f 1040/1040/1040 1041/1041/1041 1038/1038/1038
f 1035/1035/1035 1042/1042/1042 1034/1034/1034
f 1042/1042/1042 1035/1035/1035 1043/1043/1043
f 1044/1044/1044 1042/1042/1042 1043/1043/1043
f 1044/1044/1044 1043/1043/1043 1045/1045/1045
f 1042/1042/1042 1046/1046/1046 1034/1034/1034
f 1046/1046/1046 1042/1042/1042 1044/1044/1044
f 1047/1047/1047 1040/1040/1040 1034/1034/1034
f 1046/1046/1046 1047/1047/1047 1034/1034/1034
f 1046/1046/1046 1044/1044/1044 1048/1048/1048
f 1046/1046/1046 1048/1048/1048 1047/1047/1047
f 1049/1049/1049 1044/1044/1044 1045/1045/1045
f 1044/1044/1044 1049/1049/1049 1048/1048/1048
f 1047/1047/1047 1050/1050/1050 1040/1040/1040
f 1050/1050/1050 1041/1041/1041 1040/1040/1040
f 1041/1041/1041 1051/1051/1051 1024/1024/1024
f 1024/1024/1024 1051/1051/1051 1021/1021/1021
f 1021/1021/1021 1051/1051/1051 1025/1025/1025
f 1052/1052/1052 1051/1051/1051 1041/1041/1041
f 1051/1051/1051 1052/1052/1052 1025/1025/1025
f 1050/1050/1050 1052/1052/1052 1041/1041/1041
f 1049/1049/1049 1045/1045/1045 1053/1053/1053
f 1045/1045/1045 1054/1054/1054 1053/1053/1053
f 1049/1049/1049 1053/1053/1053 1055/1055/1055
f 1049/1049/1049 1055/1055/1055 1048/1048/1048
f 1053/1053/1053 1056/1056/1056 1055/1055/1055
f 1055/1055/1055 1056/1056/1056 1057/1057/1057
f 1048/1048/1048 1055/1055/1055 1057/1057/1057
f 1056/1056/1056 1058/1058/1058 1057/1057/1057
f 1057/1057/1057 1058/1058/1058 1059/1059/1059
f 1060/1060/1060 1025/1025/1025 1052/1052/1052
f 1060/1060/1060 1026/1026/1026 1025/1025/1025
f 1061/1061/1061 1052/1052/1052 1050/1050/1050
f 1061/1061/1061 1060/1060/1060 1052/1052/1052
f 1060/1060/1060 1062/1062/1062 1026/1026/1026
f 1062/1062/1062 1060/1060/1060 1061/1061/1061
f 1062/1062/1062 1063/1063/1063 1026/1026/1026
f 1062/1062/1062 1059/1059/1059 1063/1063/1063
f 1059/1059/1059 1064/1064/1064 1063/1063/1063
f 1065/1065/1065 1063/1063/1063 1064/1064/1064
f 1066/1066/1066 1065/1065/1065 1064/1064/1064
f 1059/1059/1059 1062/1062/1062 1067/1067/1067
f 1067/1067/1067 1057/1057/1057 1059/1059/1059
f 1067/1067/1067 1062/1062/1062 1061/1061/1061
f 1068/1068/1068 1061/1061/1061 1050/1050/1050
f 1067/1067/1067 1061/1061/1061 1068/1068/1068
f 1057/1057/1057 1067/1067/1067 1068/1068/1068
f 1068/1068/1068 1050/1050/1050 1047/1047/1047
f 1048/1048/1048 1057/1057/1057 1068/1068/1068
f 1048/1048/1048 1068/1068/1068 1047/1047/1047
f 1071/1071/1071 1070/1070/1070 1069/1069/1069
f 1070/1070/1070 1072/1072/1072 1069/1069/1069
f 1069/1069/1069 1072/1072/1072 1073/1073/1073
f 1072/1072/1072 1070/1070/1070 1074/1074/1074
f 1072/1072/1072 1075/1075/1075 1073/1073/1073
f 1076/1076/1076 1073/1073/1073 1075/1075/1075
f 1077/1077/1077 1076/1076/1076 1075/1075/1075
f 1078/1078/1078 1072/1072/1072 1074/1074/1074
f 1075/1075/1075 1072/1072/1072 1078/1078/1078
f 1079/1079/1079 1078/1078/1078 1074/1074/1074
f 1078/1078/1078 1079/1079/1079 1075/1075/1075
f 1080/1080/1080 1079/1079/1079 1074/1074/1074
f 1079/1079/1079 1080/1080/1080 1081/1081/1081
f 1077/1077/1077 1075/1075/1075 1082/1082/1082
f 1079/1079/1079 1082/1082/1082 1075/1075/1075
f 1082/1082/1082 1083/1083/1083 1077/1077/1077
f 1082/1082/1082 1079/1079/1079 1083/1083/1083
f 1083/1083/1083 1084/1084/1084 1077/1077/1077
f 1085/1085/1085 1079/1079/1079 1081/1081/1081
f 1079/1079/1079 1085/1085/1085 1083/1083/1083
f 1083/1083/1083 1086/1086/1086 1084/1084/1084
f 1083/1083/1083 1085/1085/1085 1086/1086/1086
f 1085/1085/1085 1081/1081/1081 1087/1087/1087
f 1085/1085/1085 1087/1087/1087 1086/1086/1086
f 1081/1081/1081 1088/1088/1088 1087/1087/1087
f 1087/1087/1087 1088/1088/1088 1089/1089/1089
f 1084/1084/1084 1086/1086/1086 1090/1090/1090
f 1084/1084/1084 1090/1090/1090 1091/1091/1091
f 1087/1087/1087 1092/1092/1092 1086/1086/1086
f 1092/1092/1092 1087/1087/1087 1089/1089/1089
f 1092/1092/1092 1090/1090/1090 1086/1086/1086
f 1090/1090/1090 1093/1093/1093 1091/1091/1091
f 1090/1090/1090 1092/1092/1092 1093/1093/1093
f 1092/1092/1092 1089/1089/1089 1094/1094/1094
f 1092/1092/1092 1094/1094/1094 1093/1093/1093
f 1089/1089/1089 1095/1095/1095 1094/1094/1094
f 1094/1094/1094 1095/1095/1095 1096/1096/1096
f 1091/1091/1091 1093/1093/1093 1097/1097/1097
f 1091/1091/1091 1097/1097/1097 1098/1098/1098
f 1093/1093/1093 1094/1094/1094 1099/1099/1099
f 1099/1099/1099 1094/1094/1094 1096/1096/1096
f 1097/1097/1097 1093/1093/1093 1099/1099/1099
f 1100/1100/1100 1099/1099/1099 1096/1096/1096
f 1101/1101/1101 1100/1100/1100 1096/1096/1096
f 1097/1097/1097 1099/1099/1099 1102/1102/1102
f 1099/1099/1099 1100/1100/1100 1102/1102/1102
f 1097/1097/1097 1102/1102/1102 1098/1098/1098
f 1103/1103/1103 1100/1100/1100 1101/1101/1101
f 1100/1100/1100 1103/1103/1103 1102/1102/1102
f 1104/1104/1104 1103/1103/1103 1101/1101/1101
f 1103/1103/1103 1104/1104/1104 1105/1105/1105
f 1098/1098/1098 1102/1102/1102 1106/1106/1106
f 1103/1103/1103 1106/1106/1106 1102/1102/1102
f 1103/1103/1103 1105/1105/1105 1107/1107/1107
f 1106/1106/1106 1103/1103/1103 1107/1107/1107
f 1105/1105/1105 1108/1108/1108 1107/1107/1107
f 1098/1098/1098 1106/1106/1106 1109/1109/1109
f 1109/1109/1109 1106/1106/1106 1107/1107/1107
f 1110/1110/1110 1098/1098/1098 1109/1109/1109
f 1108/1108/1108 1111/1111/1111 1107/1107/1107
f 1109/1109/1109 1107/1107/1107 1111/1111/1111
f 1109/1109/1109 1111/1111/1111 1112/1112/1112
f 1111/1111/1111 1108/1108/1108 1113/1113/1113
f 1112/1112/1112 1111/1111/1111 1113/1113/1113
f 1112/1112/1112 1113/1113/1113 1114/1114/1114
f 1115/1115/1115 1112/1112/1112 1114/1114/1114
f 1109/1109/1109 1116/1116/1116 1110/1110/1110
f 1116/1116/1116 1109/1109/1109 1112/1112/1112
f 1116/1116/1116 1117/1117/1117 1110/1110/1110
f 1117/1117/1117 1116/1116/1116 1118/1118/1118
f 1116/1116/1116 1119/1119/1119 1118/1118/1118
f 1119/1119/1119 1116/1116/1116 1112/1112/1112
f 1120/1120/1120 1118/1118/1118 1119/1119/1119
f 1121/1121/1121 1112/1112/1112 1115/1115/1115
f 1121/1121/1121 1119/1119/1119 1112/1112/1112
f 1122/1122/1122 1121/1121/1121 1115/1115/1115
f 1121/1121/1121 1122/1122/1122 1123/1123/1123
f 1123/1123/1123 1119/1119/1119 1121/1121/1121
f 1122/1122/1122 1124/1124/1124 1123/1123/1123
f 1125/1125/1125 1119/1119/1119 1123/1123/1123
f 1125/1125/1125 1120/1120/1120 1119/1119/1119
f 1124/1124/1124 1126/1126/1126 1123/1123/1123
f 1126/1126/1126 1125/1125/1125 1123/1123/1123
f 1127/1127/1127 1126/1126/1126 1124/1124/1124
f 1126/1126/1126 1127/1127/1127 1128/1128/1128
f 1129/1129/1129 1120/1120/1120 1125/1125/1125
f 1125/1125/1125 1126/1126/1126 1129/1129/1129
f 1130/1130/1130 1126/1126/1126 1128/1128/1128
f 1126/1126/1126 1130/1130/1130 1129/1129/1129
f 1130/1130/1130 1128/1128/1128 1131/1131/1131
f 1129/1129/1129 1132/1132/1132 1120/1120/1120
f 1132/1132/1132 1133/1133/1133 1120/1120/1120
f 1130/1130/1130 1134/1134/1134 1129/1129/1129
f 1134/1134/1134 1130/1130/1130 1131/1131/1131
f 1134/1134/1134 1132/1132/1132 1129/1129/1129
f 1135/1135/1135 1133/1133/1133 1132/1132/1132
f 1135/1135/1135 1132/1132/1132 1134/1134/1134
f 1136/1136/1136 1134/1134/1134 1131/1131/1131
f 1136/1136/1136 1135/1135/1135 1134/1134/1134
f 1137/1137/1137 1136/1136/1136 1131/1131/1131
f 1137/1137/1137 1138/1138/1138 1136/1136/1136
f 1135/1135/1135 1139/1139/1139 1133/1133/1133
f 1139/1139/1139 1140/1140/1140 1133/1133/1133
f 1136/1136/1136 1141/1141/1141 1135/1135/1135
f 1138/1138/1138 1141/1141/1141 1136/1136/1136
f 1141/1141/1141 1139/1139/1139 1135/1135/1135
f 1142/1142/1142 1140/1140/1140 1139/1139/1139
f 1139/1139/1139 1141/1141/1141 1142/1142/1142
f 1143/1143/1143 1141/1141/1141 1138/1138/1138
f 1141/1141/1141 1143/1143/1143 1142/1142/1142
f 1144/1144/1144 1143/1143/1143 1138/1138/1138
f 1144/1144/1144 1145/1145/1145 1143/1143/1143
f 1142/1142/1142 1146/1146/1146 1140/1140/1140
f 1140/1140/1140 1146/1146/1146 1147/1147/1147
f 1143/1143/1143 1148/1148/1148 1142/1142/1142
f 1145/1145/1145 1148/1148/1148 1143/1143/1143
f 1148/1148/1148 1146/1146/1146 1142/1142/1142
f 1149/1149/1149 1148/1148/1148 1145/1145/1145
f 1148/1148/1148 1149/1149/1149 1146/1146/1146
f 1150/1150/1150 1149/1149/1149 1145/1145/1145
f 1149/1149/1149 1150/1150/1150 1151/1151/1151
f 1146/1146/1146 1152/1152/1152 1147/1147/1147
f 1149/1149/1149 1152/1152/1152 1146/1146/1146
f 1153/1153/1153 1147/1147/1147 1152/1152/1152
f 1152/1152/1152 1149/1149/1149 1153/1153/1153
f 1154/1154/1154 1147/1147/1147 1153/1153/1153
f 1155/1155/1155 1154/1154/1154 1153/1153/1153
f 1156/1156/1156 1149/1149/1149 1151/1151/1151
f 1149/1149/1149 1156/1156/1156 1153/1153/1153
f 1153/1153/1153 1157/1157/1157 1155/1155/1155
f 1157/1157/1157 1153/1153/1153 1156/1156/1156
f 1157/1157/1157 1156/1156/1156 1151/1151/1151
f 1157/1157/1157 1158/1158/1158 1155/1155/1155
f 1159/1159/1159 1157/1157/1157 1151/1151/1151
f 1157/1157/1157 1159/1159/1159 1158/1158/1158
f 1159/1159/1159 1160/1160/1160 1158/1158/1158
f 1163/1163/1163 1162/1162/1162 1161/1161/1161
f 1164/1164/1164 1163/1163/1163 1161/1161/1161
f 1165/1165/1165 1163/1163/1163 1164/1164/1164
f 1166/1166/1166 1165/1165/1165 1164/1164/1164
f 1167/1167/1167 1164/1164/1164 1161/1161/1161
f 1168/1168/1168 1167/1167/1167 1161/1161/1161
f 1168/1168/1168 1169/1169/1169 1167/1167/1167
f 1169/1169/1169 1170/1170/1170 1167/1167/1167
f 1166/1166/1166 1164/1164/1164 1171/1171/1171
f 1164/1164/1164 1167/1167/1167 1171/1171/1171
f 1172/1172/1172 1166/1166/1166 1171/1171/1171
f 1173/1173/1173 1167/1167/1167 1170/1170/1170
f 1167/1167/1167 1173/1173/1173 1171/1171/1171
f 1174/1174/1174 1172/1172/1172 1171/1171/1171
f 1174/1174/1174 1171/1171/1171 1173/1173/1173
f 1175/1175/1175 1172/1172/1172 1174/1174/1174
f 1175/1175/1175 1174/1174/1174 1176/1176/1176
f 1176/1176/1176 1174/1174/1174 1173/1173/1173
f 1176/1176/1176 1177/1177/1177 1175/1175/1175
f 1178/1178/1178 1177/1177/1177 1176/1176/1176
f 1179/1179/1179 1173/1173/1173 1170/1170/1170
f 1170/1170/1170 1180/1180/1180 1179/1179/1179
f 1180/1180/1180 1181/1181/1181 1179/1179/1179
f 1178/1178/1178 1176/1176/1176 1182/1182/1182
f 1182/1182/1182 1183/1183/1183 1178/1178/1178
f 1184/1184/1184 1176/1176/1176 1173/1173/1173
f 1184/1184/1184 1173/1173/1173 1179/1179/1179
f 1182/1182/1182 1176/1176/1176 1184/1184/1184
f 1181/1181/1181 1185/1185/1185 1179/1179/1179
f 1185/1185/1185 1184/1184/1184 1179/1179/1179
f 1185/1185/1185 1181/1181/1181 1186/1186/1186
f 1183/1183/1183 1182/1182/1182 1187/1187/1187
f 1188/1188/1188 1183/1183/1183 1187/1187/1187
f 1189/1189/1189 1188/1188/1188 1187/1187/1187
f 1185/1185/1185 1190/1190/1190 1184/1184/1184
f 1190/1190/1190 1185/1185/1185 1186/1186/1186
f 1191/1191/1191 1182/1182/1182 1184/1184/1184
f 1184/1184/1184 1190/1190/1190 1191/1191/1191
f 1187/1187/1187 1182/1182/1182 1191/1191/1191
f 1190/1190/1190 1186/1186/1186 1192/1192/1192
f 1190/1190/1190 1192/1192/1192 1191/1191/1191
f 1186/1186/1186 1193/1193/1193 1192/1192/1192
f 1192/1192/1192 1193/1193/1193 1194/1194/1194
f 1191/1191/1191 1192/1192/1192 1194/1194/1194
f 1193/1193/1193 1195/1195/1195 1194/1194/1194
f 1187/1187/1187 1196/1196/1196 1189/1189/1189
f 1196/1196/1196 1197/1197/1197 1189/1189/1189
f 1196/1196/1196 1198/1198/1198 1197/1197/1197
f 1196/1196/1196 1199/1199/1199 1198/1198/1198
f 1200/1200/1200 1198/1198/1198 1199/1199/1199
f 1201/1201/1201 1200/1200/1200 1199/1199/1199
f 1191/1191/1191 1202/1202/1202 1187/1187/1187
f 1202/1202/1202 1196/1196/1196 1187/1187/1187
f 1202/1202/1202 1191/1191/1191 1194/1194/1194
f 1196/1196/1196 1202/1202/1202 1199/1199/1199
f 1194/1194/1194 1195/1195/1195 1203/1203/1203
f 1202/1202/1202 1194/1194/1194 1203/1203/1203
f 1195/1195/1195 1204/1204/1204 1203/1203/1203
f 1204/1204/1204 1205/1205/1205 1203/1203/1203
f 1206/1206/1206 1202/1202/1202 1203/1203/1203
f 1206/1206/1206 1203/1203/1203 1205/1205/1205
f 1202/1202/1202 1206/1206/1206 1199/1199/1199
f 1207/1207/1207 1206/1206/1206 1205/1205/1205
f 1206/1206/1206 1207/1207/1207 1199/1199/1199
f 1205/1205/1205 1208/1208/1208 1207/1207/1207
f 1208/1208/1208 1209/1209/1209 1207/1207/1207
f 1210/1210/1210 1201/1201/1201 1199/1199/1199
f 1207/1207/1207 1210/1210/1210 1199/1199/1199
f 1210/1210/1210 1207/1207/1207 1209/1209/1209
f 1210/1210/1210 1211/1211/1211 1201/1201/1201
f 1212/1212/1212 1210/1210/1210 1209/1209/1209
f 1212/1212/1212 1211/1211/1211 1210/1210/1210
f 1212/1212/1212 1213/1213/1213 1211/1211/1211
f 1216/1216/1216 1215/1215/1215 1214/1214/1214
f 1215/1215/1215 1217/1217/1217 1214/1214/1214
f 1214/1214/1214 1217/1217/1217 1218/1218/1218
f 1215/1215/1215 1219/1219/1219 1217/1217/1217
f 1217/1217/1217 1220/1220/1220 1218/1218/1218
f 1218/1218/1218 1220/1220/1220 1221/1221/1221
f 1220/1220/1220 1222/1222/1222 1221/1221/1221
f 1221/1221/1221 1222/1222/1222 1223/1223/1223
f 1222/1222/1222 1220/1220/1220 1224/1224/1224
f 1220/1220/1220 1225/1225/1225 1224/1224/1224
f 1225/1225/1225 1220/1220/1220 1217/1217/1217
f 1222/1222/1222 1226/1226/1226 1223/1223/1223
f 1222/1222/1222 1224/1224/1224 1226/1226/1226
f 1224/1224/1224 1227/1227/1227 1226/1226/1226
f 1223/1223/1223 1226/1226/1226 1228/1228/1228
f 1226/1226/1226 1229/1229/1229 1228/1228/1228
f 1226/1226/1226 1227/1227/1227 1229/1229/1229
f 1227/1227/1227 1230/1230/1230 1229/1229/1229
f 1231/1231/1231 1230/1230/1230 1227/1227/1227
f 1219/1219/1219 1232/1232/1232 1217/1217/1217
f 1232/1232/1232 1225/1225/1225 1217/1217/1217
f 1233/1233/1233 1232/1232/1232 1219/1219/1219
f 1234/1234/1234 1233/1233/1233 1219/1219/1219
f 1233/1233/1233 1234/1234/1234 1235/1235/1235
f 1236/1236/1236 1233/1233/1233 1235/1235/1235
f 1237/1237/1237 1225/1225/1225 1232/1232/1232
f 1233/1233/1233 1237/1237/1237 1232/1232/1232
f 1225/1225/1225 1237/1237/1237 1224/1224/1224
f 1237/1237/1237 1233/1233/1233 1238/1238/1238
f 1233/1233/1233 1236/1236/1236 1238/1238/1238
f 1224/1224/1224 1237/1237/1237 1238/1238/1238
f 1236/1236/1236 1239/1239/1239 1238/1238/1238
f 1240/1240/1240 1239/1239/1239 1236/1236/1236
f 1241/1241/1241 1239/1239/1239 1240/1240/1240
f 1241/1241/1241 1242/1242/1242 1239/1239/1239
f 1241/1241/1241 1243/1243/1243 1242/1242/1242
f 1242/1242/1242 1244/1244/1244 1239/1239/1239
f 1239/1239/1239 1244/1244/1244 1245/1245/1245
f 1239/1239/1239 1245/1245/1245 1238/1238/1238
f 1244/1244/1244 1246/1246/1246 1245/1245/1245
f 1245/1245/1245 1247/1247/1247 1238/1238/1238
f 1245/1245/1245 1246/1246/1246 1247/1247/1247
f 1238/1238/1238 1247/1247/1247 1224/1224/1224
f 1246/1246/1246 1248/1248/1248 1247/1247/1247
f 1247/1247/1247 1249/1249/1249 1224/1224/1224
f 1247/1247/1247 1248/1248/1248 1249/1249/1249
f 1248/1248/1248 1250/1250/1250 1249/1249/1249
f 1249/1249/1249 1227/1227/1227 1224/1224/1224
f 1243/1243/1243 1251/1251/1251 1242/1242/1242
f 1251/1251/1251 1252/1252/1252 1242/1242/1242
f 1253/1253/1253 1252/1252/1252 1251/1251/1251
f 1249/1249/1249 1250/1250/1250 1254/1254/1254
f 1254/1254/1254 1250/1250/1250 1255/1255/1255
f 1256/1256/1256 1227/1227/1227 1249/1249/1249
f 1254/1254/1254 1256/1256/1256 1249/1249/1249
f 1251/1251/1251 1243/1243/1243 1257/1257/1257
f 1243/1243/1243 1258/1258/1258 1257/1257/1257
f 1257/1257/1257 1258/1258/1258 1259/1259/1259
f 1260/1260/1260 1253/1253/1253 1251/1251/1251
f 1260/1260/1260 1251/1251/1251 1257/1257/1257
f 1261/1261/1261 1257/1257/1257 1259/1259/1259
f 1259/1259/1259 1262/1262/1262 1261/1261/1261
f 1256/1256/1256 1263/1263/1263 1227/1227/1227
f 1231/1231/1231 1227/1227/1227 1263/1263/1263
f 1231/1231/1231 1263/1263/1263 1264/1264/1264
f 1263/1263/1263 1256/1256/1256 1264/1264/1264
f 1265/1265/1265 1231/1231/1231 1264/1264/1264
f 1266/1266/1266 1256/1256/1256 1254/1254/1254
f 1266/1266/1266 1264/1264/1264 1256/1256/1256
f 1265/1265/1265 1264/1264/1264 1267/1267/1267
f 1268/1268/1268 1265/1265/1265 1267/1267/1267
f 1269/1269/1269 1268/1268/1268 1267/1267/1267
f 1270/1270/1270 1269/1269/1269 1267/1267/1267
f 1271/1271/1271 1269/1269/1269 1270/1270/1270
f 1272/1272/1272 1270/1270/1270 1267/1267/1267
f 1264/1264/1264 1272/1272/1272 1267/1267/1267
f 1272/1272/1272 1264/1264/1264 1266/1266/1266
f 1266/1266/1266 1270/1270/1270 1272/1272/1272
f 1273/1273/1273 1266/1266/1266 1254/1254/1254
f 1266/1266/1266 1273/1273/1273 1270/1270/1270
f 1254/1254/1254 1255/1255/1255 1273/1273/1273
f 1273/1273/1273 1255/1255/1255 1274/1274/1274
f 1274/1274/1274 1255/1255/1255 1275/1275/1275
f 1275/1275/1275 1253/1253/1253 1274/1274/1274
f 1253/1253/1253 1260/1260/1260 1274/1274/1274
f 1276/1276/1276 1273/1273/1273 1274/1274/1274
f 1273/1273/1273 1276/1276/1276 1270/1270/1270
f 1277/1277/1277 1274/1274/1274 1260/1260/1260
f 1277/1277/1277 1276/1276/1276 1274/1274/1274
f 1278/1278/1278 1271/1271/1271 1270/1270/1270
f 1271/1271/1271 1278/1278/1278 1279/1279/1279
f 1278/1278/1278 1280/1280/1280 1279/1279/1279
f 1279/1279/1279 1280/1280/1280 1281/1281/1281
f 1282/1282/1282 1278/1278/1278 1270/1270/1270
f 1278/1278/1278 1282/1282/1282 1280/1280/1280
f 1276/1276/1276 1283/1283/1283 1270/1270/1270
f 1283/1283/1283 1282/1282/1282 1270/1270/1270
f 1280/1280/1280 1282/1282/1282 1284/1284/1284
f 1284/1284/1284 1282/1282/1282 1283/1283/1283
f 1280/1280/1280 1285/1285/1285 1281/1281/1281
f 1285/1285/1285 1280/1280/1280 1284/1284/1284
f 1286/1286/1286 1283/1283/1283 1276/1276/1276
f 1277/1277/1277 1286/1286/1286 1276/1276/1276
f 1287/1287/1287 1277/1277/1277 1260/1260/1260
f 1287/1287/1287 1260/1260/1260 1257/1257/1257
f 1287/1287/1287 1257/1257/1257 1261/1261/1261
f 1287/1287/1287 1288/1288/1288 1277/1277/1277
f 1288/1288/1288 1287/1287/1287 1261/1261/1261
f 1288/1288/1288 1286/1286/1286 1277/1277/1277
f 1281/1281/1281 1285/1285/1285 1289/1289/1289
f 1290/1290/1290 1281/1281/1281 1289/1289/1289
f 1289/1289/1289 1285/1285/1285 1291/1291/1291
f 1291/1291/1291 1285/1285/1285 1284/1284/1284
f 1292/1292/1292 1289/1289/1289 1291/1291/1291
f 1292/1292/1292 1291/1291/1291 1293/1293/1293
f 1291/1291/1291 1284/1284/1284 1293/1293/1293
f 1294/1294/1294 1292/1292/1292 1293/1293/1293
f 1294/1294/1294 1293/1293/1293 1295/1295/1295
f 1261/1261/1261 1296/1296/1296 1288/1288/1288
f 1262/1262/1262 1296/1296/1296 1261/1261/1261
f 1288/1288/1288 1297/1297/1297 1286/1286/1286
f 1296/1296/1296 1297/1297/1297 1288/1288/1288
f 1298/1298/1298 1296/1296/1296 1262/1262/1262
f 1296/1296/1296 1298/1298/1298 1297/1297/1297
f 1299/1299/1299 1298/1298/1298 1262/1262/1262
f 1295/1295/1295 1298/1298/1298 1299/1299/1299
f 1300/1300/1300 1295/1295/1295 1299/1299/1299
f 1299/1299/1299 1301/1301/1301 1300/1300/1300
f 1301/1301/1301 1302/1302/1302 1300/1300/1300
f 1298/1298/1298 1295/1295/1295 1303/1303/1303
f 1293/1293/1293 1303/1303/1303 1295/1295/1295
f 1298/1298/1298 1303/1303/1303 1297/1297/1297
f 1297/1297/1297 1304/1304/1304 1286/1286/1286
f 1297/1297/1297 1303/1303/1303 1304/1304/1304
f 1303/1303/1303 1293/1293/1293 1304/1304/1304
f 1286/1286/1286 1304/1304/1304 1283/1283/1283
f 1293/1293/1293 1284/1284/1284 1304/1304/1304
f 1304/1304/1304 1284/1284/1284 1283/1283/1283
f 1307/1307/1307 1306/1306/1306 1305/1305/1305
f 1306/1306/1306 1308/1308/1308 1305/1305/1305
f 1306/1306/1306 1309/1309/1309 1308/1308/1308
f 1309/1309/1309 1310/1310/1310 1308/1308/1308
f 1308/1308/1308 1311/1311/1311 1305/1305/1305
f 1311/1311/1311 1312/1312/1312 1305/1305/1305
f 1313/1313/1313 1312/1312/1312 1311/1311/1311
f 1314/1314/1314 1313/1313/1313 1311/1311/1311
f 1308/1308/1308 1310/1310/1310 1315/1315/1315
f 1311/1311/1311 1308/1308/1308 1315/1315/1315
f 1310/1310/1310 1316/1316/1316 1315/1315/1315
f 1311/1311/1311 1317/1317/1317 1314/1314/1314
f 1317/1317/1317 1311/1311/1311 1315/1315/1315
f 1316/1316/1316 1318/1318/1318 1315/1315/1315
f 1315/1315/1315 1318/1318/1318 1317/1317/1317
f 1316/1316/1316 1319/1319/1319 1318/1318/1318
f 1318/1318/1318 1319/1319/1319 1320/1320/1320
f 1318/1318/1318 1320/1320/1320 1317/1317/1317
f 1321/1321/1321 1320/1320/1320 1319/1319/1319
f 1321/1321/1321 1322/1322/1322 1320/1320/1320
f 1317/1317/1317 1323/1323/1323 1314/1314/1314
f 1324/1324/1324 1314/1314/1314 1323/1323/1323
f 1325/1325/1325 1324/1324/1324 1323/1323/1323
f 1320/1320/1320 1322/1322/1322 1326/1326/1326
f 1327/1327/1327 1326/1326/1326 1322/1322/1322
f 1320/1320/1320 1328/1328/1328 1317/1317/1317
f 1317/1317/1317 1328/1328/1328 1323/1323/1323
f 1320/1320/1320 1326/1326/1326 1328/1328/1328
f 1329/1329/1329 1325/1325/1325 1323/1323/1323
f 1328/1328/1328 1329/1329/1329 1323/1323/1323
f 1325/1325/1325 1329/1329/1329 1330/1330/1330
f 1326/1326/1326 1327/1327/1327 1331/1331/1331
f 1327/1327/1327 1332/1332/1332 1331/1331/1331
f 1332/1332/1332 1333/1333/1333 1331/1331/1331
f 1334/1334/1334 1329/1329/1329 1328/1328/1328
f 1329/1329/1329 1334/1334/1334 1330/1330/1330
f 1326/1326/1326 1335/1335/1335 1328/1328/1328
f 1334/1334/1334 1328/1328/1328 1335/1335/1335
f 1326/1326/1326 1331/1331/1331 1335/1335/1335
f 1330/1330/1330 1334/1334/1334 1336/1336/1336
f 1336/1336/1336 1334/1334/1334 1335/1335/1335
f 1337/1337/1337 1330/1330/1330 1336/1336/1336
f 1337/1337/1337 1336/1336/1336 1338/1338/1338
f 1336/1336/1336 1335/1335/1335 1338/1338/1338
f 1339/1339/1339 1337/1337/1337 1338/1338/1338
f 1340/1340/1340 1331/1331/1331 1333/1333/1333
f 1341/1341/1341 1340/1340/1340 1333/1333/1333
f 1342/1342/1342 1340/1340/1340 1341/1341/1341
f 1343/1343/1343 1340/1340/1340 1342/1342/1342
f 1342/1342/1342 1344/1344/1344 1343/1343/1343
f 1344/1344/1344 1345/1345/1345 1343/1343/1343
f 1346/1346/1346 1335/1335/1335 1331/1331/1331
f 1340/1340/1340 1346/1346/1346 1331/1331/1331
f 1335/1335/1335 1346/1346/1346 1338/1338/1338
f 1346/1346/1346 1340/1340/1340 1343/1343/1343
f 1339/1339/1339 1338/1338/1338 1347/1347/1347
f 1338/1338/1338 1346/1346/1346 1347/1347/1347
f 1348/1348/1348 1339/1339/1339 1347/1347/1347
f 1349/1349/1349 1348/1348/1348 1347/1347/1347
f 1346/1346/1346 1350/1350/1350 1347/1347/1347
f 1347/1347/1347 1350/1350/1350 1349/1349/1349
f 1350/1350/1350 1346/1346/1346 1343/1343/1343
f 1350/1350/1350 1351/1351/1351 1349/1349/1349
f 1351/1351/1351 1350/1350/1350 1343/1343/1343
f 1352/1352/1352 1349/1349/1349 1351/1351/1351
f 1353/1353/1353 1352/1352/1352 1351/1351/1351
f 1345/1345/1345 1354/1354/1354 1343/1343/1343
f 1354/1354/1354 1351/1351/1351 1343/1343/1343
f 1351/1351/1351 1354/1354/1354 1353/1353/1353
f 1355/1355/1355 1354/1354/1354 1345/1345/1345
f 1354/1354/1354 1356/1356/1356 1353/1353/1353
f 1355/1355/1355 1356/1356/1356 1354/1354/1354
f 1357/1357/1357 1356/1356/1356 1355/1355/1355
f 1360/1360/1360 1359/1359/1359 1358/1358/1358
f 1361/1361/1361 1360/1360/1360 1358/1358/1358
f 1364/1364/1364 1363/1363/1363 1362/1362/1362
f 1365/1365/1365 1364/1364/1364 1362/1362/1362
f 1368/1368/1368 1367/1367/1367 1366/1366/1366
f 1369/1369/1369 1368/1368/1368 1366/1366/1366
f 1372/1372/1372 1371/1371/1371 1370/1370/1370
f 1373/1373/1373 1372/1372/1372 1370/1370/1370
f 1376/1376/1376 1375/1375/1375 1374/1374/1374
f 1377/1377/1377 1376/1376/1376 1374/1374/1374
f 1380/1380/1380 1379/1379/1379 1378/1378/1378
f 1381/1381/1381 1380/1380/1380 1378/1378/1378
f 1381/1381/1381 1378/1378/1378 1382/1382/1382
f 1383/1383/1383 1381/1381/1381 1382/1382/1382
f 1383/1383/1383 1382/1382/1382 1384/1384/1384
f 1385/1385/1385 1383/1383/1383 1384/1384/1384
f 1385/1385/1385 1384/1384/1384 1386/1386/1386
f 1387/1387/1387 1381/1381/1381 1383/1383/1383
f 1387/1387/1387 1388/1388/1388 1381/1381/1381
f 1388/1388/1388 1389/1389/1389 1381/1381/1381
f 1390/1390/1390 1387/1387/1387 1383/1383/1383
f 1390/1390/1390 1383/1383/1383 1385/1385/1385
f 1391/1391/1391 1390/1390/1390 1385/1385/1385
f 1391/1391/1391 1385/1385/1385 1392/1392/1392
f 1392/1392/1392 1385/1385/1385 1386/1386/1386
f 1386/1386/1386 1393/1393/1393 1392/1392/1392
f 1393/1393/1393 1394/1394/1394 1392/1392/1392
f 1392/1392/1392 1394/1394/1394 1395/1395/1395
f 1392/1392/1392 1395/1395/1395 1396/1396/1396
f 1386/1386/1386 1397/1397/1397 1393/1393/1393
f 1397/1397/1397 1386/1386/1386 1398/1398/1398
f 1399/1399/1399 1398/1398/1398 1386/1386/1386
f 1399/1399/1399 1400/1400/1400 1398/1398/1398
f 1401/1401/1401 1397/1397/1397 1398/1398/1398
f 1402/1402/1402 1401/1401/1401 1398/1398/1398
f 1402/1402/1402 1403/1403/1403 1401/1401/1401
f 1401/1401/1401 1404/1404/1404 1397/1397/1397
f 1401/1401/1401 1405/1405/1405 1404/1404/1404
f 1403/1403/1403 1405/1405/1405 1401/1401/1401
f 1405/1405/1405 1406/1406/1406 1404/1404/1404
f 1404/1404/1404 1407/1407/1407 1397/1397/1397
f 1408/1408/1408 1406/1406/1406 1405/1405/1405
f 1403/1403/1403 1409/1409/1409 1405/1405/1405
f 1409/1409/1409 1408/1408/1408 1405/1405/1405
f 1409/1409/1409 1410/1410/1410 1408/1408/1408
f 1410/1410/1410 1411/1411/1411 1408/1408/1408
f 1412/1412/1412 1409/1409/1409 1403/1403/1403
f 1413/1413/1413 1412/1412/1412 1403/1403/1403
f 1397/1397/1397 1407/1407/1407 1414/1414/1414
f 1397/1397/1397 1414/1414/1414 1393/1393/1393
f 1414/1414/1414 1415/1415/1415 1393/1393/1393
f 1416/1416/1416 1393/1393/1393 1415/1415/1415
f 1393/1393/1393 1416/1416/1416 1394/1394/1394
f 1417/1417/1417 1394/1394/1394 1416/1416/1416
f 1394/1394/1394 1417/1417/1417 1418/1418/1418
f 1394/1394/1394 1418/1418/1418 1419/1419/1419
f 1418/1418/1418 1417/1417/1417 1420/1420/1420
f 1418/1418/1418 1420/1420/1420 1395/1395/1395
f 1420/1420/1420 1421/1421/1421 1395/1395/1395
f 1395/1395/1395 1421/1421/1421 1422/1422/1422
f 1423/1423/1423 1416/1416/1416 1415/1415/1415
f 1423/1423/1423 1424/1424/1424 1416/1416/1416
f 1424/1424/1424 1417/1417/1417 1416/1416/1416
f 1424/1424/1424 1425/1425/1425 1417/1417/1417
f 1425/1425/1425 1426/1426/1426 1417/1417/1417
f 1417/1417/1417 1426/1426/1426 1427/1427/1427
f 1420/1420/1420 1417/1417/1417 1427/1427/1427
f 1428/1428/1428 1423/1423/1423 1415/1415/1415
f 1428/1428/1428 1415/1415/1415 1429/1429/1429
f 1430/1430/1430 1428/1428/1428 1429/1429/1429
f 1415/1415/1415 1414/1414/1414 1429/1429/1429
f 1420/1420/1420 1427/1427/1427 1431/1431/1431
f 1427/1427/1427 1432/1432/1432 1431/1431/1431
f 1433/1433/1433 1431/1431/1431 1432/1432/1432
f 1434/1434/1434 1433/1433/1433 1432/1432/1432
f 1435/1435/1435 1433/1433/1433 1434/1434/1434
f 1436/1436/1436 1435/1435/1435 1434/1434/1434
f 1437/1437/1437 1420/1420/1420 1431/1431/1431
f 1421/1421/1421 1420/1420/1420 1437/1437/1437
f 1438/1438/1438 1437/1437/1437 1431/1431/1431
f 1439/1439/1439 1438/1438/1438 1431/1431/1431
f 1440/1440/1440 1438/1438/1438 1439/1439/1439
f 1441/1441/1441 1440/1440/1440 1439/1439/1439
f 1437/1437/1437 1442/1442/1442 1421/1421/1421
f 1443/1443/1443 1421/1421/1421 1442/1442/1442
f 1444/1444/1444 1443/1443/1443 1442/1442/1442
f 1442/1442/1442 1437/1437/1437 1445/1445/1445
f 1446/1446/1446 1444/1444/1444 1442/1442/1442
f 1447/1447/1447 1442/1442/1442 1445/1445/1445
f 1447/1447/1447 1445/1445/1445 1448/1448/1448
f 1449/1449/1449 1447/1447/1447 1448/1448/1448
f 1450/1450/1450 1446/1446/1446 1442/1442/1442
f 1451/1451/1451 1446/1446/1446 1450/1450/1450
f 1452/1452/1452 1451/1451/1451 1450/1450/1450
f 1422/1422/1422 1453/1453/1453 1396/1396/1396
f 1453/1453/1453 1455/1455/1455 1454/1454/1454
f 1455/1455/1455 1456/1456/1456 1454/1454/1454
f 1455/1455/1455 1457/1457/1457 1456/1456/1456
f 1457/1457/1457 1458/1458/1458 1456/1456/1456
f 1457/1457/1457 1459/1459/1459 1458/1458/1458
f 1459/1459/1459 1460/1460/1460 1458/1458/1458
f 1462/1462/1462 1461/1461/1461 1389/1389/1389
f 1463/1463/1463 1462/1462/1462 1389/1389/1389
f 1466/1466/1466 1465/1465/1465 1464/1464/1464
f 1465/1465/1465 1412/1412/1412 1464/1464/1464
f 1469/1469/1469 1468/1468/1468 1467/1467/1467
f 1468/1468/1468 1470/1470/1470 1467/1467/1467
f 1468/1468/1468 1430/1430/1430 1470/1470/1470
f 1430/1430/1430 1429/1429/1429 1470/1470/1470
f 1470/1470/1470 1471/1471/1471 1467/1467/1467
f 1471/1471/1471 1472/1472/1472 1467/1467/1467
f 1470/1470/1470 1429/1429/1429 1473/1473/1473
f 1471/1471/1471 1470/1470/1470 1473/1473/1473
f 1471/1471/1471 1474/1474/1474 1472/1472/1472
f 1474/1474/1474 1475/1475/1475 1472/1472/1472
f 1474/1474/1474 1471/1471/1471 1476/1476/1476
f 1471/1471/1471 1473/1473/1473 1476/1476/1476
f 1473/1473/1473 1429/1429/1429 1477/1477/1477
f 1414/1414/1414 1477/1477/1477 1429/1429/1429
f 1414/1414/1414 1407/1407/1407 1477/1477/1477
f 1473/1473/1473 1477/1477/1477 1478/1478/1478
f 1478/1478/1478 1477/1477/1477 1407/1407/1407
f 1476/1476/1476 1473/1473/1473 1478/1478/1478
f 1479/1479/1479 1478/1478/1478 1407/1407/1407
f 1480/1480/1480 1479/1479/1479 1407/1407/1407
f 1480/1480/1480 1481/1481/1481 1479/1479/1479
f 1481/1481/1481 1482/1482/1482 1479/1479/1479
f 1483/1483/1483 1482/1482/1482 1481/1481/1481
f 1484/1484/1484 1483/1483/1483 1481/1481/1481
f 1484/1484/1484 1485/1485/1485 1483/1483/1483
f 1485/1485/1485 1486/1486/1486 1483/1483/1483
f 1476/1476/1476 1478/1478/1478 1487/1487/1487
f 1488/1488/1488 1476/1476/1476 1487/1487/1487
f 1488/1488/1488 1487/1487/1487 1489/1489/1489
f 1490/1490/1490 1488/1488/1488 1489/1489/1489
f 1490/1490/1490 1489/1489/1489 1491/1491/1491
f 1489/1489/1489 1492/1492/1492 1491/1491/1491
f 1491/1491/1491 1492/1492/1492 1493/1493/1493
f 1494/1494/1494 1491/1491/1491 1493/1493/1493
f 1495/1495/1495 1474/1474/1474 1476/1476/1476
f 1496/1496/1496 1495/1495/1495 1476/1476/1476
f 1495/1495/1495 1475/1475/1475 1474/1474/1474
f 1496/1496/1496 1497/1497/1497 1495/1495/1495
f 1495/1495/1495 1498/1498/1498 1475/1475/1475
f 1497/1497/1497 1498/1498/1498 1495/1495/1495
f 1498/1498/1498 1499/1499/1499 1475/1475/1475
f 1498/1498/1498 1497/1497/1497 1500/1500/1500
f 1499/1499/1499 1498/1498/1498 1500/1500/1500
f 1497/1497/1497 1501/1501/1501 1500/1500/1500
f 1501/1501/1501 1502/1502/1502 1500/1500/1500
f 1502/1502/1502 1503/1503/1503 1500/1500/1500
f 1500/1500/1500 1504/1504/1504 1499/1499/1499
f 1504/1504/1504 1505/1505/1505 1499/1499/1499
f 1504/1504/1504 1507/1507/1507 1506/1506/1506
f 1507/1507/1507 1508/1508/1508 1506/1506/1506
f 1511/1511/1511 1510/1510/1510 1509/1509/1509
f 1512/1512/1512 1511/1511/1511 1509/1509/1509
f 1515/1515/1515 1514/1514/1514 1513/1513/1513
f 1514/1514/1514 1516/1516/1516 1513/1513/1513
f 1513/1513/1513 1516/1516/1516 1517/1517/1517
f 1513/1513/1513 1517/1517/1517 1518/1518/1518
f 1517/1517/1517 1519/1519/1519 1518/1518/1518
f 1519/1519/1519 1520/1520/1520 1518/1518/1518
f 1523/1523/1523 1522/1522/1522 1521/1521/1521
f 1524/1524/1524 1523/1523/1523 1521/1521/1521
f 1527/1527/1527 1526/1526/1526 1525/1525/1525
f 1526/1526/1526 1528/1528/1528 1525/1525/1525
f 1526/1526/1526 1529/1529/1529 1528/1528/1528
f 1529/1529/1529 1530/1530/1530 1528/1528/1528
f 1530/1530/1530 1531/1531/1531 1528/1528/1528
f 1530/1530/1530 1532/1532/1532 1531/1531/1531
f 1535/1535/1535 1534/1534/1534 1533/1533/1533
f 1534/1534/1534 1536/1536/1536 1533/1533/1533
f 1537/1537/1537 1536/1536/1536 1534/1534/1534
f 1537/1537/1537 1534/1534/1534 1538/1538/1538
f 1539/1539/1539 1537/1537/1537 1538/1538/1538
f 1540/1540/1540 1539/1539/1539 1538/1538/1538
f 1543/1543/1543 1542/1542/1542 1541/1541/1541
f 1542/1542/1542 1544/1544/1544 1541/1541/1541
f 1545/1545/1545 1544/1544/1544 1542/1542/1542
f 1542/1542/1542 1546/1546/1546 1545/1545/1545
f 1546/1546/1546 1547/1547/1547 1545/1545/1545
f 1546/1546/1546 1548/1548/1548 1547/1547/1547
f 1551/1551/1551 1550/1550/1550 1549/1549/1549
f 1552/1552/1552 1551/1551/1551 1549/1549/1549
f 1553/1553/1553 1552/1552/1552 1549/1549/1549
f 1553/1553/1553 1549/1549/1549 1554/1554/1554
f 1555/1555/1555 1553/1553/1553 1554/1554/1554
f 1556/1556/1556 1555/1555/1555 1554/1554/1554
f 1559/1559/1559 1558/1558/1558 1557/1557/1557
f 1560/1560/1560 1559/1559/1559 1557/1557/1557
f 1557/1557/1557 1561/1561/1561 1560/1560/1560
f 1560/1560/1560 1561/1561/1561 1562/1562/1562
f 1563/1563/1563 1560/1560/1560 1562/1562/1562
f 1563/1563/1563 1562/1562/1562 1564/1564/1564
f 1567/1567/1567 1566/1566/1566 1565/1565/1565
f 1568/1568/1568 1567/1567/1567 1565/1565/1565
f 1569/1569/1569 1568/1568/1568 1565/1565/1565
f 1569/1569/1569 1565/1565/1565 1570/1570/1570
f 1569/1569/1569 1570/1570/1570 1400/1400/1400
f 1571/1571/1571 1569/1569/1569 1400/1400/1400
f 1574/1574/1574 1573/1573/1573 1572/1572/1572
f 1575/1575/1575 1574/1574/1574 1572/1572/1572
f 1578/1578/1578 1577/1577/1577 1576/1576/1576
f 1579/1579/1579 1578/1578/1578 1576/1576/1576
f 1582/1582/1582 1581/1581/1581 1580/1580/1580
f 1583/1583/1583 1582/1582/1582 1580/1580/1580
f 1586/1586/1586 1585/1585/1585 1584/1584/1584
f 1587/1587/1587 1586/1586/1586 1584/1584/1584
f 1590/1590/1590 1589/1589/1589 1588/1588/1588
f 1591/1591/1591 1590/1590/1590 1588/1588/1588
f 1594/1594/1594 1593/1593/1593 1592/1592/1592
f 1593/1593/1593 1595/1595/1595 1592/1592/1592
f 1592/1592/1592 1595/1595/1595 1596/1596/1596
f 1595/1595/1595 1597/1597/1597 1596/1596/1596
f 1596/1596/1596 1597/1597/1597 1598/1598/1598
f 1597/1597/1597 1599/1599/1599 1598/1598/1598
f 1598/1598/1598 1599/1599/1599 1600/1600/1600
f 1595/1595/1595 1601/1601/1601 1597/1597/1597
f 1602/1602/1602 1601/1601/1601 1595/1595/1595
f 1603/1603/1603 1602/1602/1602 1595/1595/1595
f 1601/1601/1601 1604/1604/1604 1597/1597/1597
f 1597/1597/1597 1604/1604/1604 1599/1599/1599
f 1604/1604/1604 1605/1605/1605 1599/1599/1599
f 1599/1599/1599 1605/1605/1605 1606/1606/1606
f 1599/1599/1599 1606/1606/1606 1600/1600/1600
f 1607/1607/1607 1600/1600/1600 1606/1606/1606
f 1608/1608/1608 1607/1607/1607 1606/1606/1606
f 1608/1608/1608 1606/1606/1606 1609/1609/1609
f 1609/1609/1609 1606/1606/1606 1610/1610/1610
f 1611/1611/1611 1600/1600/1600 1607/1607/1607
f 1600/1600/1600 1611/1611/1611 1612/1612/1612
f 1612/1612/1612 1613/1613/1613 1600/1600/1600
f 1614/1614/1614 1613/1613/1613 1612/1612/1612
f 1611/1611/1611 1615/1615/1615 1612/1612/1612
f 1615/1615/1615 1616/1616/1616 1612/1612/1612
f 1617/1617/1617 1616/1616/1616 1615/1615/1615
f 1618/1618/1618 1615/1615/1615 1611/1611/1611
f 1619/1619/1619 1615/1615/1615 1618/1618/1618
f 1619/1619/1619 1617/1617/1617 1615/1615/1615
f 1620/1620/1620 1619/1619/1619 1618/1618/1618
f 1621/1621/1621 1618/1618/1618 1611/1611/1611
f 1620/1620/1620 1622/1622/1622 1619/1619/1619
f 1623/1623/1623 1617/1617/1617 1619/1619/1619
f 1622/1622/1622 1623/1623/1623 1619/1619/1619
f 1624/1624/1624 1623/1623/1623 1622/1622/1622
f 1625/1625/1625 1624/1624/1624 1622/1622/1622
f 1623/1623/1623 1626/1626/1626 1617/1617/1617
f 1626/1626/1626 1627/1627/1627 1617/1617/1617
f 1621/1621/1621 1611/1611/1611 1628/1628/1628
f 1628/1628/1628 1611/1611/1611 1607/1607/1607
f 1629/1629/1629 1628/1628/1628 1607/1607/1607
f 1607/1607/1607 1630/1630/1630 1629/1629/1629
f 1630/1630/1630 1607/1607/1607 1608/1608/1608
f 1608/1608/1608 1631/1631/1631 1630/1630/1630
f 1631/1631/1631 1608/1608/1608 1632/1632/1632
f 1632/1632/1632 1608/1608/1608 1633/1633/1633
f 1631/1631/1631 1632/1632/1632 1634/1634/1634
f 1634/1634/1634 1632/1632/1632 1609/1609/1609
f 1635/1635/1635 1634/1634/1634 1609/1609/1609
f 1635/1635/1635 1609/1609/1609 1636/1636/1636
f 1630/1630/1630 1637/1637/1637 1629/1629/1629
f 1638/1638/1638 1637/1637/1637 1630/1630/1630
f 1631/1631/1631 1638/1638/1638 1630/1630/1630
f 1639/1639/1639 1638/1638/1638 1631/1631/1631
f 1640/1640/1640 1639/1639/1639 1631/1631/1631
f 1640/1640/1640 1631/1631/1631 1641/1641/1641
f 1631/1631/1631 1634/1634/1634 1641/1641/1641
f 1637/1637/1637 1642/1642/1642 1629/1629/1629
f 1629/1629/1629 1642/1642/1642 1643/1643/1643
f 1642/1642/1642 1644/1644/1644 1643/1643/1643
f 1628/1628/1628 1629/1629/1629 1643/1643/1643
f 1641/1641/1641 1634/1634/1634 1645/1645/1645
f 1646/1646/1646 1641/1641/1641 1645/1645/1645
f 1634/1634/1634 1635/1635/1635 1647/1647/1647
f 1634/1634/1634 1647/1647/1647 1645/1645/1645
f 1645/1645/1645 1648/1648/1648 1646/1646/1646
f 1648/1648/1648 1649/1649/1649 1646/1646/1646
f 1648/1648/1648 1650/1650/1650 1649/1649/1649
f 1650/1650/1650 1651/1651/1651 1649/1649/1649
f 1647/1647/1647 1652/1652/1652 1645/1645/1645
f 1652/1652/1652 1653/1653/1653 1645/1645/1645
f 1652/1652/1652 1654/1654/1654 1653/1653/1653
f 1654/1654/1654 1655/1655/1655 1653/1653/1653
f 1656/1656/1656 1647/1647/1647 1635/1635/1635
f 1635/1635/1635 1657/1657/1657 1656/1656/1656
f 1657/1657/1657 1658/1658/1658 1656/1656/1656
f 1647/1647/1647 1656/1656/1656 1659/1659/1659
f 1658/1658/1658 1660/1660/1660 1656/1656/1656
f 1656/1656/1656 1661/1661/1661 1659/1659/1659
f 1659/1659/1659 1661/1661/1661 1662/1662/1662
f 1661/1661/1661 1663/1663/1663 1662/1662/1662
f 1660/1660/1660 1664/1664/1664 1656/1656/1656
f 1660/1660/1660 1665/1665/1665 1664/1664/1664
f 1665/1665/1665 1666/1666/1666 1664/1664/1664
f 1667/1667/1667 1636/1636/1636 1610/1610/1610
f 1669/1669/1669 1667/1667/1667 1668/1668/1668
f 1670/1670/1670 1669/1669/1669 1668/1668/1668
f 1671/1671/1671 1669/1669/1669 1670/1670/1670
f 1672/1672/1672 1671/1671/1671 1670/1670/1670
f 1673/1673/1673 1671/1671/1671 1672/1672/1672
f 1674/1674/1674 1673/1673/1673 1672/1672/1672
f 1676/1676/1676 1675/1675/1675 1603/1603/1603
f 1677/1677/1677 1676/1676/1676 1603/1603/1603
f 1680/1680/1680 1679/1679/1679 1678/1678/1678
f 1626/1626/1626 1680/1680/1680 1678/1678/1678
f 1683/1683/1683 1682/1682/1682 1681/1681/1681
f 1684/1684/1684 1683/1683/1683 1681/1681/1681
f 1644/1644/1644 1683/1683/1683 1684/1684/1684
f 1643/1643/1643 1644/1644/1644 1684/1684/1684
f 1685/1685/1685 1684/1684/1684 1681/1681/1681
f 1686/1686/1686 1685/1685/1685 1681/1681/1681
f 1643/1643/1643 1684/1684/1684 1687/1687/1687
f 1684/1684/1684 1685/1685/1685 1687/1687/1687
f 1688/1688/1688 1685/1685/1685 1686/1686/1686
f 1689/1689/1689 1688/1688/1688 1686/1686/1686
f 1685/1685/1685 1688/1688/1688 1690/1690/1690
f 1687/1687/1687 1685/1685/1685 1690/1690/1690
f 1643/1643/1643 1687/1687/1687 1691/1691/1691
f 1691/1691/1691 1628/1628/1628 1643/1643/1643
f 1621/1621/1621 1628/1628/1628 1691/1691/1691
f 1691/1691/1691 1687/1687/1687 1692/1692/1692
f 1691/1691/1691 1692/1692/1692 1621/1621/1621
f 1687/1687/1687 1690/1690/1690 1692/1692/1692
f 1692/1692/1692 1693/1693/1693 1621/1621/1621
f 1693/1693/1693 1694/1694/1694 1621/1621/1621
f 1695/1695/1695 1694/1694/1694 1693/1693/1693
f 1696/1696/1696 1695/1695/1695 1693/1693/1693
f 1696/1696/1696 1697/1697/1697 1695/1695/1695
f 1697/1697/1697 1698/1698/1698 1695/1695/1695
f 1699/1699/1699 1698/1698/1698 1697/1697/1697
f 1700/1700/1700 1699/1699/1699 1697/1697/1697
f 1692/1692/1692 1690/1690/1690 1701/1701/1701
f 1690/1690/1690 1702/1702/1702 1701/1701/1701
f 1701/1701/1701 1702/1702/1702 1703/1703/1703
f 1702/1702/1702 1704/1704/1704 1703/1703/1703
f 1703/1703/1703 1704/1704/1704 1705/1705/1705
f 1706/1706/1706 1703/1703/1703 1705/1705/1705
f 1706/1706/1706 1705/1705/1705 1707/1707/1707
f 1705/1705/1705 1708/1708/1708 1707/1707/1707
f 1710/1710/1710 1709/1709/1709 1690/1690/1690
f 1688/1688/1688 1710/1710/1710 1690/1690/1690
f 1689/1689/1689 1710/1710/1710 1688/1688/1688
f 1711/1711/1711 1709/1709/1709 1710/1710/1710
f 1712/1712/1712 1710/1710/1710 1689/1689/1689
f 1712/1712/1712 1711/1711/1711 1710/1710/1710
f 1713/1713/1713 1712/1712/1712 1689/1689/1689
f 1711/1711/1711 1712/1712/1712 1714/1714/1714
f 1712/1712/1712 1713/1713/1713 1714/1714/1714
f 1715/1715/1715 1711/1711/1711 1714/1714/1714
f 1716/1716/1716 1715/1715/1715 1714/1714/1714
f 1717/1717/1717 1716/1716/1716 1714/1714/1714
f 1718/1718/1718 1714/1714/1714 1713/1713/1713
f 1719/1719/1719 1718/1718/1718 1713/1713/1713
f 1721/1721/1721 1718/1718/1718 1720/1720/1720
f 1722/1722/1722 1721/1721/1721 1720/1720/1720
f 1725/1725/1725 1724/1724/1724 1723/1723/1723
f 1726/1726/1726 1725/1725/1725 1723/1723/1723
f 1729/1729/1729 1728/1728/1728 1727/1727/1727
f 1730/1730/1730 1729/1729/1729 1727/1727/1727
f 1730/1730/1730 1727/1727/1727 1731/1731/1731
f 1731/1731/1731 1727/1727/1727 1732/1732/1732
f 1733/1733/1733 1731/1731/1731 1732/1732/1732
f 1734/1734/1734 1733/1733/1733 1732/1732/1732
f 1737/1737/1737 1736/1736/1736 1735/1735/1735
f 1738/1738/1738 1737/1737/1737 1735/1735/1735
f 1741/1741/1741 1740/1740/1740 1739/1739/1739
f 1742/1742/1742 1741/1741/1741 1739/1739/1739
f 1743/1743/1743 1741/1741/1741 1742/1742/1742
f 1744/1744/1744 1743/1743/1743 1742/1742/1742
f 1745/1745/1745 1744/1744/1744 1742/1742/1742
f 1746/1746/1746 1744/1744/1744 1745/1745/1745
f 1749/1749/1749 1748/1748/1748 1747/1747/1747
f 1750/1750/1750 1749/1749/1749 1747/1747/1747
f 1750/1750/1750 1751/1751/1751 1749/1749/1749
f 1749/1749/1749 1751/1751/1751 1752/1752/1752
f 1751/1751/1751 1753/1753/1753 1752/1752/1752
f 1753/1753/1753 1754/1754/1754 1752/1752/1752
f 1757/1757/1757 1756/1756/1756 1755/1755/1755
f 1758/1758/1758 1757/1757/1757 1755/1755/1755
f 1758/1758/1758 1759/1759/1759 1757/1757/1757
f 1760/1760/1760 1757/1757/1757 1759/1759/1759
f 1761/1761/1761 1760/1760/1760 1759/1759/1759
f 1762/1762/1762 1760/1760/1760 1761/1761/1761
f 1765/1765/1765 1764/1764/1764 1763/1763/1763
f 1764/1764/1764 1766/1766/1766 1763/1763/1763
f 1766/1766/1766 1767/1767/1767 1763/1763/1763
f 1763/1763/1763 1767/1767/1767 1768/1768/1768
f 1767/1767/1767 1769/1769/1769 1768/1768/1768
f 1769/1769/1769 1770/1770/1770 1768/1768/1768
f 1773/1773/1773 1772/1772/1772 1771/1771/1771
f 1772/1772/1772 1774/1774/1774 1771/1771/1771
f 1775/1775/1775 1771/1771/1771 1774/1774/1774
f 1775/1775/1775 1774/1774/1774 1776/1776/1776
f 1774/1774/1774 1777/1777/1777 1776/1776/1776
f 1776/1776/1776 1777/1777/1777 1778/1778/1778
f 1781/1781/1781 1780/1780/1780 1779/1779/1779
f 1780/1780/1780 1782/1782/1782 1779/1779/1779
f 1782/1782/1782 1783/1783/1783 1779/1779/1779
f 1779/1779/1779 1783/1783/1783 1784/1784/1784
f 1784/1784/1784 1783/1783/1783 1614/1614/1614
f 1783/1783/1783 1785/1785/1785 1614/1614/1614
f 1788/1788/1788 1787/1787/1787 1786/1786/1786
f 1789/1789/1789 1788/1788/1788 1786/1786/1786
f 1788/1788/1788 1789/1789/1789 1790/1790/1790
f 1789/1789/1789 1791/1791/1791 1790/1790/1790
f 1792/1792/1792 1790/1790/1790 1791/1791/1791
f 1793/1793/1793 1792/1792/1792 1791/1791/1791
f 1792/1792/1792 1793/1793/1793 1794/1794/1794
f 1793/1793/1793 1795/1795/1795 1794/1794/1794
f 1796/1796/1796 1794/1794/1794 1795/1795/1795
f 1797/1797/1797 1796/1796/1796 1795/1795/1795
f 1795/1795/1795 1798/1798/1798 1797/1797/1797
f 1799/1799/1799 1796/1796/1796 1797/1797/1797
f 1802/1802/1802 1801/1801/1801 1800/1800/1800
f 1801/1801/1801 1803/1803/1803 1800/1800/1800
f 1801/1801/1801 1804/1804/1804 1803/1803/1803
f 1804/1804/1804 1805/1805/1805 1803/1803/1803
f 1804/1804/1804 1806/1806/1806 1805/1805/1805
f 1806/1806/1806 1807/1807/1807 1805/1805/1805
f 1807/1807/1807 1806/1806/1806 1808/1808/1808
f 1809/1809/1809 1807/1807/1807 1808/1808/1808
f 1809/1809/1809 1808/1808/1808 1810/1810/1810
f 1811/1811/1811 1809/1809/1809 1810/1810/1810
f 1810/1810/1810 1812/1812/1812 1811/1811/1811
f 1813/1813/1813 1809/1809/1809 1811/1811/1811
f 1814/1814/1814 1809/1809/1809 1813/1813/1813
f 1817/1817/1817 1816/1816/1816 1815/1815/1815
f 1816/1816/1816 1818/1818/1818 1815/1815/1815
f 1818/1818/1818 1816/1816/1816 1819/1819/1819
f 1820/1820/1820 1818/1818/1818 1819/1819/1819
f 1819/1819/1819 1821/1821/1821 1820/1820/1820
f 1821/1821/1821 1822/1822/1822 1820/1820/1820
f 1822/1822/1822 1821/1821/1821 1823/1823/1823
f 1824/1824/1824 1822/1822/1822 1823/1823/1823
f 1823/1823/1823 1825/1825/1825 1824/1824/1824
f 1825/1825/1825 1826/1826/1826 1824/1824/1824
f 1827/1827/1827 1824/1824/1824 1826/1826/1826
f 1825/1825/1825 1828/1828/1828 1826/1826/1826
f 1831/1831/1831 1830/1830/1830 1829/1829/1829
f 1832/1832/1832 1831/1831/1831 1829/1829/1829
f 1833/1833/1833 1831/1831/1831 1832/1832/1832
f 1834/1834/1834 1833/1833/1833 1832/1832/1832
f 1835/1835/1835 1833/1833/1833 1834/1834/1834
f 1836/1836/1836 1835/1835/1835 1834/1834/1834
f 1835/1835/1835 1836/1836/1836 1837/1837/1837
f 1836/1836/1836 1838/1838/1838 1837/1837/1837
f 1837/1837/1837 1838/1838/1838 1839/1839/1839
f 1839/1839/1839 1838/1838/1838 1840/1840/1840
f 1840/1840/1840 1841/1841/1841 1839/1839/1839
f 1838/1838/1838 1842/1842/1842 1840/1840/1840
f 1838/1838/1838 1843/1843/1843 1842/1842/1842
f 1846/1846/1846 1845/1845/1845 1844/1844/1844
f 1846/1846/1846 1844/1844/1844 1847/1847/1847
f 1848/1848/1848 1847/1847/1847 1844/1844/1844
f 1848/1848/1848 1849/1849/1849 1847/1847/1847
f 1846/1846/1846 1847/1847/1847 1850/1850/1850
f 1847/1847/1847 1849/1849/1849 1851/1851/1851
f 1847/1847/1847 1852/1852/1852 1850/1850/1850
f 1852/1852/1852 1847/1847/1847 1851/1851/1851
f 1850/1850/1850 1852/1852/1852 1853/1853/1853
f 1851/1851/1851 1853/1853/1853 1852/1852/1852
f 1854/1854/1854 1850/1850/1850 1853/1853/1853
f 1851/1851/1851 1855/1855/1855 1853/1853/1853
f 1853/1853/1853 1856/1856/1856 1854/1854/1854
f 1855/1855/1855 1856/1856/1856 1853/1853/1853
f 1855/1855/1855 1857/1857/1857 1856/1856/1856
f 1856/1856/1856 1858/1858/1858 1854/1854/1854
f 1857/1857/1857 1859/1859/1859 1856/1856/1856
f 1860/1860/1860 1858/1858/1858 1856/1856/1856
f 1859/1859/1859 1860/1860/1860 1856/1856/1856
f 1860/1860/1860 1861/1861/1861 1858/1858/1858
f 1860/1860/1860 1859/1859/1859 1862/1862/1862
f 1861/1861/1861 1860/1860/1860 1863/1863/1863
f 1864/1864/1864 1860/1860/1860 1862/1862/1862
f 1860/1860/1860 1864/1864/1864 1863/1863/1863
f 1864/1864/1864 1862/1862/1862 1865/1865/1865
f 1863/1863/1863 1864/1864/1864 1866/1866/1866
f 1867/1867/1867 1864/1864/1864 1865/1865/1865
f 1864/1864/1864 1867/1867/1867 1866/1866/1866
f 1867/1867/1867 1865/1865/1865 1868/1868/1868
f 1866/1866/1866 1867/1867/1867 1869/1869/1869
f 1870/1870/1870 1867/1867/1867 1868/1868/1868
f 1867/1867/1867 1870/1870/1870 1869/1869/1869
f 1873/1873/1873 1872/1872/1872 1871/1871/1871
f 1873/1873/1873 1871/1871/1871 1874/1874/1874
f 1874/1874/1874 1875/1875/1875 1873/1873/1873
f 1876/1876/1876 1875/1875/1875 1874/1874/1874
f 1874/1874/1874 1871/1871/1871 1877/1877/1877
f 1876/1876/1876 1874/1874/1874 1878/1878/1878
f 1879/1879/1879 1874/1874/1874 1877/1877/1877
f 1874/1874/1874 1879/1879/1879 1878/1878/1878
f 1879/1879/1879 1877/1877/1877 1880/1880/1880
f 1880/1880/1880 1878/1878/1878 1879/1879/1879
f 1877/1877/1877 1881/1881/1881 1880/1880/1880
f 1882/1882/1882 1878/1878/1878 1880/1880/1880
f 1883/1883/1883 1880/1880/1880 1881/1881/1881
f 1883/1883/1883 1882/1882/1882 1880/1880/1880
f 1884/1884/1884 1882/1882/1882 1883/1883/1883
f 1885/1885/1885 1883/1883/1883 1881/1881/1881
f 1886/1886/1886 1884/1884/1884 1883/1883/1883
f 1885/1885/1885 1887/1887/1887 1883/1883/1883
f 1887/1887/1887 1886/1886/1886 1883/1883/1883
f 1885/1885/1885 1888/1888/1888 1887/1887/1887
f 1886/1886/1886 1887/1887/1887 1889/1889/1889
f 1887/1887/1887 1888/1888/1888 1890/1890/1890
f 1887/1887/1887 1891/1891/1891 1889/1889/1889
f 1891/1891/1891 1887/1887/1887 1890/1890/1890
f 1889/1889/1889 1891/1891/1891 1892/1892/1892
f 1891/1891/1891 1890/1890/1890 1893/1893/1893
f 1891/1891/1891 1894/1894/1894 1892/1892/1892
f 1894/1894/1894 1891/1891/1891 1893/1893/1893
f 1892/1892/1892 1894/1894/1894 1895/1895/1895
f 1894/1894/1894 1893/1893/1893 1896/1896/1896
f 1894/1894/1894 1897/1897/1897 1895/1895/1895
f 1897/1897/1897 1894/1894/1894 1896/1896/1896
f 1900/1900/1900 1899/1899/1899 1898/1898/1898
f 1899/1899/1899 1901/1901/1901 1898/1898/1898
f 1901/1901/1901 1899/1899/1899 1902/1902/1902
f 1903/1903/1903 1901/1901/1901 1902/1902/1902
f 1903/1903/1903 1902/1902/1902 1904/1904/1904
f 1905/1905/1905 1903/1903/1903 1904/1904/1904
f 1904/1904/1904 1906/1906/1906 1905/1905/1905
f 1906/1906/1906 1907/1907/1907 1905/1905/1905
f 1910/1910/1910 1909/1909/1909 1908/1908/1908
f 1911/1911/1911 1909/1909/1909 1910/1910/1910
f 1912/1912/1912 1911/1911/1911 1910/1910/1910
f 1911/1911/1911 1913/1913/1913 1909/1909/1909
f 1914/1914/1914 1911/1911/1911 1912/1912/1912
f 1913/1913/1913 1911/1911/1911 1915/1915/1915
f 1914/1914/1914 1916/1916/1916 1911/1911/1911
f 1911/1911/1911 1917/1917/1917 1915/1915/1915
f 1911/1911/1911 1916/1916/1916 1917/1917/1917
f 1920/1920/1920 1919/1919/1919 1918/1918/1918
f 1920/1920/1920 1918/1918/1918 1921/1921/1921
f 1920/1920/1920 1921/1921/1921 1922/1922/1922
f 1920/1920/1920 1922/1922/1922 1923/1923/1923
f 1926/1926/1926 1925/1925/1925 1924/1924/1924
f 1925/1925/1925 1927/1927/1927 1924/1924/1924
f 1927/1927/1927 1925/1925/1925 1928/1928/1928
f 1924/1924/1924 1927/1927/1927 1929/1929/1929
f 1930/1930/1930 1927/1927/1927 1928/1928/1928
f 1927/1927/1927 1930/1930/1930 1929/1929/1929
f 1930/1930/1930 1928/1928/1928 1931/1931/1931
f 1928/1928/1928 1932/1932/1932 1931/1931/1931
f 1930/1930/1930 1931/1931/1931 1933/1933/1933
f 1934/1934/1934 1930/1930/1930 1933/1933/1933
f 1933/1933/1933 1935/1935/1935 1934/1934/1934
f 1924/1924/1924 1929/1929/1929 1936/1936/1936
f 1937/1937/1937 1924/1924/1924 1936/1936/1936
f 1938/1938/1938 1937/1937/1937 1936/1936/1936
f 1929/1929/1929 1930/1930/1930 1939/1939/1939
f 1930/1930/1930 1934/1934/1934 1939/1939/1939
f 1940/1940/1940 1938/1938/1938 1936/1936/1936
f 1941/1941/1941 1938/1938/1938 1940/1940/1940
f 1936/1936/1936 1929/1929/1929 1942/1942/1942
f 1929/1929/1929 1939/1939/1939 1942/1942/1942
f 1942/1942/1942 1940/1940/1940 1936/1936/1936
f 1940/1940/1940 1942/1942/1942 1939/1939/1939
f 1943/1943/1943 1940/1940/1940 1939/1939/1939
f 1943/1943/1943 1939/1939/1939 1934/1934/1934
f 1940/1940/1940 1943/1943/1943 1941/1941/1941
f 1935/1935/1935 1944/1944/1944 1934/1934/1934
f 1934/1934/1934 1944/1944/1944 1943/1943/1943
f 1945/1945/1945 1941/1941/1941 1943/1943/1943
f 1944/1944/1944 1945/1945/1945 1943/1943/1943
f 1946/1946/1946 1941/1941/1941 1945/1945/1945
f 1945/1945/1945 1947/1947/1947 1946/1946/1946
f 1947/1947/1947 1945/1945/1945 1944/1944/1944
f 1946/1946/1946 1947/1947/1947 1948/1948/1948
f 1944/1944/1944 1935/1935/1935 1949/1949/1949
f 1949/1949/1949 1947/1947/1947 1944/1944/1944
f 1935/1935/1935 1950/1950/1950 1949/1949/1949
f 1949/1949/1949 1950/1950/1950 1951/1951/1951
f 1947/1947/1947 1949/1949/1949 1951/1951/1951
f 1950/1950/1950 1952/1952/1952 1951/1951/1951
f 1947/1947/1947 1953/1953/1953 1948/1948/1948
f 1953/1953/1953 1947/1947/1947 1951/1951/1951
f 1953/1953/1953 1954/1954/1954 1948/1948/1948
f 1951/1951/1951 1952/1952/1952 1955/1955/1955
f 1951/1951/1951 1955/1955/1955 1953/1953/1953
f 1952/1952/1952 1956/1956/1956 1955/1955/1955
f 1956/1956/1956 1957/1957/1957 1955/1955/1955
f 1957/1957/1957 1958/1958/1958 1955/1955/1955
f 1955/1955/1955 1959/1959/1959 1953/1953/1953
f 1955/1955/1955 1958/1958/1958 1959/1959/1959
f 1954/1954/1954 1953/1953/1953 1959/1959/1959
f 1958/1958/1958 1960/1960/1960 1959/1959/1959
f 1959/1959/1959 1960/1960/1960 1954/1954/1954
f 1961/1961/1961 1954/1954/1954 1960/1960/1960
f 1964/1964/1964 1963/1963/1963 1962/1962/1962
f 1963/1963/1963 1965/1965/1965 1962/1962/1962
f 1962/1962/1962 1965/1965/1965 1966/1966/1966
f 1965/1965/1965 1963/1963/1963 1967/1967/1967
f 1965/1965/1965 1968/1968/1968 1966/1966/1966
f 1966/1966/1966 1968/1968/1968 1969/1969/1969
f 1970/1970/1970 1965/1965/1965 1967/1967/1967
f 1970/1970/1970 1967/1967/1967 1971/1971/1971
f 1972/1972/1972 1968/1968/1968 1965/1965/1965
f 1969/1969/1969 1968/1968/1968 1972/1972/1972
f 1970/1970/1970 1972/1972/1972 1965/1965/1965
f 1973/1973/1973 1970/1970/1970 1971/1971/1971
f 1971/1971/1971 1974/1974/1974 1973/1973/1973
f 1974/1974/1974 1975/1975/1975 1973/1973/1973
f 1976/1976/1976 1973/1973/1973 1975/1975/1975
f 1970/1970/1970 1973/1973/1973 1976/1976/1976
f 1977/1977/1977 1976/1976/1976 1975/1975/1975
f 1970/1970/1970 1976/1976/1976 1978/1978/1978
f 1978/1978/1978 1976/1976/1976 1977/1977/1977
f 1970/1970/1970 1978/1978/1978 1972/1972/1972
f 1979/1979/1979 1978/1978/1978 1977/1977/1977
f 1979/1979/1979 1980/1980/1980 1978/1978/1978
f 1980/1980/1980 1981/1981/1981 1978/1978/1978
f 1978/1978/1978 1981/1981/1981 1972/1972/1972
f 1980/1980/1980 1982/1982/1982 1981/1981/1981
f 1983/1983/1983 1969/1969/1969 1972/1972/1972
f 1983/1983/1983 1972/1972/1972 1981/1981/1981
f 1982/1982/1982 1983/1983/1983 1981/1981/1981
f 1984/1984/1984 1969/1969/1969 1983/1983/1983
f 1984/1984/1984 1983/1983/1983 1982/1982/1982
f 1987/1987/1987 1986/1986/1986 1985/1985/1985
f 1986/1986/1986 1988/1988/1988 1985/1985/1985
f 1989/1989/1989 1988/1988/1988 1986/1986/1986
f 1990/1990/1990 1985/1985/1985 1988/1988/1988
f 1989/1989/1989 1991/1991/1991 1988/1988/1988
f 1991/1991/1991 1989/1989/1989 1992/1992/1992
f 1991/1991/1991 1992/1992/1992 1993/1993/1993
f 1994/1994/1994 1990/1990/1990 1988/1988/1988
f 1988/1988/1988 1991/1991/1991 1994/1994/1994
f 1995/1995/1995 1991/1991/1991 1993/1993/1993
f 1993/1993/1993 1996/1996/1996 1995/1995/1995
f 1994/1994/1994 1997/1997/1997 1990/1990/1990
f 1997/1997/1997 1998/1998/1998 1990/1990/1990
f 1991/1991/1991 1999/1999/1999 1994/1994/1994
f 1999/1999/1999 1991/1991/1991 1995/1995/1995
f 1996/1996/1996 2000/2000/2000 1995/1995/1995
f 2000/2000/2000 1996/1996/1996 2001/2001/2001
f 1999/1999/1999 2002/2002/2002 1994/1994/1994
f 2002/2002/2002 1997/1997/1997 1994/1994/1994
f 2003/2003/2003 1999/1999/1999 1995/1995/1995
f 2003/2003/2003 1995/1995/1995 2000/2000/2000
f 2002/2002/2002 1999/1999/1999 2003/2003/2003
f 1997/1997/1997 2004/2004/2004 1998/1998/1998
f 2004/2004/2004 2005/2005/2005 1998/1998/1998
f 2006/2006/2006 2000/2000/2000 2001/2001/2001
f 2001/2001/2001 2007/2007/2007 2006/2006/2006
f 1997/1997/1997 2008/2008/2008 2004/2004/2004
f 1997/1997/1997 2002/2002/2002 2008/2008/2008
f 2005/2005/2005 2004/2004/2004 2009/2009/2009
f 2009/2009/2009 2004/2004/2004 2008/2008/2008
f 2010/2010/2010 2005/2005/2005 2009/2009/2009
f 2009/2009/2009 2011/2011/2011 2010/2010/2010
f 2011/2011/2011 2012/2012/2012 2010/2010/2010
f 2013/2013/2013 2009/2009/2009 2008/2008/2008
f 2011/2011/2011 2009/2009/2009 2013/2013/2013
f 2014/2014/2014 2008/2008/2008 2002/2002/2002
f 2008/2008/2008 2014/2014/2014 2013/2013/2013
f 2000/2000/2000 2006/2006/2006 2015/2015/2015
f 2015/2015/2015 2003/2003/2003 2000/2000/2000
f 2016/2016/2016 2002/2002/2002 2003/2003/2003
f 2014/2014/2014 2002/2002/2002 2016/2016/2016
f 2011/2011/2011 2017/2017/2017 2012/2012/2012
f 2018/2018/2018 2017/2017/2017 2011/2011/2011
f 2017/2017/2017 2019/2019/2019 2012/2012/2012
f 2019/2019/2019 2017/2017/2017 2020/2020/2020
f 2017/2017/2017 2018/2018/2018 2020/2020/2020
f 2021/2021/2021 2019/2019/2019 2020/2020/2020
f 2018/2018/2018 2022/2022/2022 2020/2020/2020
f 2023/2023/2023 2022/2022/2022 2018/2018/2018
f 2003/2003/2003 2015/2015/2015 2024/2024/2024
f 2016/2016/2016 2003/2003/2003 2024/2024/2024
f 2025/2025/2025 2018/2018/2018 2011/2011/2011
f 2025/2025/2025 2011/2011/2011 2013/2013/2013
f 2013/2013/2013 2026/2026/2026 2025/2025/2025
f 2014/2014/2014 2026/2026/2026 2013/2013/2013
f 2025/2025/2025 2027/2027/2027 2018/2018/2018
f 2026/2026/2026 2027/2027/2027 2025/2025/2025
f 2028/2028/2028 2023/2023/2023 2018/2018/2018
f 2027/2027/2027 2028/2028/2028 2018/2018/2018
f 2023/2023/2023 2028/2028/2028 2029/2029/2029
f 2029/2029/2029 2028/2028/2028 2027/2027/2027
f 2030/2030/2030 2023/2023/2023 2029/2029/2029
f 2031/2031/2031 2030/2030/2030 2029/2029/2029
f 2032/2032/2032 2026/2026/2026 2014/2014/2014
f 2026/2026/2026 2032/2032/2032 2027/2027/2027
f 2033/2033/2033 2014/2014/2014 2016/2016/2016
f 2033/2033/2033 2032/2032/2032 2014/2014/2014
f 2034/2034/2034 2029/2029/2029 2027/2027/2027
f 2032/2032/2032 2034/2034/2034 2027/2027/2027
f 2035/2035/2035 2031/2031/2031 2029/2029/2029
f 2029/2029/2029 2034/2034/2034 2035/2035/2035
f 2036/2036/2036 2033/2033/2033 2016/2016/2016
f 2024/2024/2024 2036/2036/2036 2016/2016/2016
f 2032/2032/2032 2033/2033/2033 2037/2037/2037
f 2033/2033/2033 2036/2036/2036 2037/2037/2037
f 2038/2038/2038 2034/2034/2034 2032/2032/2032
f 2034/2034/2034 2038/2038/2038 2035/2035/2035
f 2037/2037/2037 2038/2038/2038 2032/2032/2032
f 2035/2035/2035 2039/2039/2039 2031/2031/2031
f 2039/2039/2039 2040/2040/2040 2031/2031/2031
f 2041/2041/2041 2040/2040/2040 2039/2039/2039
f 2038/2038/2038 2042/2042/2042 2035/2035/2035
f 2042/2042/2042 2038/2038/2038 2037/2037/2037
f 2042/2042/2042 2039/2039/2039 2035/2035/2035
f 2043/2043/2043 2036/2036/2036 2024/2024/2024
f 2037/2037/2037 2036/2036/2036 2043/2043/2043
f 2044/2044/2044 2041/2041/2041 2039/2039/2039
f 2041/2041/2041 2044/2044/2044 2045/2045/2045
f 2044/2044/2044 2039/2039/2039 2046/2046/2046
f 2039/2039/2039 2042/2042/2042 2046/2046/2046
f 2047/2047/2047 2042/2042/2042 2037/2037/2037
f 2047/2047/2047 2037/2037/2037 2043/2043/2043
f 2044/2044/2044 2048/2048/2048 2045/2045/2045
f 2044/2044/2044 2046/2046/2046 2048/2048/2048
f 2042/2042/2042 2047/2047/2047 2049/2049/2049
f 2046/2046/2046 2042/2042/2042 2049/2049/2049
f 2049/2049/2049 2047/2047/2047 2050/2050/2050
f 2047/2047/2047 2043/2043/2043 2050/2050/2050
f 2051/2051/2051 2043/2043/2043 2024/2024/2024
f 2024/2024/2024 2015/2015/2015 2051/2051/2051
f 2049/2049/2049 2052/2052/2052 2046/2046/2046
f 2052/2052/2052 2049/2049/2049 2050/2050/2050
f 2045/2045/2045 2048/2048/2048 2053/2053/2053
f 2054/2054/2054 2045/2045/2045 2053/2053/2053
f 2055/2055/2055 2054/2054/2054 2053/2053/2053
f 2046/2046/2046 2056/2056/2056 2048/2048/2048
f 2052/2052/2052 2056/2056/2056 2046/2046/2046
f 2057/2057/2057 2053/2053/2053 2048/2048/2048
f 2056/2056/2056 2057/2057/2057 2048/2048/2048
f 2058/2058/2058 2055/2055/2055 2053/2053/2053
f 2053/2053/2053 2057/2057/2057 2058/2058/2058
f 2043/2043/2043 2051/2051/2051 2059/2059/2059
f 2050/2050/2050 2043/2043/2043 2059/2059/2059
f 2052/2052/2052 2060/2060/2060 2056/2056/2056
f 2060/2060/2060 2057/2057/2057 2056/2056/2056
f 2058/2058/2058 2061/2061/2061 2055/2055/2055
f 2061/2061/2061 2062/2062/2062 2055/2055/2055
f 2062/2062/2062 2061/2061/2061 2063/2063/2063
f 2064/2064/2064 2059/2059/2059 2051/2051/2051
f 2050/2050/2050 2059/2059/2059 2065/2065/2065
f 2059/2059/2059 2064/2064/2064 2065/2065/2065
f 2066/2066/2066 2052/2052/2052 2050/2050/2050
f 2066/2066/2066 2050/2050/2050 2065/2065/2065
f 2067/2067/2067 2060/2060/2060 2052/2052/2052
f 2066/2066/2066 2067/2067/2067 2052/2052/2052
f 2060/2060/2060 2068/2068/2068 2057/2057/2057
f 2068/2068/2068 2060/2060/2060 2067/2067/2067
f 2057/2057/2057 2069/2069/2069 2058/2058/2058
f 2068/2068/2068 2069/2069/2069 2057/2057/2057
f 2070/2070/2070 2061/2061/2061 2058/2058/2058
f 2069/2069/2069 2070/2070/2070 2058/2058/2058
f 2065/2065/2065 2071/2071/2071 2066/2066/2066
f 2071/2071/2071 2067/2067/2067 2066/2066/2066
f 2072/2072/2072 2064/2064/2064 2051/2051/2051
f 2015/2015/2015 2072/2072/2072 2051/2051/2051
f 2006/2006/2006 2072/2072/2072 2015/2015/2015
f 2072/2072/2072 2006/2006/2006 2073/2073/2073
f 2064/2064/2064 2072/2072/2072 2073/2073/2073
f 2007/2007/2007 2073/2073/2073 2006/2006/2006
f 2007/2007/2007 2074/2074/2074 2073/2073/2073
f 2064/2064/2064 2075/2075/2075 2065/2065/2065
f 2064/2064/2064 2073/2073/2073 2075/2075/2075
f 2065/2065/2065 2075/2075/2075 2071/2071/2071
f 2074/2074/2074 2076/2076/2076 2073/2073/2073
f 2073/2073/2073 2076/2076/2076 2075/2075/2075
f 2077/2077/2077 2076/2076/2076 2074/2074/2074
f 2076/2076/2076 2077/2077/2077 2075/2075/2075
f 2078/2078/2078 2077/2077/2077 2074/2074/2074
f 2078/2078/2078 2079/2079/2079 2077/2077/2077
f 2075/2075/2075 2080/2080/2080 2071/2071/2071
f 2077/2077/2077 2080/2080/2080 2075/2075/2075
f 2080/2080/2080 2081/2081/2081 2071/2071/2071
f 2081/2081/2081 2080/2080/2080 2077/2077/2077
f 2079/2079/2079 2082/2082/2082 2077/2077/2077
f 2082/2082/2082 2081/2081/2081 2077/2077/2077
f 2082/2082/2082 2079/2079/2079 2083/2083/2083
f 2082/2082/2082 2083/2083/2083 2081/2081/2081
f 2079/2079/2079 2084/2084/2084 2083/2083/2083
f 2084/2084/2084 2085/2085/2085 2083/2083/2083
f 2081/2081/2081 2086/2086/2086 2071/2071/2071
f 2067/2067/2067 2071/2071/2071 2086/2086/2086
f 2083/2083/2083 2087/2087/2087 2081/2081/2081
f 2086/2086/2086 2081/2081/2081 2087/2087/2087
f 2088/2088/2088 2067/2067/2067 2086/2086/2086
f 2088/2088/2088 2068/2068/2068 2067/2067/2067
f 2088/2088/2088 2086/2086/2086 2089/2089/2089
f 2089/2089/2089 2086/2086/2086 2087/2087/2087
f 2068/2068/2068 2088/2088/2088 2090/2090/2090
f 2090/2090/2090 2088/2088/2088 2089/2089/2089
f 2089/2089/2089 2087/2087/2087 2091/2091/2091
f 2089/2089/2089 2091/2091/2091 2090/2090/2090
f 2092/2092/2092 2087/2087/2087 2083/2083/2083
f 2087/2087/2087 2092/2092/2092 2091/2091/2091
f 2085/2085/2085 2093/2093/2093 2083/2083/2083
f 2093/2093/2093 2092/2092/2092 2083/2083/2083
f 2094/2094/2094 2093/2093/2093 2085/2085/2085
f 2095/2095/2095 2094/2094/2094 2085/2085/2085
f 2093/2093/2093 2094/2094/2094 2096/2096/2096
f 2092/2092/2092 2093/2093/2093 2096/2096/2096
f 2092/2092/2092 2096/2096/2096 2097/2097/2097
f 2091/2091/2091 2092/2092/2092 2097/2097/2097
f 2091/2091/2091 2097/2097/2097 2098/2098/2098
f 2099/2099/2099 2091/2091/2091 2098/2098/2098
f 2091/2091/2091 2099/2099/2099 2090/2090/2090
f 2099/2099/2099 2098/2098/2098 2100/2100/2100
f 2099/2099/2099 2100/2100/2100 2090/2090/2090
f 2098/2098/2098 2101/2101/2101 2100/2100/2100
f 2100/2100/2100 2101/2101/2101 2102/2102/2102
f 2100/2100/2100 2103/2103/2103 2090/2090/2090
f 2103/2103/2103 2068/2068/2068 2090/2090/2090
f 2068/2068/2068 2103/2103/2103 2069/2069/2069
f 2103/2103/2103 2070/2070/2070 2069/2069/2069
f 2103/2103/2103 2100/2100/2100 2070/2070/2070
f 2104/2104/2104 2100/2100/2100 2102/2102/2102
f 2100/2100/2100 2104/2104/2104 2070/2070/2070
f 2104/2104/2104 2102/2102/2102 2105/2105/2105
f 2104/2104/2104 2105/2105/2105 2070/2070/2070
f 2105/2105/2105 2061/2061/2061 2070/2070/2070
f 2102/2102/2102 2106/2106/2106 2105/2105/2105
f 2061/2061/2061 2105/2105/2105 2063/2063/2063
f 2105/2105/2105 2106/2106/2106 2063/2063/2063
f 2106/2106/2106 2107/2107/2107 2063/2063/2063
f 2110/2110/2110 2109/2109/2109 2108/2108/2108
f 2111/2111/2111 2110/2110/2110 2108/2108/2108
f 2110/2110/2110 2111/2111/2111 2112/2112/2112
f 2111/2111/2111 2113/2113/2113 2112/2112/2112
f 2112/2112/2112 2113/2113/2113 2114/2114/2114
f 2113/2113/2113 2115/2115/2115 2114/2114/2114
f 2116/2116/2116 2114/2114/2114 2115/2115/2115
f 2117/2117/2117 2116/2116/2116 2115/2115/2115
f 2120/2120/2120 2119/2119/2119 2118/2118/2118
f 2120/2120/2120 2121/2121/2121 2119/2119/2119
f 2121/2121/2121 2122/2122/2122 2119/2119/2119
f 2123/2123/2123 2121/2121/2121 2120/2120/2120
f 2121/2121/2121 2124/2124/2124 2122/2122/2122
f 2121/2121/2121 2123/2123/2123 2125/2125/2125
f 2126/2126/2126 2124/2124/2124 2121/2121/2121
f 2127/2127/2127 2121/2121/2121 2125/2125/2125
f 2126/2126/2126 2121/2121/2121 2127/2127/2127
f 2130/2130/2130 2129/2129/2129 2128/2128/2128
f 2128/2128/2128 2129/2129/2129 2131/2131/2131
f 2131/2131/2131 2129/2129/2129 2132/2132/2132
f 2132/2132/2132 2129/2129/2129 2133/2133/2133
f 2136/2136/2136 2135/2135/2135 2134/2134/2134
f 2137/2137/2137 2136/2136/2136 2134/2134/2134
f 2136/2136/2136 2137/2137/2137 2138/2138/2138
f 2137/2137/2137 2134/2134/2134 2139/2139/2139
f 2137/2137/2137 2140/2140/2140 2138/2138/2138
f 2140/2140/2140 2137/2137/2137 2139/2139/2139
f 2138/2138/2138 2140/2140/2140 2141/2141/2141
f 2142/2142/2142 2138/2138/2138 2141/2141/2141
f 2141/2141/2141 2140/2140/2140 2143/2143/2143
f 2140/2140/2140 2144/2144/2144 2143/2143/2143
f 2145/2145/2145 2143/2143/2143 2144/2144/2144
f 2139/2139/2139 2134/2134/2134 2146/2146/2146
f 2134/2134/2134 2147/2147/2147 2146/2146/2146
f 2147/2147/2147 2148/2148/2148 2146/2146/2146
f 2140/2140/2140 2139/2139/2139 2149/2149/2149
f 2144/2144/2144 2140/2140/2140 2149/2149/2149
f 2148/2148/2148 2150/2150/2150 2146/2146/2146
f 2148/2148/2148 2151/2151/2151 2150/2150/2150
f 2139/2139/2139 2146/2146/2146 2152/2152/2152
f 2149/2149/2149 2139/2139/2139 2152/2152/2152
f 2150/2150/2150 2152/2152/2152 2146/2146/2146
f 2152/2152/2152 2150/2150/2150 2149/2149/2149
f 2150/2150/2150 2153/2153/2153 2149/2149/2149
f 2149/2149/2149 2153/2153/2153 2144/2144/2144
f 2153/2153/2153 2150/2150/2150 2151/2151/2151
f 2154/2154/2154 2145/2145/2145 2144/2144/2144
f 2154/2154/2154 2144/2144/2144 2153/2153/2153
f 2151/2151/2151 2155/2155/2155 2153/2153/2153
f 2155/2155/2155 2154/2154/2154 2153/2153/2153
f 2151/2151/2151 2156/2156/2156 2155/2155/2155
f 2157/2157/2157 2155/2155/2155 2156/2156/2156
f 2154/2154/2154 2155/2155/2155 2157/2157/2157
f 2157/2157/2157 2156/2156/2156 2158/2158/2158
f 2145/2145/2145 2154/2154/2154 2159/2159/2159
f 2159/2159/2159 2154/2154/2154 2157/2157/2157
f 2160/2160/2160 2145/2145/2145 2159/2159/2159
f 2160/2160/2160 2159/2159/2159 2161/2161/2161
f 2159/2159/2159 2157/2157/2157 2161/2161/2161
f 2162/2162/2162 2160/2160/2160 2161/2161/2161
f 2163/2163/2163 2157/2157/2157 2158/2158/2158
f 2157/2157/2157 2163/2163/2163 2161/2161/2161
f 2164/2164/2164 2163/2163/2163 2158/2158/2158
f 2162/2162/2162 2161/2161/2161 2165/2165/2165
f 2165/2165/2165 2161/2161/2161 2163/2163/2163
f 2166/2166/2166 2162/2162/2162 2165/2165/2165
f 2167/2167/2167 2166/2166/2166 2165/2165/2165
f 2168/2168/2168 2167/2167/2167 2165/2165/2165
f 2169/2169/2169 2165/2165/2165 2163/2163/2163
f 2168/2168/2168 2165/2165/2165 2169/2169/2169
f 2163/2163/2163 2164/2164/2164 2169/2169/2169
f 2170/2170/2170 2168/2168/2168 2169/2169/2169
f 2170/2170/2170 2169/2169/2169 2164/2164/2164
f 2164/2164/2164 2171/2171/2171 2170/2170/2170
f 2174/2174/2174 2173/2173/2173 2172/2172/2172
f 2175/2175/2175 2174/2174/2174 2172/2172/2172
f 2175/2175/2175 2172/2172/2172 2176/2176/2176
f 2174/2174/2174 2175/2175/2175 2177/2177/2177
f 2178/2178/2178 2175/2175/2175 2176/2176/2176
f 2178/2178/2178 2176/2176/2176 2179/2179/2179
f 2175/2175/2175 2180/2180/2180 2177/2177/2177
f 2177/2177/2177 2180/2180/2180 2181/2181/2181
f 2178/2178/2178 2182/2182/2182 2175/2175/2175
f 2178/2178/2178 2179/2179/2179 2182/2182/2182
f 2182/2182/2182 2180/2180/2180 2175/2175/2175
f 2180/2180/2180 2183/2183/2183 2181/2181/2181
f 2184/2184/2184 2181/2181/2181 2183/2183/2183
f 2185/2185/2185 2184/2184/2184 2183/2183/2183
f 2183/2183/2183 2186/2186/2186 2185/2185/2185
f 2183/2183/2183 2180/2180/2180 2186/2186/2186
f 2186/2186/2186 2187/2187/2187 2185/2185/2185
f 2186/2186/2186 2180/2180/2180 2188/2188/2188
f 2186/2186/2186 2188/2188/2188 2187/2187/2187
f 2188/2188/2188 2180/2180/2180 2182/2182/2182
f 2188/2188/2188 2189/2189/2189 2187/2187/2187
f 2190/2190/2190 2189/2189/2189 2188/2188/2188
f 2191/2191/2191 2190/2190/2190 2188/2188/2188
f 2191/2191/2191 2188/2188/2188 2182/2182/2182
f 2192/2192/2192 2190/2190/2190 2191/2191/2191
f 2179/2179/2179 2193/2193/2193 2182/2182/2182
f 2182/2182/2182 2193/2193/2193 2191/2191/2191
f 2193/2193/2193 2192/2192/2192 2191/2191/2191
f 2179/2179/2179 2194/2194/2194 2193/2193/2193
f 2193/2193/2193 2194/2194/2194 2192/2192/2192
f 2197/2197/2197 2196/2196/2196 2195/2195/2195
f 2198/2198/2198 2197/2197/2197 2195/2195/2195
f 2198/2198/2198 2199/2199/2199 2197/2197/2197
f 2195/2195/2195 2200/2200/2200 2198/2198/2198
f 2201/2201/2201 2199/2199/2199 2198/2198/2198
f 2199/2199/2199 2201/2201/2201 2202/2202/2202
f 2202/2202/2202 2201/2201/2201 2203/2203/2203
f 2200/2200/2200 2204/2204/2204 2198/2198/2198
f 2201/2201/2201 2198/2198/2198 2204/2204/2204
f 2201/2201/2201 2205/2205/2205 2203/2203/2203
f 2206/2206/2206 2203/2203/2203 2205/2205/2205
f 2207/2207/2207 2204/2204/2204 2200/2200/2200
f 2208/2208/2208 2207/2207/2207 2200/2200/2200
f 2209/2209/2209 2201/2201/2201 2204/2204/2204
f 2201/2201/2201 2209/2209/2209 2205/2205/2205
f 2210/2210/2210 2206/2206/2206 2205/2205/2205
f 2206/2206/2206 2210/2210/2210 2211/2211/2211
f 2212/2212/2212 2209/2209/2209 2204/2204/2204
f 2207/2207/2207 2212/2212/2212 2204/2204/2204
f 2209/2209/2209 2213/2213/2213 2205/2205/2205
f 2205/2205/2205 2213/2213/2213 2210/2210/2210
f 2209/2209/2209 2212/2212/2212 2213/2213/2213
f 2214/2214/2214 2207/2207/2207 2208/2208/2208
f 2215/2215/2215 2214/2214/2214 2208/2208/2208
f 2210/2210/2210 2216/2216/2216 2211/2211/2211
f 2217/2217/2217 2211/2211/2211 2216/2216/2216
f 2218/2218/2218 2207/2207/2207 2214/2214/2214
f 2212/2212/2212 2207/2207/2207 2218/2218/2218
f 2214/2214/2214 2215/2215/2215 2219/2219/2219
f 2214/2214/2214 2219/2219/2219 2218/2218/2218
f 2215/2215/2215 2220/2220/2220 2219/2219/2219
f 2221/2221/2221 2219/2219/2219 2220/2220/2220
f 2222/2222/2222 2221/2221/2221 2220/2220/2220
f 2219/2219/2219 2223/2223/2223 2218/2218/2218
f 2219/2219/2219 2221/2221/2221 2223/2223/2223
f 2218/2218/2218 2224/2224/2224 2212/2212/2212
f 2224/2224/2224 2218/2218/2218 2223/2223/2223
f 2216/2216/2216 2210/2210/2210 2225/2225/2225
f 2213/2213/2213 2225/2225/2225 2210/2210/2210
f 2226/2226/2226 2217/2217/2217 2216/2216/2216
f 2227/2227/2227 2217/2217/2217 2226/2226/2226
f 2212/2212/2212 2228/2228/2228 2213/2213/2213
f 2212/2212/2212 2224/2224/2224 2228/2228/2228
f 2229/2229/2229 2221/2221/2221 2222/2222/2222
f 2229/2229/2229 2230/2230/2230 2221/2221/2221
f 2231/2231/2231 2229/2229/2229 2222/2222/2222
f 2229/2229/2229 2231/2231/2231 2232/2232/2232
f 2230/2230/2230 2229/2229/2229 2232/2232/2232
f 2231/2231/2231 2233/2233/2233 2232/2232/2232
f 2234/2234/2234 2230/2230/2230 2232/2232/2232
f 2234/2234/2234 2235/2235/2235 2230/2230/2230
f 2213/2213/2213 2228/2228/2228 2236/2236/2236
f 2225/2225/2225 2213/2213/2213 2236/2236/2236
f 2230/2230/2230 2237/2237/2237 2221/2221/2221
f 2221/2221/2221 2237/2237/2237 2223/2223/2223
f 2238/2238/2238 2223/2223/2223 2237/2237/2237
f 2238/2238/2238 2224/2224/2224 2223/2223/2223
f 2239/2239/2239 2237/2237/2237 2230/2230/2230
f 2239/2239/2239 2238/2238/2238 2237/2237/2237
f 2235/2235/2235 2240/2240/2240 2230/2230/2230
f 2240/2240/2240 2239/2239/2239 2230/2230/2230
f 2240/2240/2240 2235/2235/2235 2241/2241/2241
f 2240/2240/2240 2241/2241/2241 2239/2239/2239
f 2235/2235/2235 2242/2242/2242 2241/2241/2241
f 2242/2242/2242 2243/2243/2243 2241/2241/2241
f 2238/2238/2238 2244/2244/2244 2224/2224/2224
f 2244/2244/2244 2238/2238/2238 2239/2239/2239
f 2241/2241/2241 2245/2245/2245 2239/2239/2239
f 2245/2245/2245 2244/2244/2244 2239/2239/2239
f 2243/2243/2243 2246/2246/2246 2241/2241/2241
f 2245/2245/2245 2241/2241/2241 2246/2246/2246
f 2244/2244/2244 2247/2247/2247 2224/2224/2224
f 2224/2224/2224 2247/2247/2247 2228/2228/2228
f 2245/2245/2245 2248/2248/2248 2244/2244/2244
f 2248/2248/2248 2245/2245/2245 2246/2246/2246
f 2249/2249/2249 2246/2246/2246 2243/2243/2243
f 2250/2250/2250 2249/2249/2249 2243/2243/2243
f 2250/2250/2250 2251/2251/2251 2249/2249/2249
f 2247/2247/2247 2252/2252/2252 2228/2228/2228
f 2252/2252/2252 2236/2236/2236 2228/2228/2228
f 2247/2247/2247 2244/2244/2244 2253/2253/2253
f 2248/2248/2248 2253/2253/2253 2244/2244/2244
f 2252/2252/2252 2247/2247/2247 2253/2253/2253
f 2254/2254/2254 2248/2248/2248 2246/2246/2246
f 2249/2249/2249 2254/2254/2254 2246/2246/2246
f 2248/2248/2248 2254/2254/2254 2253/2253/2253
f 2251/2251/2251 2255/2255/2255 2249/2249/2249
f 2255/2255/2255 2251/2251/2251 2256/2256/2256
f 2252/2252/2252 2257/2257/2257 2236/2236/2236
f 2252/2252/2252 2253/2253/2253 2257/2257/2257
f 2249/2249/2249 2255/2255/2255 2258/2258/2258
f 2254/2254/2254 2249/2249/2249 2258/2258/2258
f 2259/2259/2259 2255/2255/2255 2256/2256/2256
f 2258/2258/2258 2255/2255/2255 2259/2259/2259
f 2254/2254/2254 2260/2260/2260 2253/2253/2253
f 2253/2253/2253 2260/2260/2260 2257/2257/2257
f 2260/2260/2260 2254/2254/2254 2261/2261/2261
f 2254/2254/2254 2258/2258/2258 2261/2261/2261
f 2260/2260/2260 2261/2261/2261 2262/2262/2262
f 2257/2257/2257 2260/2260/2260 2262/2262/2262
f 2257/2257/2257 2263/2263/2263 2236/2236/2236
f 2225/2225/2225 2236/2236/2236 2263/2263/2263
f 2264/2264/2264 2261/2261/2261 2258/2258/2258
f 2261/2261/2261 2264/2264/2264 2262/2262/2262
f 2259/2259/2259 2256/2256/2256 2265/2265/2265
f 2256/2256/2256 2266/2266/2266 2265/2265/2265
f 2266/2266/2266 2267/2267/2267 2265/2265/2265
f 2268/2268/2268 2258/2258/2258 2259/2259/2259
f 2268/2268/2268 2264/2264/2264 2258/2258/2258
f 2265/2265/2265 2269/2269/2269 2259/2259/2259
f 2269/2269/2269 2268/2268/2268 2259/2259/2259
f 2267/2267/2267 2270/2270/2270 2265/2265/2265
f 2269/2269/2269 2265/2265/2265 2270/2270/2270
f 2257/2257/2257 2262/2262/2262 2271/2271/2271
f 2263/2263/2263 2257/2257/2257 2271/2271/2271
f 2272/2272/2272 2225/2225/2225 2263/2263/2263
f 2272/2272/2272 2216/2216/2216 2225/2225/2225
f 2216/2216/2216 2272/2272/2272 2226/2226/2226
f 2273/2273/2273 2272/2272/2272 2263/2263/2263
f 2271/2271/2271 2273/2273/2273 2263/2263/2263
f 2272/2272/2272 2273/2273/2273 2226/2226/2226
f 2271/2271/2271 2262/2262/2262 2274/2274/2274
f 2273/2273/2273 2271/2271/2271 2274/2274/2274
f 2226/2226/2226 2273/2273/2273 2275/2275/2275
f 2275/2275/2275 2273/2273/2273 2274/2274/2274
f 2262/2262/2262 2276/2276/2276 2274/2274/2274
f 2264/2264/2264 2276/2276/2276 2262/2262/2262
f 2277/2277/2277 2274/2274/2274 2276/2276/2276
f 2275/2275/2275 2274/2274/2274 2277/2277/2277
f 2278/2278/2278 2276/2276/2276 2264/2264/2264
f 2278/2278/2278 2277/2277/2277 2276/2276/2276
f 2279/2279/2279 2226/2226/2226 2275/2275/2275
f 2280/2280/2280 2279/2279/2279 2275/2275/2275
f 2279/2279/2279 2227/2227/2227 2226/2226/2226
f 2279/2279/2279 2280/2280/2280 2227/2227/2227
f 2280/2280/2280 2281/2281/2281 2227/2227/2227
f 2282/2282/2282 2281/2281/2281 2280/2280/2280
f 2283/2283/2283 2278/2278/2278 2264/2264/2264
f 2283/2283/2283 2264/2264/2264 2268/2268/2268
f 2269/2269/2269 2283/2283/2283 2268/2268/2268
f 2284/2284/2284 2283/2283/2283 2269/2269/2269
f 2283/2283/2283 2284/2284/2284 2278/2278/2278
f 2285/2285/2285 2275/2275/2275 2277/2277/2277
f 2285/2285/2285 2280/2280/2280 2275/2275/2275
f 2286/2286/2286 2285/2285/2285 2277/2277/2277
f 2285/2285/2285 2286/2286/2286 2280/2280/2280
f 2287/2287/2287 2282/2282/2282 2280/2280/2280
f 2286/2286/2286 2287/2287/2287 2280/2280/2280
f 2282/2282/2282 2287/2287/2287 2288/2288/2288
f 2288/2288/2288 2287/2287/2287 2286/2286/2286
f 2289/2289/2289 2282/2282/2282 2288/2288/2288
f 2290/2290/2290 2289/2289/2289 2288/2288/2288
f 2277/2277/2277 2278/2278/2278 2291/2291/2291
f 2291/2291/2291 2286/2286/2286 2277/2277/2277
f 2292/2292/2292 2284/2284/2284 2269/2269/2269
f 2292/2292/2292 2269/2269/2269 2270/2270/2270
f 2293/2293/2293 2288/2288/2288 2286/2286/2286
f 2286/2286/2286 2291/2291/2291 2293/2293/2293
f 2278/2278/2278 2294/2294/2294 2291/2291/2291
f 2284/2284/2284 2294/2294/2294 2278/2278/2278
f 2291/2291/2291 2294/2294/2294 2295/2295/2295
f 2291/2291/2291 2295/2295/2295 2293/2293/2293
f 2294/2294/2294 2284/2284/2284 2296/2296/2296
f 2294/2294/2294 2296/2296/2296 2295/2295/2295
f 2297/2297/2297 2284/2284/2284 2292/2292/2292
f 2284/2284/2284 2297/2297/2297 2296/2296/2296
f 2297/2297/2297 2298/2298/2298 2296/2296/2296
f 2299/2299/2299 2297/2297/2297 2292/2292/2292
f 2299/2299/2299 2292/2292/2292 2270/2270/2270
f 2298/2298/2298 2297/2297/2297 2299/2299/2299
f 2293/2293/2293 2295/2295/2295 2300/2300/2300
f 2300/2300/2300 2295/2295/2295 2296/2296/2296
f 2293/2293/2293 2301/2301/2301 2288/2288/2288
f 2301/2301/2301 2293/2293/2293 2300/2300/2300
f 2302/2302/2302 2299/2299/2299 2270/2270/2270
f 2302/2302/2302 2270/2270/2270 2267/2267/2267
f 2303/2303/2303 2302/2302/2302 2267/2267/2267
f 2302/2302/2302 2303/2303/2303 2304/2304/2304
f 2302/2302/2302 2305/2305/2305 2299/2299/2299
f 2305/2305/2305 2302/2302/2302 2304/2304/2304
f 2306/2306/2306 2305/2305/2305 2304/2304/2304
f 2307/2307/2307 2306/2306/2306 2304/2304/2304
f 2306/2306/2306 2308/2308/2308 2305/2305/2305
f 2305/2305/2305 2309/2309/2309 2299/2299/2299
f 2308/2308/2308 2309/2309/2309 2305/2305/2305
f 2309/2309/2309 2298/2298/2298 2299/2299/2299
f 2298/2298/2298 2309/2309/2309 2308/2308/2308
f 2310/2310/2310 2298/2298/2298 2308/2308/2308
f 2310/2310/2310 2311/2311/2311 2298/2298/2298
f 2311/2311/2311 2312/2312/2312 2298/2298/2298
f 2298/2298/2298 2312/2312/2312 2296/2296/2296
f 2312/2312/2312 2300/2300/2300 2296/2296/2296
f 2300/2300/2300 2312/2312/2312 2311/2311/2311
f 2313/2313/2313 2300/2300/2300 2311/2311/2311
f 2301/2301/2301 2300/2300/2300 2313/2313/2313
f 2314/2314/2314 2301/2301/2301 2313/2313/2313
f 2315/2315/2315 2301/2301/2301 2314/2314/2314
f 2301/2301/2301 2315/2315/2315 2288/2288/2288
f 2316/2316/2316 2315/2315/2315 2314/2314/2314
f 2315/2315/2315 2290/2290/2290 2288/2288/2288
f 2315/2315/2315 2316/2316/2316 2290/2290/2290
f 2316/2316/2316 2317/2317/2317 2290/2290/2290
f 2320/2320/2320 2319/2319/2319 2318/2318/2318
f 2319/2319/2319 2321/2321/2321 2318/2318/2318
f 2321/2321/2321 2319/2319/2319 2322/2322/2322
f 2323/2323/2323 2318/2318/2318 2321/2321/2321
f 2324/2324/2324 2321/2321/2321 2322/2322/2322
f 2324/2324/2324 2322/2322/2322 2325/2325/2325
f 2324/2324/2324 2325/2325/2325 2326/2326/2326
f 2327/2327/2327 2324/2324/2324 2326/2326/2326
f 2324/2324/2324 2327/2327/2327 2328/2328/2328
f 2326/2326/2326 2329/2329/2329 2327/2327/2327
f 2330/2330/2330 2327/2327/2327 2329/2329/2329
f 2327/2327/2327 2330/2330/2330 2328/2328/2328
f 2330/2330/2330 2329/2329/2329 2331/2331/2331
f 2330/2330/2330 2331/2331/2331 2332/2332/2332
f 2324/2324/2324 2333/2333/2333 2321/2321/2321
f 2333/2333/2333 2324/2324/2324 2328/2328/2328
f 2334/2334/2334 2323/2323/2323 2321/2321/2321
f 2333/2333/2333 2334/2334/2334 2321/2321/2321
f 2334/2334/2334 2335/2335/2335 2323/2323/2323
f 2334/2334/2334 2333/2333/2333 2335/2335/2335
f 2335/2335/2335 2336/2336/2336 2323/2323/2323
f 2330/2330/2330 2332/2332/2332 2337/2337/2337
f 2338/2338/2338 2337/2337/2337 2332/2332/2332
f 2330/2330/2330 2337/2337/2337 2339/2339/2339
f 2330/2330/2330 2339/2339/2339 2328/2328/2328
f 2337/2337/2337 2340/2340/2340 2339/2339/2339
f 2339/2339/2339 2340/2340/2340 2341/2341/2341
f 2328/2328/2328 2339/2339/2339 2341/2341/2341
f 2340/2340/2340 2342/2342/2342 2341/2341/2341
f 2333/2333/2333 2328/2328/2328 2343/2343/2343
f 2333/2333/2333 2343/2343/2343 2335/2335/2335
f 2335/2335/2335 2344/2344/2344 2336/2336/2336
f 2344/2344/2344 2345/2345/2345 2336/2336/2336
f 2344/2344/2344 2335/2335/2335 2346/2346/2346
f 2335/2335/2335 2343/2343/2343 2346/2346/2346
f 2343/2343/2343 2347/2347/2347 2346/2346/2346
f 2343/2343/2343 2348/2348/2348 2347/2347/2347
f 2328/2328/2328 2349/2349/2349 2343/2343/2343
f 2343/2343/2343 2349/2349/2349 2348/2348/2348
f 2349/2349/2349 2328/2328/2328 2341/2341/2341
f 2350/2350/2350 2348/2348/2348 2349/2349/2349
f 2341/2341/2341 2350/2350/2350 2349/2349/2349
f 2341/2341/2341 2351/2351/2351 2350/2350/2350
f 2351/2351/2351 2341/2341/2341 2342/2342/2342
f 2352/2352/2352 2351/2351/2351 2342/2342/2342
f 2342/2342/2342 2353/2353/2353 2352/2352/2352
f 2356/2356/2356 2355/2355/2355 2354/2354/2354
f 2355/2355/2355 2357/2357/2357 2354/2354/2354
f 2355/2355/2355 2358/2358/2358 2357/2357/2357
f 2359/2359/2359 2354/2354/2354 2357/2357/2357
f 2357/2357/2357 2358/2358/2358 2360/2360/2360
f 2358/2358/2358 2361/2361/2361 2360/2360/2360
f 2361/2361/2361 2362/2362/2362 2360/2360/2360
f 2362/2362/2362 2363/2363/2363 2360/2360/2360
f 2362/2362/2362 2364/2364/2364 2363/2363/2363
f 2364/2364/2364 2365/2365/2365 2363/2363/2363
f 2364/2364/2364 2366/2366/2366 2365/2365/2365
f 2365/2365/2365 2366/2366/2366 2367/2367/2367
f 2357/2357/2357 2360/2360/2360 2368/2368/2368
f 2368/2368/2368 2360/2360/2360 2363/2363/2363
f 2369/2369/2369 2359/2359/2359 2357/2357/2357
f 2369/2369/2369 2357/2357/2357 2368/2368/2368
f 2370/2370/2370 2365/2365/2365 2367/2367/2367
f 2367/2367/2367 2371/2371/2371 2370/2370/2370
f 2370/2370/2370 2372/2372/2372 2365/2365/2365
f 2363/2363/2363 2365/2365/2365 2373/2373/2373
f 2373/2373/2373 2368/2368/2368 2363/2363/2363
f 2372/2372/2372 2374/2374/2374 2365/2365/2365
f 2365/2365/2365 2374/2374/2374 2373/2373/2373
f 2374/2374/2374 2375/2375/2375 2373/2373/2373
f 2372/2372/2372 2376/2376/2376 2374/2374/2374
f 2376/2376/2376 2377/2377/2377 2374/2374/2374
f 2377/2377/2377 2375/2375/2375 2374/2374/2374
f 2377/2377/2377 2378/2378/2378 2375/2375/2375
f 2369/2369/2369 2379/2379/2379 2359/2359/2359
f 2379/2379/2379 2380/2380/2380 2359/2359/2359
f 2380/2380/2380 2379/2379/2379 2381/2381/2381
f 2379/2379/2379 2382/2382/2382 2381/2381/2381
f 2379/2379/2379 2383/2383/2383 2382/2382/2382
f 2384/2384/2384 2379/2379/2379 2369/2369/2369
f 2379/2379/2379 2384/2384/2384 2383/2383/2383
f 2384/2384/2384 2385/2385/2385 2383/2383/2383
f 2368/2368/2368 2384/2384/2384 2369/2369/2369
f 2384/2384/2384 2386/2386/2386 2385/2385/2385
f 2387/2387/2387 2384/2384/2384 2368/2368/2368
f 2384/2384/2384 2387/2387/2387 2386/2386/2386
f 2373/2373/2373 2387/2387/2387 2368/2368/2368
f 2375/2375/2375 2387/2387/2387 2373/2373/2373
f 2386/2386/2386 2387/2387/2387 2388/2388/2388
f 2387/2387/2387 2375/2375/2375 2388/2388/2388
f 2388/2388/2388 2375/2375/2375 2389/2389/2389
f 2389/2389/2389 2375/2375/2375 2390/2390/2390
f 2375/2375/2375 2378/2378/2378 2390/2390/2390
f 2390/2390/2390 2378/2378/2378 2391/2391/2391
f 2394/2394/2394 2393/2393/2393 2392/2392/2392
f 2395/2395/2395 2394/2394/2394 2392/2392/2392
f 2392/2392/2392 2396/2396/2396 2395/2395/2395
f 2397/2397/2397 2394/2394/2394 2395/2395/2395
f 2396/2396/2396 2398/2398/2398 2395/2395/2395
f 2396/2396/2396 2399/2399/2399 2398/2398/2398
f 2400/2400/2400 2397/2397/2397 2395/2395/2395
f 2400/2400/2400 2395/2395/2395 2398/2398/2398
f 2399/2399/2399 2401/2401/2401 2398/2398/2398
f 2401/2401/2401 2399/2399/2399 2402/2402/2402
f 2403/2403/2403 2398/2398/2398 2401/2401/2401
f 2403/2403/2403 2400/2400/2400 2398/2398/2398
f 2397/2397/2397 2400/2400/2400 2404/2404/2404
f 2405/2405/2405 2397/2397/2397 2404/2404/2404
f 2405/2405/2405 2404/2404/2404 2406/2406/2406
f 2407/2407/2407 2401/2401/2401 2402/2402/2402
f 2403/2403/2403 2401/2401/2401 2407/2407/2407
f 2407/2407/2407 2402/2402/2402 2408/2408/2408
f 2402/2402/2402 2409/2409/2409 2408/2408/2408
f 2409/2409/2409 2410/2410/2410 2408/2408/2408
f 2410/2410/2410 2411/2411/2411 2408/2408/2408
f 2412/2412/2412 2407/2407/2407 2408/2408/2408
f 2412/2412/2412 2403/2403/2403 2407/2407/2407
f 2413/2413/2413 2408/2408/2408 2411/2411/2411
f 2412/2412/2412 2408/2408/2408 2413/2413/2413
f 2411/2411/2411 2414/2414/2414 2413/2413/2413
f 2403/2403/2403 2415/2415/2415 2400/2400/2400
f 2415/2415/2415 2404/2404/2404 2400/2400/2400
f 2412/2412/2412 2416/2416/2416 2403/2403/2403
f 2416/2416/2416 2412/2412/2412 2413/2413/2413
f 2416/2416/2416 2415/2415/2415 2403/2403/2403
f 2413/2413/2413 2414/2414/2414 2417/2417/2417
f 2413/2413/2413 2417/2417/2417 2416/2416/2416
f 2414/2414/2414 2418/2418/2418 2417/2417/2417
f 2415/2415/2415 2416/2416/2416 2419/2419/2419
f 2419/2419/2419 2416/2416/2416 2417/2417/2417
f 2415/2415/2415 2420/2420/2420 2404/2404/2404
f 2420/2420/2420 2415/2415/2415 2419/2419/2419
f 2421/2421/2421 2417/2417/2417 2418/2418/2418
f 2422/2422/2422 2421/2421/2421 2418/2418/2418
f 2419/2419/2419 2417/2417/2417 2423/2423/2423
f 2423/2423/2423 2417/2417/2417 2421/2421/2421
f 2420/2420/2420 2424/2424/2424 2404/2404/2404
f 2404/2404/2404 2424/2424/2424 2406/2406/2406
f 2420/2420/2420 2419/2419/2419 2425/2425/2425
f 2425/2425/2425 2419/2419/2419 2423/2423/2423
f 2425/2425/2425 2423/2423/2423 2426/2426/2426
f 2427/2427/2427 2423/2423/2423 2421/2421/2421
f 2423/2423/2423 2427/2427/2427 2426/2426/2426
f 2428/2428/2428 2420/2420/2420 2425/2425/2425
f 2424/2424/2424 2420/2420/2420 2428/2428/2428
f 2406/2406/2406 2424/2424/2424 2429/2429/2429
f 2429/2429/2429 2430/2430/2430 2406/2406/2406
f 2431/2431/2431 2427/2427/2427 2421/2421/2421
f 2421/2421/2421 2432/2432/2432 2431/2431/2431
f 2425/2425/2425 2426/2426/2426 2433/2433/2433
f 2425/2425/2425 2433/2433/2433 2428/2428/2428
f 2426/2426/2426 2434/2434/2434 2433/2433/2433
f 2435/2435/2435 2424/2424/2424 2428/2428/2428
f 2424/2424/2424 2435/2435/2435 2429/2429/2429
f 2429/2429/2429 2436/2436/2436 2430/2430/2430
f 2437/2437/2437 2430/2430/2430 2436/2436/2436
f 2437/2437/2437 2436/2436/2436 2438/2438/2438
f 2438/2438/2438 2436/2436/2436 2429/2429/2429
f 2435/2435/2435 2438/2438/2438 2429/2429/2429
f 2438/2438/2438 2435/2435/2435 2439/2439/2439
f 2428/2428/2428 2439/2439/2439 2435/2435/2435
f 2439/2439/2439 2428/2428/2428 2433/2433/2433
f 2439/2439/2439 2433/2433/2433 2440/2440/2440
f 2440/2440/2440 2433/2433/2433 2441/2441/2441
f 2433/2433/2433 2434/2434/2434 2441/2441/2441
f 2441/2441/2441 2434/2434/2434 2442/2442/2442
f 2443/2443/2443 2442/2442/2442 2434/2434/2434
f 2444/2444/2444 2443/2443/2443 2434/2434/2434
f 2445/2445/2445 2444/2444/2444 2434/2434/2434
f 2446/2446/2446 2445/2445/2445 2434/2434/2434
f 2447/2447/2447 2445/2445/2445 2446/2446/2446
f 2434/2434/2434 2426/2426/2426 2446/2446/2446
f 2448/2448/2448 2447/2447/2447 2446/2446/2446
f 2426/2426/2426 2449/2449/2449 2446/2446/2446
f 2450/2450/2450 2448/2448/2448 2446/2446/2446
f 2446/2446/2446 2449/2449/2449 2450/2450/2450
f 2449/2449/2449 2426/2426/2426 2451/2451/2451
f 2426/2426/2426 2427/2427/2427 2451/2451/2451
f 2448/2448/2448 2450/2450/2450 2452/2452/2452
f 2452/2452/2452 2453/2453/2453 2448/2448/2448
f 2454/2454/2454 2451/2451/2451 2427/2427/2427
f 2431/2431/2431 2454/2454/2454 2427/2427/2427
f 2455/2455/2455 2449/2449/2449 2451/2451/2451
f 2456/2456/2456 2450/2450/2450 2449/2449/2449
f 2455/2455/2455 2456/2456/2456 2449/2449/2449
f 2457/2457/2457 2452/2452/2452 2450/2450/2450
f 2456/2456/2456 2457/2457/2457 2450/2450/2450
f 2458/2458/2458 2453/2453/2453 2452/2452/2452
f 2457/2457/2457 2458/2458/2458 2452/2452/2452
f 2459/2459/2459 2451/2451/2451 2454/2454/2454
f 2459/2459/2459 2455/2455/2455 2451/2451/2451
f 2453/2453/2453 2458/2458/2458 2460/2460/2460
f 2460/2460/2460 2461/2461/2461 2453/2453/2453
f 2458/2458/2458 2462/2462/2462 2460/2460/2460
f 2461/2461/2461 2460/2460/2460 2462/2462/2462
f 2458/2458/2458 2457/2457/2457 2463/2463/2463
f 2463/2463/2463 2462/2462/2462 2458/2458/2458
f 2457/2457/2457 2464/2464/2464 2463/2463/2463
f 2457/2457/2457 2456/2456/2456 2464/2464/2464
f 2464/2464/2464 2465/2465/2465 2463/2463/2463
f 2466/2466/2466 2456/2456/2456 2455/2455/2455
f 2456/2456/2456 2466/2466/2466 2464/2464/2464
f 2461/2461/2461 2462/2462/2462 2467/2467/2467
f 2468/2468/2468 2461/2461/2461 2467/2467/2467
f 2464/2464/2464 2469/2469/2469 2465/2465/2465
f 2469/2469/2469 2470/2470/2470 2465/2465/2465
f 2471/2471/2471 2466/2466/2466 2455/2455/2455
f 2459/2459/2459 2471/2471/2471 2455/2455/2455
f 2464/2464/2464 2466/2466/2466 2472/2472/2472
f 2466/2466/2466 2471/2471/2471 2472/2472/2472
f 2464/2464/2464 2472/2472/2472 2469/2469/2469
f 2473/2473/2473 2467/2467/2467 2462/2462/2462
f 2462/2462/2462 2474/2474/2474 2473/2473/2473
f 2467/2467/2467 2475/2475/2475 2468/2468/2468
f 2467/2467/2467 2473/2473/2473 2475/2475/2475
f 2476/2476/2476 2468/2468/2468 2475/2475/2475
f 2470/2470/2470 2469/2469/2469 2477/2477/2477
f 2478/2478/2478 2470/2470/2470 2477/2477/2477
f 2477/2477/2477 2479/2479/2479 2478/2478/2478
f 2471/2471/2471 2480/2480/2480 2472/2472/2472
f 2471/2471/2471 2459/2459/2459 2480/2480/2480
f 2472/2472/2472 2481/2481/2481 2469/2469/2469
f 2481/2481/2481 2477/2477/2477 2469/2469/2469
f 2472/2472/2472 2480/2480/2480 2481/2481/2481
f 2477/2477/2477 2482/2482/2482 2479/2479/2479
f 2482/2482/2482 2483/2483/2483 2479/2479/2479
f 2481/2481/2481 2484/2484/2484 2477/2477/2477
f 2484/2484/2484 2482/2482/2482 2477/2477/2477
f 2482/2482/2482 2485/2485/2485 2483/2483/2483
f 2486/2486/2486 2483/2483/2483 2485/2485/2485
f 2486/2486/2486 2485/2485/2485 2487/2487/2487
f 2459/2459/2459 2488/2488/2488 2480/2480/2480
f 2459/2459/2459 2454/2454/2454 2488/2488/2488
f 2454/2454/2454 2489/2489/2489 2488/2488/2488
f 2454/2454/2454 2431/2431/2431 2489/2489/2489
f 2431/2431/2431 2490/2490/2490 2489/2489/2489
f 2491/2491/2491 2490/2490/2490 2431/2431/2431
f 2488/2488/2488 2492/2492/2492 2480/2480/2480
f 2493/2493/2493 2480/2480/2480 2492/2492/2492
f 2494/2494/2494 2493/2493/2493 2492/2492/2492
f 2480/2480/2480 2493/2493/2493 2481/2481/2481
f 2493/2493/2493 2494/2494/2494 2495/2495/2495
f 2484/2484/2484 2481/2481/2481 2493/2493/2493
f 2493/2493/2493 2495/2495/2495 2496/2496/2496
f 2496/2496/2496 2484/2484/2484 2493/2493/2493
f 2496/2496/2496 2495/2495/2495 2497/2497/2497
f 2484/2484/2484 2496/2496/2496 2498/2498/2498
f 2484/2484/2484 2498/2498/2498 2482/2482/2482
f 2498/2498/2498 2485/2485/2485 2482/2482/2482
f 2496/2496/2496 2497/2497/2497 2499/2499/2499
f 2496/2496/2496 2499/2499/2499 2498/2498/2498
f 2499/2499/2499 2497/2497/2497 2500/2500/2500
f 2499/2499/2499 2500/2500/2500 2501/2501/2501
f 2502/2502/2502 2499/2499/2499 2501/2501/2501
f 2499/2499/2499 2502/2502/2502 2498/2498/2498
f 2501/2501/2501 2503/2503/2503 2502/2502/2502
f 2498/2498/2498 2504/2504/2504 2485/2485/2485
f 2502/2502/2502 2504/2504/2504 2498/2498/2498
f 2502/2502/2502 2503/2503/2503 2505/2505/2505
f 2503/2503/2503 2506/2506/2506 2505/2505/2505
f 2502/2502/2502 2505/2505/2505 2507/2507/2507
f 2504/2504/2504 2502/2502/2502 2507/2507/2507
f 2504/2504/2504 2508/2508/2508 2485/2485/2485
f 2504/2504/2504 2507/2507/2507 2508/2508/2508
f 2485/2485/2485 2508/2508/2508 2487/2487/2487
f 2507/2507/2507 2509/2509/2509 2508/2508/2508
f 2487/2487/2487 2508/2508/2508 2510/2510/2510
f 2509/2509/2509 2511/2511/2511 2508/2508/2508
f 2511/2511/2511 2510/2510/2510 2508/2508/2508
f 2514/2514/2514 2513/2513/2513 2512/2512/2512
f 2515/2515/2515 2514/2514/2514 2512/2512/2512
f 2515/2515/2515 2512/2512/2512 2516/2516/2516
f 2515/2515/2515 2517/2517/2517 2514/2514/2514
f 2517/2517/2517 2518/2518/2518 2514/2514/2514
f 2518/2518/2518 2517/2517/2517 2519/2519/2519
f 2520/2520/2520 2515/2515/2515 2516/2516/2516
f 2515/2515/2515 2520/2520/2520 2517/2517/2517
f 2516/2516/2516 2521/2521/2521 2520/2520/2520
f 2517/2517/2517 2522/2522/2522 2519/2519/2519
f 2519/2519/2519 2522/2522/2522 2523/2523/2523
f 2524/2524/2524 2523/2523/2523 2522/2522/2522
f 2525/2525/2525 2524/2524/2524 2522/2522/2522
f 2522/2522/2522 2517/2517/2517 2526/2526/2526
f 2520/2520/2520 2526/2526/2526 2517/2517/2517
f 2525/2525/2525 2522/2522/2522 2527/2527/2527
f 2527/2527/2527 2522/2522/2522 2526/2526/2526
f 2525/2525/2525 2527/2527/2527 2528/2528/2528
f 2529/2529/2529 2525/2525/2525 2528/2528/2528
f 2529/2529/2529 2528/2528/2528 2530/2530/2530
f 2527/2527/2527 2526/2526/2526 2531/2531/2531
f 2528/2528/2528 2527/2527/2527 2531/2531/2531
f 2520/2520/2520 2532/2532/2532 2526/2526/2526
f 2532/2532/2532 2531/2531/2531 2526/2526/2526
f 2521/2521/2521 2533/2533/2533 2520/2520/2520
f 2520/2520/2520 2533/2533/2533 2532/2532/2532
f 2528/2528/2528 2534/2534/2534 2530/2530/2530
f 2534/2534/2534 2528/2528/2528 2531/2531/2531
f 2534/2534/2534 2535/2535/2535 2530/2530/2530
f 2535/2535/2535 2536/2536/2536 2530/2530/2530
f 2536/2536/2536 2535/2535/2535 2537/2537/2537
f 2533/2533/2533 2521/2521/2521 2538/2538/2538
f 2521/2521/2521 2539/2539/2539 2538/2538/2538
f 2532/2532/2532 2533/2533/2533 2540/2540/2540
f 2533/2533/2533 2538/2538/2538 2540/2540/2540
f 2531/2531/2531 2532/2532/2532 2541/2541/2541
f 2541/2541/2541 2534/2534/2534 2531/2531/2531
f 2532/2532/2532 2540/2540/2540 2541/2541/2541
f 2538/2538/2538 2539/2539/2539 2542/2542/2542
f 2539/2539/2539 2543/2543/2543 2542/2542/2542
f 2541/2541/2541 2544/2544/2544 2534/2534/2534
f 2535/2535/2535 2534/2534/2534 2544/2544/2544
f 2545/2545/2545 2540/2540/2540 2538/2538/2538
f 2542/2542/2542 2545/2545/2545 2538/2538/2538
f 2546/2546/2546 2541/2541/2541 2540/2540/2540
f 2544/2544/2544 2541/2541/2541 2546/2546/2546
f 2540/2540/2540 2545/2545/2545 2546/2546/2546
f 2542/2542/2542 2543/2543/2543 2547/2547/2547
f 2547/2547/2547 2543/2543/2543 2548/2548/2548
f 2549/2549/2549 2547/2547/2547 2548/2548/2548
f 2547/2547/2547 2550/2550/2550 2542/2542/2542
f 2550/2550/2550 2547/2547/2547 2549/2549/2549
f 2550/2550/2550 2545/2545/2545 2542/2542/2542
f 2549/2549/2549 2551/2551/2551 2550/2550/2550
f 2545/2545/2545 2552/2552/2552 2546/2546/2546
f 2550/2550/2550 2552/2552/2552 2545/2545/2545
f 2552/2552/2552 2544/2544/2544 2546/2546/2546
f 2551/2551/2551 2553/2553/2553 2550/2550/2550
f 2552/2552/2552 2550/2550/2550 2553/2553/2553
f 2553/2553/2553 2551/2551/2551 2554/2554/2554
f 2553/2553/2553 2555/2555/2555 2552/2552/2552
f 2555/2555/2555 2553/2553/2553 2554/2554/2554
f 2552/2552/2552 2556/2556/2556 2544/2544/2544
f 2555/2555/2555 2556/2556/2556 2552/2552/2552
f 2555/2555/2555 2554/2554/2554 2557/2557/2557
f 2554/2554/2554 2476/2476/2476 2557/2557/2557
f 2557/2557/2557 2476/2476/2476 2475/2475/2475
f 2557/2557/2557 2558/2558/2558 2555/2555/2555
f 2475/2475/2475 2558/2558/2558 2557/2557/2557
f 2558/2558/2558 2556/2556/2556 2555/2555/2555
f 2544/2544/2544 2556/2556/2556 2559/2559/2559
f 2559/2559/2559 2535/2535/2535 2544/2544/2544
f 2556/2556/2556 2560/2560/2560 2559/2559/2559
f 2559/2559/2559 2560/2560/2560 2535/2535/2535
f 2556/2556/2556 2558/2558/2558 2560/2560/2560
f 2558/2558/2558 2475/2475/2475 2561/2561/2561
f 2473/2473/2473 2561/2561/2561 2475/2475/2475
f 2560/2560/2560 2562/2562/2562 2535/2535/2535
f 2535/2535/2535 2562/2562/2562 2537/2537/2537
f 2560/2560/2560 2558/2558/2558 2563/2563/2563
f 2563/2563/2563 2558/2558/2558 2561/2561/2561
f 2473/2473/2473 2564/2564/2564 2561/2561/2561
f 2474/2474/2474 2564/2564/2564 2473/2473/2473
f 2564/2564/2564 2474/2474/2474 2565/2565/2565
f 2566/2566/2566 2560/2560/2560 2563/2563/2563
f 2560/2560/2560 2566/2566/2566 2562/2562/2562
f 2563/2563/2563 2561/2561/2561 2567/2567/2567
f 2564/2564/2564 2567/2567/2567 2561/2561/2561
f 2567/2567/2567 2566/2566/2566 2563/2563/2563
f 2568/2568/2568 2564/2564/2564 2565/2565/2565
f 2564/2564/2564 2568/2568/2568 2567/2567/2567
f 2568/2568/2568 2565/2565/2565 2569/2569/2569
f 2537/2537/2537 2562/2562/2562 2570/2570/2570
f 2571/2571/2571 2537/2537/2537 2570/2570/2570
f 2566/2566/2566 2572/2572/2572 2562/2562/2562
f 2566/2566/2566 2567/2567/2567 2572/2572/2572
f 2572/2572/2572 2570/2570/2570 2562/2562/2562
f 2570/2570/2570 2572/2572/2572 2573/2573/2573
f 2571/2571/2571 2570/2570/2570 2574/2574/2574
f 2574/2574/2574 2570/2570/2570 2573/2573/2573
f 2575/2575/2575 2571/2571/2571 2574/2574/2574
f 2575/2575/2575 2574/2574/2574 2576/2576/2576
f 2567/2567/2567 2577/2577/2577 2572/2572/2572
f 2568/2568/2568 2577/2577/2577 2567/2567/2567
f 2577/2577/2577 2573/2573/2573 2572/2572/2572
f 2578/2578/2578 2568/2568/2568 2569/2569/2569
f 2577/2577/2577 2568/2568/2568 2578/2578/2578
f 2577/2577/2577 2578/2578/2578 2573/2573/2573
f 2578/2578/2578 2569/2569/2569 2579/2579/2579
f 2574/2574/2574 2580/2580/2580 2576/2576/2576
f 2574/2574/2574 2573/2573/2573 2580/2580/2580
f 2576/2576/2576 2580/2580/2580 2581/2581/2581
f 2582/2582/2582 2578/2578/2578 2579/2579/2579
f 2573/2573/2573 2578/2578/2578 2582/2582/2582
f 2583/2583/2583 2582/2582/2582 2579/2579/2579
f 2581/2581/2581 2580/2580/2580 2584/2584/2584
f 2584/2584/2584 2580/2580/2580 2585/2585/2585
f 2586/2586/2586 2581/2581/2581 2584/2584/2584
f 2573/2573/2573 2587/2587/2587 2580/2580/2580
f 2587/2587/2587 2573/2573/2573 2582/2582/2582
f 2580/2580/2580 2587/2587/2587 2585/2585/2585
f 2587/2587/2587 2582/2582/2582 2585/2585/2585
f 2588/2588/2588 2582/2582/2582 2583/2583/2583
f 2582/2582/2582 2588/2588/2588 2585/2585/2585
f 2583/2583/2583 2589/2589/2589 2588/2588/2588
f 2584/2584/2584 2590/2590/2590 2586/2586/2586
f 2590/2590/2590 2584/2584/2584 2585/2585/2585
f 2591/2591/2591 2586/2586/2586 2590/2590/2590
f 2590/2590/2590 2592/2592/2592 2591/2591/2591
f 2593/2593/2593 2588/2588/2588 2589/2589/2589
f 2588/2588/2588 2593/2593/2593 2585/2585/2585
f 2594/2594/2594 2593/2593/2593 2589/2589/2589
f 2594/2594/2594 2595/2595/2595 2593/2593/2593
f 2593/2593/2593 2595/2595/2595 2596/2596/2596
f 2595/2595/2595 2597/2597/2597 2596/2596/2596
f 2597/2597/2597 2598/2598/2598 2596/2596/2596
f 2598/2598/2598 2599/2599/2599 2596/2596/2596
f 2596/2596/2596 2599/2599/2599 2600/2600/2600
f 2593/2593/2593 2601/2601/2601 2585/2585/2585
f 2601/2601/2601 2590/2590/2590 2585/2585/2585
f 2593/2593/2593 2596/2596/2596 2601/2601/2601
f 2590/2590/2590 2602/2602/2602 2592/2592/2592
f 2602/2602/2602 2590/2590/2590 2601/2601/2601
f 2602/2602/2602 2603/2603/2603 2592/2592/2592
f 2596/2596/2596 2604/2604/2604 2601/2601/2601
f 2604/2604/2604 2596/2596/2596 2600/2600/2600
f 2604/2604/2604 2602/2602/2602 2601/2601/2601
f 2602/2602/2602 2604/2604/2604 2600/2600/2600
f 2605/2605/2605 2602/2602/2602 2600/2600/2600
f 2603/2603/2603 2602/2602/2602 2605/2605/2605
f 2606/2606/2606 2603/2603/2603 2605/2605/2605
f 2609/2609/2609 2608/2608/2608 2607/2607/2607
f 2610/2610/2610 2609/2609/2609 2607/2607/2607
f 2611/2611/2611 2609/2609/2609 2610/2610/2610
f 2612/2612/2612 2611/2611/2611 2610/2610/2610
f 2612/2612/2612 2613/2613/2613 2611/2611/2611
f 2613/2613/2613 2614/2614/2614 2611/2611/2611
f 2615/2615/2615 2614/2614/2614 2613/2613/2613
f 2616/2616/2616 2615/2615/2615 2613/2613/2613
f 2616/2616/2616 2617/2617/2617 2615/2615/2615
f 2617/2617/2617 2618/2618/2618 2615/2615/2615
f 2618/2618/2618 2617/2617/2617 2619/2619/2619
f 2620/2620/2620 2618/2618/2618 2619/2619/2619
f 2621/2621/2621 2620/2620/2620 2619/2619/2619
f 2622/2622/2622 2621/2621/2621 2619/2619/2619
f 2621/2621/2621 2622/2622/2622 2623/2623/2623
f 2622/2622/2622 2624/2624/2624 2623/2623/2623
f 2623/2623/2623 2624/2624/2624 2625/2625/2625
f 2626/2626/2626 2623/2623/2623 2625/2625/2625
f 2627/2627/2627 2626/2626/2626 2625/2625/2625
f 2628/2628/2628 2627/2627/2627 2625/2625/2625
f 2631/2631/2631 2630/2630/2630 2629/2629/2629
f 2632/2632/2632 2631/2631/2631 2629/2629/2629
f 2633/2633/2633 2631/2631/2631 2632/2632/2632
f 2634/2634/2634 2633/2633/2633 2632/2632/2632
f 2634/2634/2634 2635/2635/2635 2633/2633/2633
f 2635/2635/2635 2636/2636/2636 2633/2633/2633
f 2637/2637/2637 2636/2636/2636 2635/2635/2635
f 2638/2638/2638 2637/2637/2637 2635/2635/2635
f 2638/2638/2638 2639/2639/2639 2637/2637/2637
f 2639/2639/2639 2640/2640/2640 2637/2637/2637
f 2640/2640/2640 2639/2639/2639 2641/2641/2641
f 2639/2639/2639 2642/2642/2642 2641/2641/2641
f 2643/2643/2643 2641/2641/2641 2642/2642/2642
f 2644/2644/2644 2643/2643/2643 2642/2642/2642
f 2645/2645/2645 2643/2643/2643 2644/2644/2644
f 2646/2646/2646 2645/2645/2645 2644/2644/2644
f 2646/2646/2646 2647/2647/2647 2645/2645/2645
f 2647/2647/2647 2648/2648/2648 2645/2645/2645
f 2649/2649/2649 2648/2648/2648 2647/2647/2647
f 2650/2650/2650 2649/2649/2649 2647/2647/2647
f 2651/2651/2651 2649/2649/2649 2650/2650/2650
f 2652/2652/2652 2651/2651/2651 2650/2650/2650
f 2655/2655/2655 2654/2654/2654 2653/2653/2653
f 2654/2654/2654 2657/2657/2657 2656/2656/2656
f 2658/2658/2658 2655/2655/2655 2656/2656/2656
f 2657/2657/2657 2659/2659/2659 2656/2656/2656
f 2660/2660/2660 2658/2658/2658 2656/2656/2656
f 2659/2659/2659 2662/2662/2662 2661/2661/2661
f 2663/2663/2663 2660/2660/2660 2661/2661/2661
f 2664/2664/2664 2663/2663/2663 2656/2656/2656
f 2662/2662/2662 2665/2665/2665 2656/2656/2656
f 2666/2666/2666 2664/2664/2664 2656/2656/2656
f 2665/2665/2665 2666/2666/2666 2656/2656/2656
f 2669/2669/2669 2668/2668/2668 2667/2667/2667
f 2668/2668/2668 2671/2671/2671 2670/2670/2670
f 2672/2672/2672 2669/2669/2669 2670/2670/2670
f 2671/2671/2671 2673/2673/2673 2670/2670/2670
f 2674/2674/2674 2672/2672/2672 2670/2670/2670
f 2673/2673/2673 2676/2676/2676 2675/2675/2675
f 2677/2677/2677 2674/2674/2674 2675/2675/2675
f 2676/2676/2676 2678/2678/2678 2670/2670/2670
f 2679/2679/2679 2677/2677/2677 2670/2670/2670
f 2678/2678/2678 2680/2680/2680 2670/2670/2670
f 2680/2680/2680 2679/2679/2679 2670/2670/2670
f 2683/2683/2683 2682/2682/2682 2681/2681/2681
f 2684/2684/2684 2683/2683/2683 2681/2681/2681
f 2685/2685/2685 2683/2683/2683 2684/2684/2684
f 2686/2686/2686 2685/2685/2685 2684/2684/2684
f 2687/2687/2687 2685/2685/2685 2686/2686/2686
f 2688/2688/2688 2687/2687/2687 2686/2686/2686
f 2689/2689/2689 2687/2687/2687 2688/2688/2688
f 2690/2690/2690 2689/2689/2689 2688/2688/2688
f 2691/2691/2691 2689/2689/2689 2690/2690/2690
f 2692/2692/2692 2691/2691/2691 2690/2690/2690
f 2693/2693/2693 2691/2691/2691 2692/2692/2692
f 2694/2694/2694 2693/2693/2693 2692/2692/2692
f 2695/2695/2695 2693/2693/2693 2694/2694/2694
f 2696/2696/2696 2695/2695/2695 2694/2694/2694
f 2699/2699/2699 2698/2698/2698 2697/2697/2697
f 2698/2698/2698 2700/2700/2700 2697/2697/2697
f 2698/2698/2698 2701/2701/2701 2700/2700/2700
f 2701/2701/2701 2702/2702/2702 2700/2700/2700
f 2701/2701/2701 2703/2703/2703 2702/2702/2702
f 2703/2703/2703 2704/2704/2704 2702/2702/2702
f 2703/2703/2703 2705/2705/2705 2704/2704/2704
f 2705/2705/2705 2706/2706/2706 2704/2704/2704
f 2705/2705/2705 2707/2707/2707 2706/2706/2706
f 2707/2707/2707 2708/2708/2708 2706/2706/2706
f 2707/2707/2707 2709/2709/2709 2708/2708/2708
f 2709/2709/2709 2710/2710/2710 2708/2708/2708
f 2709/2709/2709 2711/2711/2711 2710/2710/2710
f 2711/2711/2711 2712/2712/2712 2710/2710/2710
f 2715/2715/2715 2714/2714/2714 2713/2713/2713
f 2716/2716/2716 2715/2715/2715 2713/2713/2713
f 2719/2719/2719 2718/2718/2718 2717/2717/2717
f 2720/2720/2720 2719/2719/2719 2717/2717/2717
f 2719/2719/2719 2720/2720/2720 2721/2721/2721
f 2722/2722/2722 2719/2719/2719 2721/2721/2721
f 2725/2725/2725 2724/2724/2724 2723/2723/2723
f 2725/2725/2725 2726/2726/2726 2724/2724/2724
f 2726/2726/2726 2727/2727/2727 2724/2724/2724
f 2730/2730/2730 2729/2729/2729 2728/2728/2728
f 2731/2731/2731 2730/2730/2730 2728/2728/2728
f 2731/2731/2731 2728/2728/2728 2732/2732/2732
f 2733/2733/2733 2731/2731/2731 2732/2732/2732
f 2734/2734/2734 2733/2733/2733 2732/2732/2732
f 2734/2734/2734 2732/2732/2732 2735/2735/2735
f 2734/2734/2734 2735/2735/2735 2736/2736/2736
f 2736/2736/2736 2735/2735/2735 2737/2737/2737
f 2740/2740/2740 2739/2739/2739 2738/2738/2738
f 2739/2739/2739 2741/2741/2741 2738/2738/2738
f 2738/2738/2738 2741/2741/2741 2742/2742/2742
f 2741/2741/2741 2739/2739/2739 2743/2743/2743
f 2741/2741/2741 2743/2743/2743 2742/2742/2742
f 2743/2743/2743 2739/2739/2739 2744/2744/2744
f 2742/2742/2742 2743/2743/2743 2745/2745/2745
f 2745/2745/2745 2743/2743/2743 2744/2744/2744
f 2746/2746/2746 2742/2742/2742 2745/2745/2745
f 2746/2746/2746 2745/2745/2745 2747/2747/2747
f 2745/2745/2745 2744/2744/2744 2748/2748/2748
f 2745/2745/2745 2748/2748/2748 2747/2747/2747
f 2744/2744/2744 2749/2749/2749 2748/2748/2748
f 2747/2747/2747 2748/2748/2748 2750/2750/2750
f 2748/2748/2748 2749/2749/2749 2750/2750/2750
f 2753/2753/2753 2752/2752/2752 2751/2751/2751
f 2754/2754/2754 2753/2753/2753 2751/2751/2751
f 2757/2757/2757 2756/2756/2756 2755/2755/2755
f 2758/2758/2758 2757/2757/2757 2755/2755/2755
f 2761/2761/2761 2760/2760/2760 2759/2759/2759
f 2762/2762/2762 2761/2761/2761 2759/2759/2759
f 2762/2762/2762 2763/2763/2763 2761/2761/2761
f 2763/2763/2763 2764/2764/2764 2761/2761/2761
f 2763/2763/2763 2765/2765/2765 2764/2764/2764
f 2765/2765/2765 2766/2766/2766 2764/2764/2764
f 2769/2769/2769 2768/2768/2768 2767/2767/2767
f 2768/2768/2768 2770/2770/2770 2767/2767/2767
f 2767/2767/2767 2770/2770/2770 2771/2771/2771
f 2772/2772/2772 2770/2770/2770 2768/2768/2768
f 2773/2773/2773 2770/2770/2770 2772/2772/2772
f 2773/2773/2773 2772/2772/2772 2774/2774/2774
f 2775/2775/2775 2773/2773/2773 2774/2774/2774
f 2776/2776/2776 2775/2775/2775 2774/2774/2774
f 2773/2773/2773 2775/2775/2775 2777/2777/2777
f 2778/2778/2778 2773/2773/2773 2777/2777/2777
f 2770/2770/2770 2773/2773/2773 2778/2778/2778
f 2778/2778/2778 2779/2779/2779 2770/2770/2770
f 2779/2779/2779 2780/2780/2780 2770/2770/2770
f 2770/2770/2770 2780/2780/2780 2781/2781/2781
f 2779/2779/2779 2782/2782/2782 2780/2780/2780
f 2781/2781/2781 2780/2780/2780 2783/2783/2783
f 2782/2782/2782 2783/2783/2783 2780/2780/2780
f 2783/2783/2783 2782/2782/2782 2784/2784/2784
f 2784/2784/2784 2785/2785/2785 2783/2783/2783
f 2786/2786/2786 2783/2783/2783 2785/2785/2785
f 2787/2787/2787 2783/2783/2783 2786/2786/2786
f 2788/2788/2788 2783/2783/2783 2787/2787/2787
f 2787/2787/2787 2786/2786/2786 2789/2789/2789
f 2785/2785/2785 2790/2790/2790 2786/2786/2786
f 2790/2790/2790 2785/2785/2785 2791/2791/2791
f 2786/2786/2786 2792/2792/2792 2789/2789/2789
f 2790/2790/2790 2792/2792/2792 2786/2786/2786
f 2789/2789/2789 2792/2792/2792 2793/2793/2793
f 2790/2790/2790 2794/2794/2794 2792/2792/2792
f 2795/2795/2795 2793/2793/2793 2792/2792/2792
f 2794/2794/2794 2795/2795/2795 2792/2792/2792
f 2793/2793/2793 2795/2795/2795 2796/2796/2796
f 2794/2794/2794 2797/2797/2797 2795/2795/2795
f 2795/2795/2795 2798/2798/2798 2796/2796/2796
f 2797/2797/2797 2798/2798/2798 2795/2795/2795
f 2798/2798/2798 2799/2799/2799 2796/2796/2796
f 2800/2800/2800 2796/2796/2796 2799/2799/2799
f 2801/2801/2801 2799/2799/2799 2798/2798/2798
f 2797/2797/2797 2801/2801/2801 2798/2798/2798
f 2802/2802/2802 2801/2801/2801 2797/2797/2797
f 2805/2805/2805 2804/2804/2804 2803/2803/2803
f 2806/2806/2806 2805/2805/2805 2803/2803/2803
f 2807/2807/2807 2805/2805/2805 2806/2806/2806
f 2808/2808/2808 2807/2807/2807 2806/2806/2806
f 2809/2809/2809 2807/2807/2807 2808/2808/2808
f 2810/2810/2810 2809/2809/2809 2808/2808/2808
f 2810/2810/2810 2811/2811/2811 2809/2809/2809
f 2811/2811/2811 2812/2812/2812 2809/2809/2809
f 2813/2813/2813 2812/2812/2812 2811/2811/2811
f 2814/2814/2814 2812/2812/2812 2813/2813/2813
f 2813/2813/2813 2815/2815/2815 2814/2814/2814
f 2813/2813/2813 2816/2816/2816 2815/2815/2815
f 2816/2816/2816 2817/2817/2817 2815/2815/2815
f 2817/2817/2817 2818/2818/2818 2815/2815/2815
f 2819/2819/2819 2818/2818/2818 2817/2817/2817
f 2820/2820/2820 2819/2819/2819 2817/2817/2817
f 2820/2820/2820 2821/2821/2821 2819/2819/2819
f 2821/2821/2821 2822/2822/2822 2819/2819/2819
f 2822/2822/2822 2821/2821/2821 2823/2823/2823
f 2824/2824/2824 2822/2822/2822 2823/2823/2823
f 2825/2825/2825 2824/2824/2824 2823/2823/2823
f 2826/2826/2826 2825/2825/2825 2823/2823/2823
f 2827/2827/2827 2825/2825/2825 2826/2826/2826
f 2827/2827/2827 2828/2828/2828 2825/2825/2825
f 2831/2831/2831 2830/2830/2830 2829/2829/2829
f 2831/2831/2831 2829/2829/2829 2832/2832/2832
f 2829/2829/2829 2833/2833/2833 2832/2832/2832
f 2832/2832/2832 2833/2833/2833 2834/2834/2834
f 2833/2833/2833 2835/2835/2835 2834/2834/2834
f 2836/2836/2836 2834/2834/2834 2835/2835/2835
f 2837/2837/2837 2836/2836/2836 2835/2835/2835
f 2836/2836/2836 2837/2837/2837 2838/2838/2838
f 2841/2841/2841 2840/2840/2840 2839/2839/2839
f 2842/2842/2842 2841/2841/2841 2839/2839/2839
f 2845/2845/2845 2844/2844/2844 2843/2843/2843
f 2846/2846/2846 2845/2845/2845 2843/2843/2843
f 2849/2849/2849 2848/2848/2848 2847/2847/2847
f 2850/2850/2850 2849/2849/2849 2847/2847/2847
f 2853/2853/2853 2852/2852/2852 2851/2851/2851
f 2852/2852/2852 2854/2854/2854 2851/2851/2851
f 2854/2854/2854 2852/2852/2852 2855/2855/2855
f 2852/2852/2852 2856/2856/2856 2855/2855/2855
f 2859/2859/2859 2858/2858/2858 2857/2857/2857
f 2860/2860/2860 2858/2858/2858 2859/2859/2859
f 2861/2861/2861 2860/2860/2860 2859/2859/2859
f 2864/2864/2864 2863/2863/2863 2862/2862/2862
f 2863/2863/2863 2865/2865/2865 2862/2862/2862
f 2862/2862/2862 2865/2865/2865 2866/2866/2866
f 2865/2865/2865 2867/2867/2867 2866/2866/2866
f 2866/2866/2866 2867/2867/2867 2868/2868/2868
f 2867/2867/2867 2869/2869/2869 2868/2868/2868
f 2868/2868/2868 2869/2869/2869 2870/2870/2870
f 2868/2868/2868 2870/2870/2870 2871/2871/2871
f 2874/2874/2874 2873/2873/2873 2872/2872/2872
f 2875/2875/2875 2874/2874/2874 2872/2872/2872
f 2875/2875/2875 2872/2872/2872 2876/2876/2876
f 2874/2874/2874 2875/2875/2875 2877/2877/2877
f 2877/2877/2877 2875/2875/2875 2876/2876/2876
f 2874/2874/2874 2877/2877/2877 2878/2878/2878
f 2877/2877/2877 2876/2876/2876 2879/2879/2879
f 2877/2877/2877 2879/2879/2879 2878/2878/2878
f 2876/2876/2876 2880/2880/2880 2879/2879/2879
f 2879/2879/2879 2880/2880/2880 2881/2881/2881
f 2878/2878/2878 2879/2879/2879 2882/2882/2882
f 2882/2882/2882 2879/2879/2879 2881/2881/2881
f 2883/2883/2883 2878/2878/2878 2882/2882/2882
f 2882/2882/2882 2881/2881/2881 2884/2884/2884
f 2883/2883/2883 2882/2882/2882 2884/2884/2884
f 2887/2887/2887 2886/2886/2886 2885/2885/2885
f 2888/2888/2888 2887/2887/2887 2885/2885/2885
f 2891/2891/2891 2890/2890/2890 2889/2889/2889
f 2892/2892/2892 2891/2891/2891 2889/2889/2889
f 2895/2895/2895 2894/2894/2894 2893/2893/2893
f 2894/2894/2894 2896/2896/2896 2893/2893/2893
f 2897/2897/2897 2896/2896/2896 2894/2894/2894
f 2898/2898/2898 2897/2897/2897 2894/2894/2894
f 2899/2899/2899 2897/2897/2897 2898/2898/2898
f 2900/2900/2900 2899/2899/2899 2898/2898/2898
f 2903/2903/2903 2902/2902/2902 2901/2901/2901
f 2904/2904/2904 2903/2903/2903 2901/2901/2901
f 2904/2904/2904 2901/2901/2901 2905/2905/2905
f 2904/2904/2904 2906/2906/2906 2903/2903/2903
f 2904/2904/2904 2907/2907/2907 2906/2906/2906
f 2906/2906/2906 2907/2907/2907 2908/2908/2908
f 2907/2907/2907 2909/2909/2909 2908/2908/2908
f 2909/2909/2909 2910/2910/2910 2908/2908/2908
f 2909/2909/2909 2907/2907/2907 2911/2911/2911
f 2907/2907/2907 2912/2912/2912 2911/2911/2911
f 2907/2907/2907 2904/2904/2904 2912/2912/2912
f 2913/2913/2913 2912/2912/2912 2904/2904/2904
f 2914/2914/2914 2913/2913/2913 2904/2904/2904
f 2914/2914/2914 2904/2904/2904 2915/2915/2915
f 2916/2916/2916 2913/2913/2913 2914/2914/2914
f 2917/2917/2917 2914/2914/2914 2915/2915/2915
f 2917/2917/2917 2916/2916/2916 2914/2914/2914
f 2918/2918/2918 2916/2916/2916 2917/2917/2917
f 2917/2917/2917 2919/2919/2919 2918/2918/2918
f 2917/2917/2917 2920/2920/2920 2919/2919/2919
f 2917/2917/2917 2921/2921/2921 2920/2920/2920
f 2917/2917/2917 2922/2922/2922 2921/2921/2921
f 2920/2920/2920 2921/2921/2921 2923/2923/2923
f 2924/2924/2924 2919/2919/2919 2920/2920/2920
f 2919/2919/2919 2924/2924/2924 2925/2925/2925
f 2926/2926/2926 2920/2920/2920 2923/2923/2923
f 2926/2926/2926 2924/2924/2924 2920/2920/2920
f 2926/2926/2926 2923/2923/2923 2927/2927/2927
f 2928/2928/2928 2924/2924/2924 2926/2926/2926
f 2927/2927/2927 2929/2929/2929 2926/2926/2926
f 2929/2929/2929 2928/2928/2928 2926/2926/2926
f 2929/2929/2929 2927/2927/2927 2930/2930/2930
f 2931/2931/2931 2928/2928/2928 2929/2929/2929
f 2932/2932/2932 2929/2929/2929 2930/2930/2930
f 2932/2932/2932 2931/2931/2931 2929/2929/2929
f 2933/2933/2933 2932/2932/2932 2930/2930/2930
f 2930/2930/2930 2934/2934/2934 2933/2933/2933
f 2933/2933/2933 2935/2935/2935 2932/2932/2932
f 2935/2935/2935 2931/2931/2931 2932/2932/2932
f 2935/2935/2935 2936/2936/2936 2931/2931/2931
f 2939/2939/2939 2938/2938/2938 2937/2937/2937
f 2938/2938/2938 2940/2940/2940 2937/2937/2937
f 2938/2938/2938 2941/2941/2941 2940/2940/2940
f 2941/2941/2941 2942/2942/2942 2940/2940/2940
f 2941/2941/2941 2943/2943/2943 2942/2942/2942
f 2943/2943/2943 2944/2944/2944 2942/2942/2942
f 2945/2945/2945 2944/2944/2944 2943/2943/2943
f 2946/2946/2946 2945/2945/2945 2943/2943/2943
f 2946/2946/2946 2947/2947/2947 2945/2945/2945
f 2946/2946/2946 2948/2948/2948 2947/2947/2947
f 2949/2949/2949 2947/2947/2947 2948/2948/2948
f 2950/2950/2950 2949/2949/2949 2948/2948/2948
f 2951/2951/2951 2949/2949/2949 2950/2950/2950
f 2952/2952/2952 2951/2951/2951 2950/2950/2950
f 2952/2952/2952 2953/2953/2953 2951/2951/2951
f 2953/2953/2953 2954/2954/2954 2951/2951/2951
f 2955/2955/2955 2954/2954/2954 2953/2953/2953
f 2956/2956/2956 2955/2955/2955 2953/2953/2953
f 2955/2955/2955 2956/2956/2956 2957/2957/2957
f 2956/2956/2956 2958/2958/2958 2957/2957/2957
f 2958/2958/2958 2959/2959/2959 2957/2957/2957
f 2959/2959/2959 2960/2960/2960 2957/2957/2957
f 2959/2959/2959 2961/2961/2961 2960/2960/2960
f 2962/2962/2962 2961/2961/2961 2959/2959/2959
f 2965/2965/2965 2964/2964/2964 2963/2963/2963
f 2963/2963/2963 2964/2964/2964 2966/2966/2966
f 2967/2967/2967 2963/2963/2963 2966/2966/2966
f 2967/2967/2967 2966/2966/2966 2968/2968/2968
f 2969/2969/2969 2967/2967/2967 2968/2968/2968
f 2968/2968/2968 2970/2970/2970 2969/2969/2969
f 2970/2970/2970 2971/2971/2971 2969/2969/2969
f 2971/2971/2971 2970/2970/2970 2972/2972/2972
f 2975/2975/2975 2974/2974/2974 2973/2973/2973
f 2976/2976/2976 2975/2975/2975 2973/2973/2973
f 2979/2979/2979 2978/2978/2978 2977/2977/2977
f 2980/2980/2980 2979/2979/2979 2977/2977/2977
f 2982/2982/2982 2981/2981/2981 193/193/193
f 181/181/181 2982/2982/2982 193/193/193
f 2985/2985/2985 2984/2984/2984 2983/2983/2983
f 2986/2986/2986 2985/2985/2985 2983/2983/2983
f 2985/2985/2985 2988/2988/2988 2987/2987/2987
f 2988/2988/2988 2989/2989/2989 2987/2987/2987
f 2987/2987/2987 2989/2989/2989 2990/2990/2990
f 2991/2991/2991 2987/2987/2987 2990/2990/2990
f 2991/2991/2991 2993/2993/2993 2992/2992/2992
f 2993/2993/2993 2994/2994/2994 2992/2992/2992
f 276/276/276 2996/2996/2996 2995/2995/2995
f 264/264/264 276/276/276 2995/2995/2995
f 2999/2999/2999 2998/2998/2998 2997/2997/2997
f 3000/3000/3000 2999/2999/2999 2997/2997/2997
f 3002/3002/3002 2999/2999/2999 3001/3001/3001
f 3003/3003/3003 3002/3002/3002 3001/3001/3001
f 3003/3003/3003 3001/3001/3001 3004/3004/3004
f 3005/3005/3005 3003/3003/3003 3004/3004/3004
f 3005/3005/3005 3004/3004/3004 3006/3006/3006
f 3007/3007/3007 3005/3005/3005 3006/3006/3006
f 3010/3010/3010 3009/3009/3009 3008/3008/3008
f 3008/3008/3008 3009/3009/3009 3011/3011/3011
f 3009/3009/3009 3012/3012/3012 3011/3011/3011
f 3013/3013/3013 3011/3011/3011 3012/3012/3012
f 3014/3014/3014 3013/3013/3013 3012/3012/3012
f 3015/3015/3015 3013/3013/3013 3014/3014/3014
f 3016/3016/3016 3015/3015/3015 3014/3014/3014
f 3015/3015/3015 3016/3016/3016 3017/3017/3017
f 3016/3016/3016 3018/3018/3018 3017/3017/3017
f 3018/3018/3018 3019/3019/3019 3017/3017/3017
f 3022/3022/3022 3021/3021/3021 3020/3020/3020
f 3023/3023/3023 3021/3021/3021 3022/3022/3022
f 3024/3024/3024 3023/3023/3023 3022/3022/3022
f 3025/3025/3025 3023/3023/3023 3024/3024/3024
f 3026/3026/3026 3023/3023/3023 3025/3025/3025
f 3027/3027/3027 3026/3026/3026 3025/3025/3025
f 3030/3030/3030 3029/3029/3029 3028/3028/3028
f 3028/3028/3028 3029/3029/3029 3031/3031/3031
f 3031/3031/3031 3029/3029/3029 3032/3032/3032
f 3029/3029/3029 3033/3033/3033 3032/3032/3032
f 3032/3032/3032 3033/3033/3033 3034/3034/3034
f 3035/3035/3035 3032/3032/3032 3034/3034/3034
f 3035/3035/3035 3034/3034/3034 3036/3036/3036
f 3039/3039/3039 3038/3038/3038 3037/3037/3037
f 3038/3038/3038 3040/3040/3040 3037/3037/3037
f 3041/3041/3041 3040/3040/3040 3038/3038/3038
f 3042/3042/3042 3041/3041/3041 3038/3038/3038
f 3043/3043/3043 3042/3042/3042 3038/3038/3038
f 3046/3046/3046 3045/3045/3045 3044/3044/3044
f 3046/3046/3046 3044/3044/3044 3047/3047/3047
f 3048/3048/3048 3046/3046/3046 3047/3047/3047
f 3049/3049/3049 3048/3048/3048 3047/3047/3047
f 3049/3049/3049 3050/3050/3050 3048/3048/3048
f 3050/3050/3050 3051/3051/3051 3048/3048/3048
f 3052/3052/3052 3051/3051/3051 3050/3050/3050
f 3053/3053/3053 3052/3052/3052 3050/3050/3050
f 3052/3052/3052 3053/3053/3053 3054/3054/3054
f 3052/3052/3052 3054/3054/3054 3055/3055/3055
f 3058/3058/3058 3057/3057/3057 3056/3056/3056
f 3059/3059/3059 3058/3058/3058 3056/3056/3056
f 3056/3056/3056 3060/3060/3060 3059/3059/3059
f 3060/3060/3060 3061/3061/3061 3059/3059/3059
f 3061/3061/3061 3062/3062/3062 3059/3059/3059
f 3065/3065/3065 3064/3064/3064 3063/3063/3063
f 3066/3066/3066 3065/3065/3065 3063/3063/3063
f 3067/3067/3067 3065/3065/3065 3066/3066/3066
f 3068/3068/3068 3067/3067/3067 3066/3066/3066
f 3067/3067/3067 3068/3068/3068 3069/3069/3069
f 3070/3070/3070 3067/3067/3067 3069/3069/3069
f 3070/3070/3070 3069/3069/3069 3071/3071/3071
f 3072/3072/3072 3070/3070/3070 3071/3071/3071
f 3075/3075/3075 3074/3074/3074 3073/3073/3073
f 3076/3076/3076 3075/3075/3075 3073/3073/3073
f 3076/3076/3076 3073/3073/3073 3077/3077/3077
f 3073/3073/3073 3078/3078/3078 3077/3077/3077
f 3077/3077/3077 3078/3078/3078 3079/3079/3079
f 3078/3078/3078 3080/3080/3080 3079/3079/3079
f 3079/3079/3079 3080/3080/3080 3081/3081/3081
f 3080/3080/3080 3082/3082/3082 3081/3081/3081
f 3081/3081/3081 3082/3082/3082 3083/3083/3083
f 3082/3082/3082 3084/3084/3084 3083/3083/3083
f 3084/3084/3084 3085/3085/3085 3083/3083/3083
f 3085/3085/3085 3086/3086/3086 3083/3083/3083
f 3085/3085/3085 3087/3087/3087 3086/3086/3086
f 3087/3087/3087 3088/3088/3088 3086/3086/3086
f 3087/3087/3087 3089/3089/3089 3088/3088/3088
f 3089/3089/3089 3090/3090/3090 3088/3088/3088
f 3089/3089/3089 3091/3091/3091 3090/3090/3090
f 3091/3091/3091 3092/3092/3092 3090/3090/3090
f 3093/3093/3093 3092/3092/3092 3091/3091/3091
f 3094/3094/3094 3093/3093/3093 3091/3091/3091
f 3097/3097/3097 3096/3096/3096 3095/3095/3095
f 3095/3095/3095 3096/3096/3096 3098/3098/3098
f 3096/3096/3096 3099/3099/3099 3098/3098/3098
f 3100/3100/3100 3099/3099/3099 3096/3096/3096
f 3098/3098/3098 3099/3099/3099 3101/3101/3101
f 3099/3099/3099 3102/3102/3102 3101/3101/3101
f 3102/3102/3102 3103/3103/3103 3101/3101/3101
f 3103/3103/3103 3104/3104/3104 3101/3101/3101
f 3103/3103/3103 3105/3105/3105 3104/3104/3104
f 3103/3103/3103 3106/3106/3106 3105/3105/3105
f 3105/3105/3105 3107/3107/3107 3104/3104/3104
f 3105/3105/3105 3108/3108/3108 3107/3107/3107
f 3111/3111/3111 3110/3110/3110 3109/3109/3109
f 3110/3110/3110 3111/3111/3111 3112/3112/3112
f 3111/3111/3111 3113/3113/3113 3112/3112/3112
f 3114/3114/3114 3113/3113/3113 3111/3111/3111
f 3114/3114/3114 3115/3115/3115 3113/3113/3113
f 3113/3113/3113 3116/3116/3116 3112/3112/3112
f 3115/3115/3115 3116/3116/3116 3113/3113/3113
f 3112/3112/3112 3116/3116/3116 3117/3117/3117
f 3118/3118/3118 3116/3116/3116 3115/3115/3115
f 3118/3118/3118 3117/3117/3117 3116/3116/3116
f 3119/3119/3119 3112/3112/3112 3117/3117/3117
f 3119/3119/3119 3110/3110/3110 3112/3112/3112
f 3120/3120/3120 3119/3119/3119 3117/3117/3117
f 3115/3115/3115 3121/3121/3121 3118/3118/3118
f 3121/3121/3121 3122/3122/3122 3118/3118/3118
f 3121/3121/3121 3115/3115/3115 3123/3123/3123
f 3122/3122/3122 3121/3121/3121 3124/3124/3124
f 3123/3123/3123 3124/3124/3124 3121/3121/3121
f 3125/3125/3125 3119/3119/3119 3120/3120/3120
f 3126/3126/3126 3125/3125/3125 3120/3120/3120
f 3125/3125/3125 3126/3126/3126 3127/3127/3127
f 3128/3128/3128 3125/3125/3125 3127/3127/3127
f 3128/3128/3128 3127/3127/3127 3129/3129/3129
f 3130/3130/3130 3110/3110/3110 3119/3119/3119
f 3125/3125/3125 3131/3131/3131 3119/3119/3119
f 3131/3131/3131 3130/3130/3130 3119/3119/3119
f 3110/3110/3110 3130/3130/3130 3132/3132/3132
f 3110/3110/3110 3132/3132/3132 3133/3133/3133
f 3132/3132/3132 3130/3130/3130 3134/3134/3134
f 3131/3131/3131 3134/3134/3134 3130/3130/3130
f 3135/3135/3135 3131/3131/3131 3125/3125/3125
f 3135/3135/3135 3125/3125/3125 3128/3128/3128
f 3131/3131/3131 3135/3135/3135 3136/3136/3136
f 3137/3137/3137 3128/3128/3128 3129/3129/3129
f 3138/3138/3138 3135/3135/3135 3128/3128/3128
f 3138/3138/3138 3128/3128/3128 3137/3137/3137
f 3139/3139/3139 3137/3137/3137 3129/3129/3129
f 3129/3129/3129 3140/3140/3140 3139/3139/3139
f 3138/3138/3138 3141/3141/3141 3135/3135/3135
f 3142/3142/3142 3135/3135/3135 3141/3141/3141
f 3141/3141/3141 3138/3138/3138 3143/3143/3143
f 3144/3144/3144 3138/3138/3138 3137/3137/3137
f 3138/3138/3138 3144/3144/3144 3145/3145/3145
f 3146/3146/3146 3144/3144/3144 3137/3137/3137
f 3139/3139/3139 3146/3146/3146 3137/3137/3137
f 3146/3146/3146 3147/3147/3147 3144/3144/3144
f 3146/3146/3146 3148/3148/3148 3147/3147/3147
f 3146/3146/3146 3139/3139/3139 3148/3148/3148
f 3148/3148/3148 3139/3139/3139 3140/3140/3140
f 3140/3140/3140 3149/3149/3149 3148/3148/3148
f 3150/3150/3150 3148/3148/3148 3149/3149/3149
f 3151/3151/3151 3150/3150/3150 3149/3149/3149
f 3151/3151/3151 3149/3149/3149 3140/3140/3140
f 3152/3152/3152 3151/3151/3151 3140/3140/3140
f 3155/3155/3155 3154/3154/3154 3153/3153/3153
f 3155/3155/3155 3156/3156/3156 3154/3154/3154
f 3159/3159/3159 3158/3158/3158 3157/3157/3157
f 3160/3160/3160 3159/3159/3159 3157/3157/3157
f 3163/3163/3163 3162/3162/3162 3161/3161/3161
f 3164/3164/3164 3162/3162/3162 3163/3163/3163
f 3167/3167/3167 3166/3166/3166 3165/3165/3165
f 3135/3135/3135 3166/3166/3166 3167/3167/3167
f 3170/3170/3170 3169/3169/3169 3168/3168/3168
f 3170/3170/3170 3171/3171/3171 3169/3169/3169
f 3174/3174/3174 3173/3173/3173 3172/3172/3172
f 3172/3172/3172 3173/3173/3173 3175/3175/3175
f 3178/3178/3178 3177/3177/3177 3176/3176/3176
f 3178/3178/3178 3176/3176/3176 3179/3179/3179
f 3179/3179/3179 3176/3176/3176 3180/3180/3180
f 3180/3180/3180 3176/3176/3176 3181/3181/3181
f 3181/3181/3181 3176/3176/3176 3182/3182/3182
f 3182/3182/3182 3176/3176/3176 3183/3183/3183
f 3183/3183/3183 3176/3176/3176 3184/3184/3184
f 3185/3185/3185 3184/3184/3184 3176/3176/3176
f 3188/3188/3188 3187/3187/3187 3186/3186/3186
f 3189/3189/3189 3187/3187/3187 3188/3188/3188
f 3190/3190/3190 3187/3187/3187 3189/3189/3189
f 3191/3191/3191 3187/3187/3187 3190/3190/3190
f 3192/3192/3192 3187/3187/3187 3191/3191/3191
f 3193/3193/3193 3187/3187/3187 3192/3192/3192
f 3194/3194/3194 3187/3187/3187 3193/3193/3193
f 3195/3195/3195 3187/3187/3187 3194/3194/3194
f 3198/3198/3198 3197/3197/3197 3196/3196/3196
f 3197/3197/3197 3199/3199/3199 3196/3196/3196
f 3199/3199/3199 3200/3200/3200 3196/3196/3196
f 3199/3199/3199 3201/3201/3201 3200/3200/3200
f 3200/3200/3200 3201/3201/3201 3202/3202/3202
f 3202/3202/3202 3203/3203/3203 3200/3200/3200
f 3203/3203/3203 3202/3202/3202 3204/3204/3204
f 3205/3205/3205 3203/3203/3203 3204/3204/3204
f 3205/3205/3205 3204/3204/3204 3206/3206/3206
f 3207/3207/3207 3205/3205/3205 3206/3206/3206
f 3208/3208/3208 3207/3207/3207 3206/3206/3206
f 3209/3209/3209 3208/3208/3208 3206/3206/3206
f 3210/3210/3210 3208/3208/3208 3209/3209/3209
f 3211/3211/3211 3210/3210/3210 3209/3209/3209
f 3212/3212/3212 3210/3210/3210 3211/3211/3211
f 3213/3213/3213 3212/3212/3212 3211/3211/3211
f 3216/3216/3216 3215/3215/3215 3214/3214/3214
f 3214/3214/3214 3215/3215/3215 3217/3217/3217
f 3214/3214/3214 3217/3217/3217 3218/3218/3218
f 3214/3214/3214 3218/3218/3218 3219/3219/3219
f 3214/3214/3214 3219/3219/3219 3220/3220/3220
f 3214/3214/3214 3220/3220/3220 3221/3221/3221
f 3214/3214/3214 3221/3221/3221 3222/3222/3222
f 3222/3222/3222 3223/3223/3223 3214/3214/3214
f 3226/3226/3226 3225/3225/3225 3224/3224/3224
f 3226/3226/3226 3227/3227/3227 3225/3225/3225
f 3226/3226/3226 3228/3228/3228 3227/3227/3227
f 3226/3226/3226 3229/3229/3229 3228/3228/3228
f 3226/3226/3226 3230/3230/3230 3229/3229/3229
f 3226/3226/3226 3231/3231/3231 3230/3230/3230
f 3226/3226/3226 3232/3232/3232 3231/3231/3231
f 3226/3226/3226 3233/3233/3233 3232/3232/3232
f 3236/3236/3236 3235/3235/3235 3234/3234/3234
f 3237/3237/3237 3236/3236/3236 3234/3234/3234
f 3238/3238/3238 3237/3237/3237 3234/3234/3234
f 3239/3239/3239 3237/3237/3237 3238/3238/3238
f 3239/3239/3239 3238/3238/3238 3240/3240/3240
f 3241/3241/3241 3240/3240/3240 3238/3238/3238
f 3240/3240/3240 3241/3241/3241 3242/3242/3242
f 3241/3241/3241 3243/3243/3243 3242/3242/3242
f 3242/3242/3242 3243/3243/3243 3244/3244/3244
f 3243/3243/3243 3245/3245/3245 3244/3244/3244
f 3245/3245/3245 3246/3246/3246 3244/3244/3244
f 3246/3246/3246 3247/3247/3247 3244/3244/3244
f 3246/3246/3246 3248/3248/3248 3247/3247/3247
f 3248/3248/3248 3249/3249/3249 3247/3247/3247
f 3248/3248/3248 3250/3250/3250 3249/3249/3249
f 3250/3250/3250 3251/3251/3251 3249/3249/3249
f 3254/3254/3254 3253/3253/3253 3252/3252/3252
f 3255/3255/3255 3254/3254/3254 3252/3252/3252
f 3255/3255/3255 3252/3252/3252 3256/3256/3256
f 3255/3255/3255 3257/3257/3257 3254/3254/3254
f 3258/3258/3258 3255/3255/3255 3256/3256/3256
f 3259/3259/3259 3257/3257/3257 3255/3255/3255
f 3259/3259/3259 3260/3260/3260 3257/3257/3257
f 3259/3259/3259 3261/3261/3261 3260/3260/3260
f 3262/3262/3262 3255/3255/3255 3258/3258/3258
f 3262/3262/3262 3259/3259/3259 3255/3255/3255
f 3263/3263/3263 3262/3262/3262 3258/3258/3258
f 3264/3264/3264 3262/3262/3262 3263/3263/3263
f 3264/3264/3264 3259/3259/3259 3262/3262/3262
f 3265/3265/3265 3264/3264/3264 3263/3263/3263
f 3266/3266/3266 3261/3261/3261 3259/3259/3259
f 3264/3264/3264 3266/3266/3266 3259/3259/3259
f 3264/3264/3264 3265/3265/3265 3267/3267/3267
f 3265/3265/3265 3268/3268/3268 3267/3267/3267
f 3264/3264/3264 3267/3267/3267 3269/3269/3269
f 3266/3266/3266 3264/3264/3264 3269/3269/3269
f 3266/3266/3266 3269/3269/3269 3270/3270/3270
f 3271/3271/3271 3266/3266/3266 3270/3270/3270
f 3266/3266/3266 3271/3271/3271 3261/3261/3261
f 3271/3271/3271 3272/3272/3272 3261/3261/3261
f 3271/3271/3271 3273/3273/3273 3272/3272/3272
f 3271/3271/3271 3274/3274/3274 3273/3273/3273
f 3277/3277/3277 3276/3276/3276 3275/3275/3275
f 3278/3278/3278 3277/3277/3277 3275/3275/3275
f 3279/3279/3279 3278/3278/3278 3275/3275/3275
f 3279/3279/3279 3275/3275/3275 3280/3280/3280
f 3280/3280/3280 3281/3281/3281 3279/3279/3279
f 3282/3282/3282 3281/3281/3281 3280/3280/3280
f 3285/3285/3285 3284/3284/3284 3283/3283/3283
f 3283/3283/3283 3284/3284/3284 3286/3286/3286
f 3284/3284/3284 3287/3287/3287 3286/3286/3286
f 3288/3288/3288 3286/3286/3286 3287/3287/3287
f 3288/3288/3288 3287/3287/3287 3289/3289/3289
f 3289/3289/3289 3290/3290/3290 3288/3288/3288
f 3290/3290/3290 3289/3289/3289 3291/3291/3291
f 3291/3291/3291 3289/3289/3289 3292/3292/3292
f 3292/3292/3292 3289/3289/3289 3293/3293/3293
f 3296/3296/3296 3295/3295/3295 3294/3294/3294
f 3295/3295/3295 3297/3297/3297 3294/3294/3294
f 3294/3294/3294 3297/3297/3297 3298/3298/3298
f 3299/3299/3299 3297/3297/3297 3295/3295/3295
f 3297/3297/3297 3300/3300/3300 3298/3298/3298
f 3299/3299/3299 3301/3301/3301 3297/3297/3297
f 3302/3302/3302 3301/3301/3301 3299/3299/3299
f 3303/3303/3303 3301/3301/3301 3302/3302/3302
f 3297/3297/3297 3304/3304/3304 3300/3300/3300
f 3301/3301/3301 3304/3304/3304 3297/3297/3297
f 3304/3304/3304 3305/3305/3305 3300/3300/3300
f 3304/3304/3304 3306/3306/3306 3305/3305/3305
f 3301/3301/3301 3306/3306/3306 3304/3304/3304
f 3306/3306/3306 3307/3307/3307 3305/3305/3305
f 3303/3303/3303 3308/3308/3308 3301/3301/3301
f 3308/3308/3308 3306/3306/3306 3301/3301/3301
f 3307/3307/3307 3306/3306/3306 3309/3309/3309
f 3310/3310/3310 3307/3307/3307 3309/3309/3309
f 3309/3309/3309 3306/3306/3306 3311/3311/3311
f 3306/3306/3306 3308/3308/3308 3311/3311/3311
f 3311/3311/3311 3308/3308/3308 3312/3312/3312
f 3308/3308/3308 3313/3313/3313 3312/3312/3312
f 3313/3313/3313 3308/3308/3308 3303/3303/3303
f 3314/3314/3314 3313/3313/3313 3303/3303/3303
f 3315/3315/3315 3313/3313/3313 3314/3314/3314
f 3316/3316/3316 3313/3313/3313 3315/3315/3315
f 3319/3319/3319 3318/3318/3318 3317/3317/3317
f 3320/3320/3320 3319/3319/3319 3317/3317/3317
f 3320/3320/3320 3317/3317/3317 3321/3321/3321
f 3317/3317/3317 3322/3322/3322 3321/3321/3321
f 3321/3321/3321 3322/3322/3322 3323/3323/3323
f 3323/3323/3323 3324/3324/3324 3321/3321/3321
f 3323/3323/3323 3325/3325/3325 3324/3324/3324
f 3326/3326/3326 3319/3319/3319 3320/3320/3320
f 3319/3319/3319 3326/3326/3326 3327/3327/3327
f 3320/3320/3320 3321/3321/3321 3328/3328/3328
f 3328/3328/3328 3321/3321/3321 3324/3324/3324
f 3328/3328/3328 3329/3329/3329 3320/3320/3320
f 3329/3329/3329 3326/3326/3326 3320/3320/3320
f 3328/3328/3328 3324/3324/3324 3330/3330/3330
f 3328/3328/3328 3330/3330/3330 3329/3329/3329
f 3324/3324/3324 3325/3325/3325 3331/3331/3331
f 3324/3324/3324 3332/3332/3332 3330/3330/3330
f 3324/3324/3324 3331/3331/3331 3332/3332/3332
f 3325/3325/3325 3333/3333/3333 3331/3331/3331
f 3333/3333/3333 3325/3325/3325 3334/3334/3334
f 3335/3335/3335 3333/3333/3333 3334/3334/3334
f 3332/3332/3332 3331/3331/3331 3336/3336/3336
f 3331/3331/3331 3333/3333/3333 3336/3336/3336
f 3337/3337/3337 3326/3326/3326 3329/3329/3329
f 3330/3330/3330 3338/3338/3338 3329/3329/3329
f 3338/3338/3338 3337/3337/3337 3329/3329/3329
f 3337/3337/3337 3339/3339/3339 3326/3326/3326
f 3326/3326/3326 3339/3339/3339 3327/3327/3327
f 3340/3340/3340 3337/3337/3337 3338/3338/3338
f 3337/3337/3337 3340/3340/3340 3339/3339/3339
f 3341/3341/3341 3338/3338/3338 3330/3330/3330
f 3341/3341/3341 3340/3340/3340 3338/3338/3338
f 3330/3330/3330 3332/3332/3332 3342/3342/3342
f 3342/3342/3342 3341/3341/3341 3330/3330/3330
f 3332/3332/3332 3343/3343/3343 3342/3342/3342
f 3332/3332/3332 3336/3336/3336 3343/3343/3343
f 3342/3342/3342 3344/3344/3344 3341/3341/3341
f 3342/3342/3342 3343/3343/3343 3344/3344/3344
f 3341/3341/3341 3345/3345/3345 3340/3340/3340
f 3344/3344/3344 3345/3345/3345 3341/3341/3341
f 3343/3343/3343 3336/3336/3336 3346/3346/3346
f 3347/3347/3347 3344/3344/3344 3343/3343/3343
f 3343/3343/3343 3346/3346/3346 3347/3347/3347
f 3346/3346/3346 3336/3336/3336 3348/3348/3348
f 3333/3333/3333 3348/3348/3348 3336/3336/3336
f 3348/3348/3348 3333/3333/3333 3349/3349/3349
f 3346/3346/3346 3348/3348/3348 3349/3349/3349
f 3333/3333/3333 3350/3350/3350 3349/3349/3349
f 3351/3351/3351 3346/3346/3346 3349/3349/3349
f 3352/3352/3352 3346/3346/3346 3351/3351/3351
f 3347/3347/3347 3346/3346/3346 3352/3352/3352
f 3353/3353/3353 3352/3352/3352 3351/3351/3351
f 3354/3354/3354 3352/3352/3352 3353/3353/3353
f 3354/3354/3354 3347/3347/3347 3352/3352/3352
f 3355/3355/3355 3354/3354/3354 3353/3353/3353
f 3356/3356/3356 3354/3354/3354 3355/3355/3355
f 3347/3347/3347 3354/3354/3354 3356/3356/3356
f 3357/3357/3357 3356/3356/3356 3355/3355/3355
f 3356/3356/3356 3357/3357/3357 3358/3358/3358
f 3359/3359/3359 3347/3347/3347 3356/3356/3356
f 3359/3359/3359 3356/3356/3356 3358/3358/3358
f 3344/3344/3344 3347/3347/3347 3359/3359/3359
f 3360/3360/3360 3359/3359/3359 3358/3358/3358
f 3361/3361/3361 3360/3360/3360 3358/3358/3358
f 3362/3362/3362 3360/3360/3360 3361/3361/3361
f 3344/3344/3344 3359/3359/3359 3363/3363/3363
f 3363/3363/3363 3359/3359/3359 3360/3360/3360
f 3344/3344/3344 3363/3363/3363 3345/3345/3345
f 3364/3364/3364 3360/3360/3360 3362/3362/3362
f 3362/3362/3362 3365/3365/3365 3364/3364/3364
f 3366/3366/3366 3364/3364/3364 3365/3365/3365
f 3367/3367/3367 3363/3363/3363 3360/3360/3360
f 3345/3345/3345 3363/3363/3363 3367/3367/3367
f 3364/3364/3364 3367/3367/3367 3360/3360/3360
f 3368/3368/3368 3364/3364/3364 3366/3366/3366
f 3368/3368/3368 3367/3367/3367 3364/3364/3364
f 3345/3345/3345 3367/3367/3367 3369/3369/3369
f 3369/3369/3369 3367/3367/3367 3368/3368/3368
f 3345/3345/3345 3369/3369/3369 3340/3340/3340
f 3340/3340/3340 3369/3369/3369 3370/3370/3370
f 3340/3340/3340 3370/3370/3370 3339/3339/3339
f 3368/3368/3368 3366/3366/3366 3371/3371/3371
f 3372/3372/3372 3371/3371/3371 3366/3366/3366
f 3371/3371/3371 3372/3372/3372 3373/3373/3373
f 3374/3374/3374 3371/3371/3371 3373/3373/3373
f 3375/3375/3375 3371/3371/3371 3374/3374/3374
f 3371/3371/3371 3375/3375/3375 3368/3368/3368
f 3376/3376/3376 3375/3375/3375 3374/3374/3374
f 3369/3369/3369 3368/3368/3368 3377/3377/3377
f 3369/3369/3369 3377/3377/3377 3370/3370/3370
f 3377/3377/3377 3368/3368/3368 3375/3375/3375
f 3370/3370/3370 3377/3377/3377 3375/3375/3375
f 3375/3375/3375 3376/3376/3376 3378/3378/3378
f 3370/3370/3370 3375/3375/3375 3378/3378/3378
f 3370/3370/3370 3378/3378/3378 3339/3339/3339
f 3378/3378/3378 3376/3376/3376 3379/3379/3379
f 3378/3378/3378 3379/3379/3379 3380/3380/3380
f 3378/3378/3378 3381/3381/3381 3339/3339/3339
f 3381/3381/3381 3378/3378/3378 3380/3380/3380
f 3339/3339/3339 3381/3381/3381 3327/3327/3327
f 3381/3381/3381 3380/3380/3380 3382/3382/3382
f 3381/3381/3381 3382/3382/3382 3327/3327/3327
f 3383/3383/3383 3327/3327/3327 3382/3382/3382
f 3386/3386/3386 3385/3385/3385 3384/3384/3384
f 3386/3386/3386 3384/3384/3384 3387/3387/3387
f 3388/3388/3388 3386/3386/3386 3387/3387/3387
f 3387/3387/3387 3389/3389/3389 3388/3388/3388
f 3388/3388/3388 3389/3389/3389 3390/3390/3390
f 3391/3391/3391 3390/3390/3390 3389/3389/3389
f 3390/3390/3390 3391/3391/3391 3392/3392/3392
f 3390/3390/3390 3392/3392/3392 3393/3393/3393
f 3390/3390/3390 3393/3393/3393 3394/3394/3394
f 3397/3397/3397 3396/3396/3396 3395/3395/3395
f 3396/3396/3396 3398/3398/3398 3395/3395/3395
f 3395/3395/3395 3398/3398/3398 3399/3399/3399
f 3400/3400/3400 3395/3395/3395 3399/3399/3399
f 3400/3400/3400 3399/3399/3399 3401/3401/3401
f 3402/3402/3402 3401/3401/3401 3399/3399/3399
f 3403/3403/3403 3401/3401/3401 3402/3402/3402
f 3396/3396/3396 3404/3404/3404 3398/3398/3398
f 3404/3404/3404 3396/3396/3396 3405/3405/3405
f 3399/3399/3399 3398/3398/3398 3406/3406/3406
f 3399/3399/3399 3406/3406/3406 3402/3402/3402
f 3407/3407/3407 3406/3406/3406 3398/3398/3398
f 3404/3404/3404 3407/3407/3407 3398/3398/3398
f 3402/3402/3402 3406/3406/3406 3408/3408/3408
f 3408/3408/3408 3406/3406/3406 3407/3407/3407
f 3403/3403/3403 3402/3402/3402 3409/3409/3409
f 3410/3410/3410 3402/3402/3402 3408/3408/3408
f 3409/3409/3409 3402/3402/3402 3410/3410/3410
f 3411/3411/3411 3403/3403/3403 3409/3409/3409
f 3403/3403/3403 3411/3411/3411 3412/3412/3412
f 3411/3411/3411 3413/3413/3413 3412/3412/3412
f 3409/3409/3409 3410/3410/3410 3414/3414/3414
f 3411/3411/3411 3409/3409/3409 3414/3414/3414
f 3404/3404/3404 3415/3415/3415 3407/3407/3407
f 3416/3416/3416 3408/3408/3408 3407/3407/3407
f 3415/3415/3415 3416/3416/3416 3407/3407/3407
f 3417/3417/3417 3415/3415/3415 3404/3404/3404
f 3417/3417/3417 3404/3404/3404 3405/3405/3405
f 3415/3415/3415 3418/3418/3418 3416/3416/3416
f 3418/3418/3418 3415/3415/3415 3417/3417/3417
f 3416/3416/3416 3419/3419/3419 3408/3408/3408
f 3418/3418/3418 3419/3419/3419 3416/3416/3416
f 3410/3410/3410 3408/3408/3408 3420/3420/3420
f 3419/3419/3419 3420/3420/3420 3408/3408/3408
f 3421/3421/3421 3410/3410/3410 3420/3420/3420
f 3414/3414/3414 3410/3410/3410 3421/3421/3421
f 3422/3422/3422 3420/3420/3420 3419/3419/3419
f 3421/3421/3421 3420/3420/3420 3422/3422/3422
f 3423/3423/3423 3419/3419/3419 3418/3418/3418
f 3423/3423/3423 3422/3422/3422 3419/3419/3419
f 3424/3424/3424 3411/3411/3411 3414/3414/3414
f 3414/3414/3414 3421/3421/3421 3425/3425/3425
f 3414/3414/3414 3425/3425/3425 3424/3424/3424
f 3411/3411/3411 3424/3424/3424 3426/3426/3426
f 3424/3424/3424 3425/3425/3425 3426/3426/3426
f 3427/3427/3427 3411/3411/3411 3426/3426/3426
f 3425/3425/3425 3428/3428/3428 3426/3426/3426
f 3425/3425/3425 3421/3421/3421 3429/3429/3429
f 3422/3422/3422 3429/3429/3429 3421/3421/3421
f 3425/3425/3425 3430/3430/3430 3428/3428/3428
f 3425/3425/3425 3429/3429/3429 3430/3430/3430
f 3430/3430/3430 3431/3431/3431 3428/3428/3428
f 3430/3430/3430 3432/3432/3432 3431/3431/3431
f 3429/3429/3429 3432/3432/3432 3430/3430/3430
f 3432/3432/3432 3433/3433/3433 3431/3431/3431
f 3432/3432/3432 3434/3434/3434 3433/3433/3433
f 3432/3432/3432 3429/3429/3429 3434/3434/3434
f 3434/3434/3434 3435/3435/3435 3433/3433/3433
f 3435/3435/3435 3434/3434/3434 3436/3436/3436
f 3429/3429/3429 3437/3437/3437 3434/3434/3434
f 3429/3429/3429 3422/3422/3422 3437/3437/3437
f 3434/3434/3434 3437/3437/3437 3436/3436/3436
f 3437/3437/3437 3422/3422/3422 3438/3438/3438
f 3438/3438/3438 3422/3422/3422 3423/3423/3423
f 3437/3437/3437 3439/3439/3439 3436/3436/3436
f 3437/3437/3437 3438/3438/3438 3439/3439/3439
f 3439/3439/3439 3440/3440/3440 3436/3436/3436
f 3439/3439/3439 3441/3441/3441 3440/3440/3440
f 3438/3438/3438 3423/3423/3423 3442/3442/3442
f 3438/3438/3438 3442/3442/3442 3439/3439/3439
f 3439/3439/3439 3443/3443/3443 3441/3441/3441
f 3442/3442/3442 3443/3443/3443 3439/3439/3439
f 3444/3444/3444 3441/3441/3441 3443/3443/3443
f 3443/3443/3443 3445/3445/3445 3444/3444/3444
f 3442/3442/3442 3423/3423/3423 3446/3446/3446
f 3446/3446/3446 3423/3423/3423 3418/3418/3418
f 3442/3442/3442 3447/3447/3447 3443/3443/3443
f 3443/3443/3443 3447/3447/3447 3445/3445/3445
f 3442/3442/3442 3446/3446/3446 3447/3447/3447
f 3446/3446/3446 3418/3418/3418 3448/3448/3448
f 3448/3448/3448 3418/3418/3418 3417/3417/3417
f 3445/3445/3445 3447/3447/3447 3449/3449/3449
f 3449/3449/3449 3450/3450/3450 3445/3445/3445
f 3450/3450/3450 3449/3449/3449 3451/3451/3451
f 3449/3449/3449 3452/3452/3452 3451/3451/3451
f 3449/3449/3449 3453/3453/3453 3452/3452/3452
f 3453/3453/3453 3449/3449/3449 3447/3447/3447
f 3453/3453/3453 3454/3454/3454 3452/3452/3452
f 3447/3447/3447 3446/3446/3446 3455/3455/3455
f 3455/3455/3455 3446/3446/3446 3448/3448/3448
f 3447/3447/3447 3455/3455/3455 3453/3453/3453
f 3455/3455/3455 3448/3448/3448 3453/3453/3453
f 3454/3454/3454 3453/3453/3453 3456/3456/3456
f 3453/3453/3453 3448/3448/3448 3456/3456/3456
f 3456/3456/3456 3448/3448/3448 3417/3417/3417
f 3454/3454/3454 3456/3456/3456 3457/3457/3457
f 3457/3457/3457 3456/3456/3456 3458/3458/3458
f 3459/3459/3459 3456/3456/3456 3417/3417/3417
f 3456/3456/3456 3459/3459/3459 3458/3458/3458
f 3459/3459/3459 3417/3417/3417 3405/3405/3405
f 3458/3458/3458 3459/3459/3459 3460/3460/3460
f 3460/3460/3460 3459/3459/3459 3405/3405/3405
f 3405/3405/3405 3461/3461/3461 3460/3460/3460
f 3464/3464/3464 3463/3463/3463 3462/3462/3462
f 3463/3463/3463 3465/3465/3465 3462/3462/3462
f 3465/3465/3465 3466/3466/3466 3462/3462/3462
f 3467/3467/3467 3462/3462/3462 3466/3466/3466
f 3466/3466/3466 3468/3468/3468 3467/3467/3467
f 3468/3468/3468 3469/3469/3469 3467/3467/3467
f 3472/3472/3472 3471/3471/3471 3470/3470/3470
f 3470/3470/3470 3471/3471/3471 3473/3473/3473
f 3471/3471/3471 3474/3474/3474 3473/3473/3473
f 3475/3475/3475 3473/3473/3473 3474/3474/3474
f 3476/3476/3476 3475/3475/3475 3474/3474/3474
f 3477/3477/3477 3475/3475/3475 3476/3476/3476
f 3480/3480/3480 3479/3479/3479 3478/3478/3478
f 3478/3478/3478 3479/3479/3479 3481/3481/3481
f 3482/3482/3482 3478/3478/3478 3481/3481/3481
f 3482/3482/3482 3481/3481/3481 3483/3483/3483
f 3484/3484/3484 3482/3482/3482 3483/3483/3483
f 3485/3485/3485 3484/3484/3484 3483/3483/3483
f 3486/3486/3486 3485/3485/3485 3483/3483/3483
f 3486/3486/3486 3487/3487/3487 3485/3485/3485
f 3488/3488/3488 3485/3485/3485 3487/3487/3487
f 3489/3489/3489 3488/3488/3488 3487/3487/3487
f 3490/3490/3490 3489/3489/3489 3487/3487/3487
f 3493/3493/3493 3492/3492/3492 3491/3491/3491
f 3491/3491/3491 3492/3492/3492 3494/3494/3494
f 3492/3492/3492 3495/3495/3495 3494/3494/3494
f 3496/3496/3496 3494/3494/3494 3495/3495/3495
f 3499/3499/3499 3498/3498/3498 3497/3497/3497
f 3499/3499/3499 3497/3497/3497 3500/3500/3500
f 3497/3497/3497 3501/3501/3501 3500/3500/3500
f 3500/3500/3500 3501/3501/3501 3502/3502/3502
f 3501/3501/3501 3503/3503/3503 3502/3502/3502
f 3504/3504/3504 3502/3502/3502 3503/3503/3503
f 3507/3507/3507 3506/3506/3506 3505/3505/3505
f 3506/3506/3506 3507/3507/3507 3508/3508/3508
f 3509/3509/3509 3506/3506/3506 3508/3508/3508
f 3510/3510/3510 3509/3509/3509 3508/3508/3508
f 3513/3513/3513 3512/3512/3512 3511/3511/3511
f 3512/3512/3512 3513/3513/3513 3514/3514/3514
f 3513/3513/3513 3515/3515/3515 3514/3514/3514
f 3515/3515/3515 3516/3516/3516 3514/3514/3514
f 3519/3519/3519 3518/3518/3518 3517/3517/3517
f 3520/3520/3520 3519/3519/3519 3517/3517/3517
f 3521/3521/3521 3520/3520/3520 3517/3517/3517
f 3520/3520/3520 3521/3521/3521 3522/3522/3522
f 3523/3523/3523 3520/3520/3520 3522/3522/3522
f 3522/3522/3522 3524/3524/3524 3523/3523/3523
f 3527/3527/3527 3526/3526/3526 3525/3525/3525
f 3527/3527/3527 3525/3525/3525 3528/3528/3528
f 3525/3525/3525 3529/3529/3529 3528/3528/3528
f 3528/3528/3528 3529/3529/3529 3530/3530/3530
f 3529/3529/3529 3531/3531/3531 3530/3530/3530
f 3531/3531/3531 3532/3532/3532 3530/3530/3530
f 3532/3532/3532 3533/3533/3533 3530/3530/3530
f 3534/3534/3534 3533/3533/3533 3532/3532/3532
f 3532/3532/3532 3535/3535/3535 3534/3534/3534
f 3535/3535/3535 3536/3536/3536 3534/3534/3534
f 3536/3536/3536 3537/3537/3537 3534/3534/3534
f 3540/3540/3540 3539/3539/3539 3538/3538/3538
f 3540/3540/3540 3538/3538/3538 3541/3541/3541
f 3542/3542/3542 3540/3540/3540 3541/3541/3541
f 3541/3541/3541 3543/3543/3543 3542/3542/3542
f 3546/3546/3546 3545/3545/3545 3544/3544/3544
f 3545/3545/3545 3546/3546/3546 3547/3547/3547
f 3545/3545/3545 3547/3547/3547 3548/3548/3548
f 3551/3551/3551 3550/3550/3550 3549/3549/3549
f 3549/3549/3549 3550/3550/3550 3552/3552/3552
f 3550/3550/3550 3553/3553/3553 3552/3552/3552
f 3552/3552/3552 3553/3553/3553 3554/3554/3554
f 3557/3557/3557 3556/3556/3556 3555/3555/3555
f 3558/3558/3558 3556/3556/3556 3557/3557/3557
f 3559/3559/3559 3558/3558/3558 3557/3557/3557
f 3562/3562/3562 3561/3561/3561 3560/3560/3560
f 3562/3562/3562 3560/3560/3560 3563/3563/3563
f 3566/3566/3566 3565/3565/3565 3564/3564/3564
f 3567/3567/3567 3566/3566/3566 3564/3564/3564
f 3570/3570/3570 3569/3569/3569 3568/3568/3568
f 3571/3571/3571 3569/3569/3569 3570/3570/3570
f 3572/3572/3572 3571/3571/3571 3570/3570/3570
f 3572/3572/3572 3570/3570/3570 3573/3573/3573
f 3570/3570/3570 3574/3574/3574 3573/3573/3573
f 3570/3570/3570 3575/3575/3575 3574/3574/3574
f 3578/3578/3578 3577/3577/3577 3576/3576/3576
f 3578/3578/3578 3576/3576/3576 3579/3579/3579
f 3580/3580/3580 3578/3578/3578 3579/3579/3579
f 3583/3583/3583 3582/3582/3582 3581/3581/3581
f 3584/3584/3584 3582/3582/3582 3583/3583/3583
f 3585/3585/3585 3584/3584/3584 3583/3583/3583
f 3588/3588/3588 3587/3587/3587 3586/3586/3586
f 3587/3587/3587 3589/3589/3589 3586/3586/3586
f 3587/3587/3587 3590/3590/3590 3589/3589/3589
f 3593/3593/3593 3592/3592/3592 3591/3591/3591
f 3593/3593/3593 3591/3591/3591 3594/3594/3594
f 3595/3595/3595 3593/3593/3593 3594/3594/3594
f 3598/3598/3598 3597/3597/3597 3596/3596/3596
f 3597/3597/3597 3599/3599/3599 3596/3596/3596
f 3597/3597/3597 3600/3600/3600 3599/3599/3599
f 3603/3603/3603 3602/3602/3602 3601/3601/3601
f 3604/3604/3604 3603/3603/3603 3601/3601/3601
f 3607/3607/3607 3606/3606/3606 3605/3605/3605
f 3607/3607/3607 3605/3605/3605 3608/3608/3608
f 3609/3609/3609 3607/3607/3607 3608/3608/3608
f 3612/3612/3612 3611/3611/3611 3610/3610/3610
f 3613/3613/3613 3610/3610/3610 3611/3611/3611
f 3614/3614/3614 3613/3613/3613 3611/3611/3611
f 3615/3615/3615 3613/3613/3613 3614/3614/3614
f 3615/3615/3615 3616/3616/3616 3613/3613/3613
f 3613/3613/3613 3617/3617/3617 3610/3610/3610
f 3616/3616/3616 3617/3617/3617 3613/3613/3613
f 3617/3617/3617 3618/3618/3618 3610/3610/3610
f 3617/3617/3617 3619/3619/3619 3618/3618/3618
f 3620/3620/3620 3617/3617/3617 3616/3616/3616
f 3619/3619/3619 3617/3617/3617 3620/3620/3620
f 3621/3621/3621 3620/3620/3620 3616/3616/3616
f 3622/3622/3622 3619/3619/3619 3620/3620/3620
f 3622/3622/3622 3620/3620/3620 3621/3621/3621
f 3625/3625/3625 3624/3624/3624 3623/3623/3623
f 3625/3625/3625 3626/3626/3626 3624/3624/3624
f 3629/3629/3629 3628/3628/3628 3627/3627/3627
f 3630/3630/3630 3629/3629/3629 3627/3627/3627
f 3630/3630/3630 3627/3627/3627 3631/3631/3631
f 3632/3632/3632 3629/3629/3629 3630/3630/3630
f 3630/3630/3630 3631/3631/3631 3633/3633/3633
f 3630/3630/3630 3633/3633/3633 3632/3632/3632
f 3636/3636/3636 3635/3635/3635 3634/3634/3634
f 3637/3637/3637 3635/3635/3635 3636/3636/3636
f 3638/3638/3638 3637/3637/3637 3636/3636/3636
f 3641/3641/3641 3640/3640/3640 3639/3639/3639
f 3639/3639/3639 3642/3642/3642 3641/3641/3641
f 3643/3643/3643 3641/3641/3641 3642/3642/3642
f 3639/3639/3639 3644/3644/3644 3642/3642/3642
f 3647/3647/3647 3646/3646/3646 3645/3645/3645
f 3645/3645/3645 3646/3646/3646 3648/3648/3648
f 3646/3646/3646 3649/3649/3649 3648/3648/3648
f 3652/3652/3652 3651/3651/3651 3650/3650/3650
f 3653/3653/3653 3652/3652/3652 3650/3650/3650
f 3654/3654/3654 3652/3652/3652 3653/3653/3653
f 3657/3657/3657 3656/3656/3656 3655/3655/3655
f 3657/3657/3657 3658/3658/3658 3656/3656/3656
f 3658/3658/3658 3659/3659/3659 3656/3656/3656
f 3662/3662/3662 3661/3661/3661 3660/3660/3660
f 3663/3663/3663 3660/3660/3660 3661/3661/3661
f 3664/3664/3664 3663/3663/3663 3661/3661/3661
f 3664/3664/3664 3665/3665/3665 3663/3663/3663
f 3668/3668/3668 3667/3667/3667 3666/3666/3666
f 3669/3669/3669 3667/3667/3667 3668/3668/3668
f 3670/3670/3670 3669/3669/3669 3668/3668/3668
f 3673/3673/3673 3672/3672/3672 3671/3671/3671
f 3674/3674/3674 3673/3673/3673 3671/3671/3671
f 3675/3675/3675 3673/3673/3673 3674/3674/3674
f 3671/3671/3671 3676/3676/3676 3674/3674/3674
f 3677/3677/3677 3676/3676/3676 3671/3671/3671
f 3677/3677/3677 3671/3671/3671 3678/3678/3678
f 3677/3677/3677 3679/3679/3679 3676/3676/3676
f 3678/3678/3678 3680/3680/3680 3677/3677/3677
f 3677/3677/3677 3680/3680/3680 3679/3679/3679
f 3683/3683/3683 3682/3682/3682 3681/3681/3681
f 3684/3684/3684 3681/3681/3681 3682/3682/3682
f 3687/3687/3687 3686/3686/3686 3685/3685/3685
f 3687/3687/3687 3685/3685/3685 3688/3688/3688
f 3689/3689/3689 3687/3687/3687 3688/3688/3688
f 3692/3692/3692 3691/3691/3691 3690/3690/3690
f 3693/3693/3693 3691/3691/3691 3692/3692/3692
f 3694/3694/3694 3693/3693/3693 3692/3692/3692
f 3695/3695/3695 3693/3693/3693 3694/3694/3694
f 3698/3698/3698 3697/3697/3697 3696/3696/3696
f 3699/3699/3699 3696/3696/3696 3697/3697/3697
f 3696/3696/3696 3701/3701/3701 3700/3700/3700
f 3700/3700/3700 3702/3702/3702 3696/3696/3696
f 3700/3700/3700 3703/3703/3703 3702/3702/3702
f 3696/3696/3696 3705/3705/3705 3704/3704/3704
f 3704/3704/3704 3705/3705/3705 3706/3706/3706
f 3705/3705/3705 3707/3707/3707 3706/3706/3706
f 3708/3708/3708 3707/3707/3707 3705/3705/3705
f 3696/3696/3696 3709/3709/3709 3705/3705/3705
f 3709/3709/3709 3708/3708/3708 3705/3705/3705
f 3711/3711/3711 3709/3709/3709 3710/3710/3710
f 3711/3711/3711 3710/3710/3710 3712/3712/3712
f 3715/3715/3715 3714/3714/3714 3713/3713/3713
f 3715/3715/3715 3713/3713/3713 3716/3716/3716
f 3717/3717/3717 3715/3715/3715 3716/3716/3716
f 3720/3720/3720 3719/3719/3719 3718/3718/3718
f 3719/3719/3719 3721/3721/3721 3718/3718/3718
f 3719/3719/3719 3722/3722/3722 3721/3721/3721
f 3725/3725/3725 3724/3724/3724 3723/3723/3723
f 3725/3725/3725 3726/3726/3726 3724/3724/3724
f 3726/3726/3726 3725/3725/3725 3727/3727/3727
f 3725/3725/3725 3728/3728/3728 3727/3727/3727
f 3727/3727/3727 3728/3728/3728 3729/3729/3729
f 3725/3725/3725 3731/3731/3731 3730/3730/3730
f 3732/3732/3732 3725/3725/3725 3730/3730/3730
f 3732/3732/3732 3730/3730/3730 3733/3733/3733
f 3736/3736/3736 3735/3735/3735 3734/3734/3734
f 3734/3734/3734 3737/3737/3737 3736/3736/3736
f 3736/3736/3736 3737/3737/3737 3738/3738/3738
f 3739/3739/3739 3737/3737/3737 3734/3734/3734
f 3739/3739/3739 3740/3740/3740 3737/3737/3737
f 3740/3740/3740 3741/3741/3741 3737/3737/3737
f 3740/3740/3740 3742/3742/3742 3741/3741/3741
f 3741/3741/3741 3743/3743/3743 3737/3737/3737
f 3744/3744/3744 3737/3737/3737 3743/3743/3743
f 3747/3747/3747 3746/3746/3746 3745/3745/3745
f 3748/3748/3748 3747/3747/3747 3745/3745/3745
f 3748/3748/3748 3745/3745/3745 3749/3749/3749
f 3752/3752/3752 3751/3751/3751 3750/3750/3750
f 3752/3752/3752 3753/3753/3753 3751/3751/3751
f 3753/3753/3753 3754/3754/3754 3751/3751/3751
f 3753/3753/3753 3755/3755/3755 3754/3754/3754
f 3758/3758/3758 3757/3757/3757 3756/3756/3756
f 3759/3759/3759 3758/3758/3758 3756/3756/3756
f 3760/3760/3760 3759/3759/3759 3756/3756/3756
f 3763/3763/3763 3762/3762/3762 3761/3761/3761
f 3763/3763/3763 3764/3764/3764 3762/3762/3762
f 3767/3767/3767 3766/3766/3766 3765/3765/3765
f 3768/3768/3768 3767/3767/3767 3765/3765/3765
f 3771/3771/3771 3770/3770/3770 3769/3769/3769
f 3770/3770/3770 3772/3772/3772 3769/3769/3769
f 3775/3775/3775 3774/3774/3774 3773/3773/3773
f 3775/3775/3775 3776/3776/3776 3774/3774/3774
f 3777/3777/3777 3776/3776/3776 3775/3775/3775
f 3777/3777/3777 3775/3775/3775 3778/3778/3778
f 3779/3779/3779 3776/3776/3776 3777/3777/3777
f 3777/3777/3777 3778/3778/3778 3780/3780/3780
f 3781/3781/3781 3779/3779/3779 3777/3777/3777
f 3781/3781/3781 3782/3782/3782 3779/3779/3779
f 3783/3783/3783 3782/3782/3782 3781/3781/3781
f 3783/3783/3783 3781/3781/3781 3784/3784/3784
f 3781/3781/3781 3777/3777/3777 3784/3784/3784
f 3780/3780/3780 3784/3784/3784 3777/3777/3777
f 3784/3784/3784 3780/3780/3780 3785/3785/3785
f 3780/3780/3780 3786/3786/3786 3785/3785/3785
f 3785/3785/3785 3786/3786/3786 3787/3787/3787
f 3790/3790/3790 3789/3789/3789 3788/3788/3788
f 3791/3791/3791 3788/3788/3788 3789/3789/3789
f 3794/3794/3794 3793/3793/3793 3792/3792/3792
f 3794/3794/3794 3792/3792/3792 3795/3795/3795
f 3798/3798/3798 3797/3797/3797 3796/3796/3796
f 3796/3796/3796 3799/3799/3799 3798/3798/3798
f 3802/3802/3802 3801/3801/3801 3800/3800/3800
f 3800/3800/3800 3801/3801/3801 3803/3803/3803
f 3801/3801/3801 3804/3804/3804 3803/3803/3803
f 3807/3807/3807 3806/3806/3806 3805/3805/3805
f 3808/3808/3808 3807/3807/3807 3805/3805/3805
f 3809/3809/3809 3807/3807/3807 3808/3808/3808
f 3808/3808/3808 3810/3810/3810 3809/3809/3809
f 3808/3808/3808 3805/3805/3805 3810/3810/3810
f 3805/3805/3805 3811/3811/3811 3810/3810/3810
f 3814/3814/3814 3813/3813/3813 3812/3812/3812
f 3812/3812/3812 3813/3813/3813 3815/3815/3815
f 3813/3813/3813 3816/3816/3816 3815/3815/3815
f 3819/3819/3819 3818/3818/3818 3817/3817/3817
f 3818/3818/3818 3820/3820/3820 3817/3817/3817
f 3820/3820/3820 3821/3821/3821 3817/3817/3817
f 3820/3820/3820 3818/3818/3818 3822/3822/3822
f 3823/3823/3823 3821/3821/3821 3820/3820/3820
f 3823/3823/3823 3820/3820/3820 3822/3822/3822
f 3826/3826/3826 3825/3825/3825 3824/3824/3824
f 3827/3827/3827 3826/3826/3826 3824/3824/3824
f 3827/3827/3827 3828/3828/3828 3826/3826/3826
f 3831/3831/3831 3830/3830/3830 3829/3829/3829
f 3832/3832/3832 3831/3831/3831 3829/3829/3829
f 3832/3832/3832 3833/3833/3833 3831/3831/3831
f 3836/3836/3836 3835/3835/3835 3834/3834/3834
f 3836/3836/3836 3837/3837/3837 3835/3835/3835
f 3840/3840/3840 3839/3839/3839 3838/3838/3838
f 3841/3841/3841 3838/3838/3838 3839/3839/3839
f 3844/3844/3844 3843/3843/3843 3842/3842/3842
f 3844/3844/3844 3842/3842/3842 3845/3845/3845
f 3848/3848/3848 3847/3847/3847 3846/3846/3846
f 3848/3848/3848 3846/3846/3846 3849/3849/3849
f 3852/3852/3852 3851/3851/3851 3850/3850/3850
f 3851/3851/3851 3853/3853/3853 3850/3850/3850
f 3850/3850/3850 3853/3853/3853 3854/3854/3854
f 3851/3851/3851 3855/3855/3855 3853/3853/3853
f 3853/3853/3853 3856/3856/3856 3854/3854/3854
f 3853/3853/3853 3855/3855/3855 3856/3856/3856
f 3859/3859/3859 3858/3858/3858 3857/3857/3857
f 3858/3858/3858 3860/3860/3860 3857/3857/3857
f 3857/3857/3857 3860/3860/3860 3861/3861/3861
f 3858/3858/3858 3862/3862/3862 3860/3860/3860
f 3860/3860/3860 3863/3863/3863 3861/3861/3861
f 3860/3860/3860 3862/3862/3862 3863/3863/3863
f 3866/3866/3866 3865/3865/3865 3864/3864/3864
f 3867/3867/3867 3866/3866/3866 3864/3864/3864
f 3867/3867/3867 3864/3864/3864 3868/3868/3868
f 3867/3867/3867 3869/3869/3869 3866/3866/3866
f 3872/3872/3872 3871/3871/3871 3870/3870/3870
f 3871/3871/3871 3873/3873/3873 3870/3870/3870
f 3871/3871/3871 3874/3874/3874 3873/3873/3873
f 3875/3875/3875 3873/3873/3873 3874/3874/3874
f 3870/3870/3870 3873/3873/3873 3875/3875/3875
f 3876/3876/3876 3870/3870/3870 3875/3875/3875
f 3879/3879/3879 3878/3878/3878 3877/3877/3877
f 3878/3878/3878 3880/3880/3880 3877/3877/3877
f 3883/3883/3883 3882/3882/3882 3881/3881/3881
f 3881/3881/3881 3884/3884/3884 3883/3883/3883
f 3881/3881/3881 3885/3885/3885 3884/3884/3884
f 3884/3884/3884 3886/3886/3886 3883/3883/3883
f 3885/3885/3885 3881/3881/3881 3887/3887/3887
f 3881/3881/3881 3888/3888/3888 3887/3887/3887
f 3888/3888/3888 3889/3889/3889 3887/3887/3887
f 3890/3890/3890 3889/3889/3889 3888/3888/3888
f 3890/3890/3890 3888/3888/3888 3881/3881/3881
f 3891/3891/3891 3890/3890/3890 3881/3881/3881
f 3886/3886/3886 3892/3892/3892 3883/3883/3883
f 3886/3886/3886 3893/3893/3893 3892/3892/3892
f 3893/3893/3893 3894/3894/3894 3892/3892/3892
f 3893/3893/3893 3895/3895/3895 3894/3894/3894
f 3894/3894/3894 3895/3895/3895 3896/3896/3896
f 3894/3894/3894 3896/3896/3896 3897/3897/3897
f 3892/3892/3892 3894/3894/3894 3897/3897/3897
f 3892/3892/3892 3897/3897/3897 3898/3898/3898
f 3883/3883/3883 3892/3892/3892 3898/3898/3898
f 3883/3883/3883 3898/3898/3898 3899/3899/3899
f 3883/3883/3883 3899/3899/3899 3900/3900/3900
f 3900/3900/3900 3899/3899/3899 3901/3901/3901
f 3899/3899/3899 3898/3898/3898 3901/3901/3901
f 3901/3901/3901 3898/3898/3898 3902/3902/3902
f 3902/3902/3902 3903/3903/3903 3901/3901/3901
f 3901/3901/3901 3903/3903/3903 3904/3904/3904
f 3902/3902/3902 3905/3905/3905 3903/3903/3903
f 3903/3903/3903 3906/3906/3906 3904/3904/3904
f 3903/3903/3903 3905/3905/3905 3906/3906/3906
f 3909/3909/3909 3908/3908/3908 3907/3907/3907
f 3907/3907/3907 3908/3908/3908 3910/3910/3910
f 3907/3907/3907 3910/3910/3910 3911/3911/3911
f 3908/3908/3908 3912/3912/3912 3910/3910/3910
f 3910/3910/3910 3912/3912/3912 3913/3913/3913
f 3910/3910/3910 3913/3913/3913 3914/3914/3914
f 3915/3915/3915 3910/3910/3910 3914/3914/3914
f 3918/3918/3918 3917/3917/3917 3916/3916/3916
f 3917/3917/3917 3919/3919/3919 3916/3916/3916
f 3917/3917/3917 3920/3920/3920 3919/3919/3919
f 3919/3919/3919 3920/3920/3920 3921/3921/3921
f 3916/3916/3916 3919/3919/3919 3921/3921/3921
f 3916/3916/3916 3921/3921/3921 3922/3922/3922
f 3925/3925/3925 3924/3924/3924 3923/3923/3923
f 3925/3925/3925 3923/3923/3923 3926/3926/3926
f 3925/3925/3925 3926/3926/3926 3927/3927/3927
f 3928/3928/3928 3925/3925/3925 3927/3927/3927
f 3923/3923/3923 3929/3929/3929 3926/3926/3926
f 3923/3923/3923 3930/3930/3930 3929/3929/3929
f 3929/3929/3929 3930/3930/3930 3931/3931/3931
f 3932/3932/3932 3929/3929/3929 3931/3931/3931
f 3932/3932/3932 3926/3926/3926 3929/3929/3929
f 3933/3933/3933 3932/3932/3932 3931/3931/3931
f 3931/3931/3931 3934/3934/3934 3933/3933/3933
f 3932/3932/3932 3933/3933/3933 3935/3935/3935
f 3932/3932/3932 3935/3935/3935 3926/3926/3926
f 3933/3933/3933 3936/3936/3936 3935/3935/3935
f 3936/3936/3936 3937/3937/3937 3935/3935/3935
f 3938/3938/3938 3937/3937/3937 3936/3936/3936
f 3938/3938/3938 3939/3939/3939 3937/3937/3937
f 3937/3937/3937 3939/3939/3939 3940/3940/3940
f 3935/3935/3935 3937/3937/3937 3941/3941/3941
f 3935/3935/3935 3941/3941/3941 3926/3926/3926
f 3937/3937/3937 3940/3940/3940 3941/3941/3941
f 3926/3926/3926 3941/3941/3941 3942/3942/3942
f 3926/3926/3926 3942/3942/3942 3943/3943/3943
f 3942/3942/3942 3944/3944/3944 3943/3943/3943
f 3942/3942/3942 3945/3945/3945 3944/3944/3944
f 3942/3942/3942 3941/3941/3941 3945/3945/3945
f 3940/3940/3940 3946/3946/3946 3941/3941/3941
f 3941/3941/3941 3946/3946/3946 3947/3947/3947
f 3940/3940/3940 3948/3948/3948 3946/3946/3946
f 3946/3946/3946 3949/3949/3949 3947/3947/3947
f 3946/3946/3946 3948/3948/3948 3949/3949/3949
f 3952/3952/3952 3951/3951/3951 3950/3950/3950
f 3952/3952/3952 3953/3953/3953 3951/3951/3951
f 3953/3953/3953 3954/3954/3954 3951/3951/3951
f 3954/3954/3954 3955/3955/3955 3951/3951/3951
f 3955/3955/3955 3956/3956/3956 3951/3951/3951
f 3954/3954/3954 3957/3957/3957 3955/3955/3955
f 3960/3960/3960 3959/3959/3959 3958/3958/3958
f 3959/3959/3959 3960/3960/3960 3961/3961/3961
f 3961/3961/3961 3960/3960/3960 3962/3962/3962
f 3959/3959/3959 3961/3961/3961 3963/3963/3963
f 3962/3962/3962 3964/3964/3964 3961/3961/3961
f 3961/3961/3961 3964/3964/3964 3963/3963/3963
f 3967/3967/3967 3966/3966/3966 3965/3965/3965
f 3965/3965/3965 3968/3968/3968 3967/3967/3967
f 3971/3971/3971 3970/3970/3970 3969/3969/3969
f 3972/3972/3972 3970/3970/3970 3971/3971/3971
f 3971/3971/3971 3973/3973/3973 3972/3972/3972
f 3976/3976/3976 3975/3975/3975 3974/3974/3974
f 3977/3977/3977 3976/3976/3976 3974/3974/3974
f 3980/3980/3980 3979/3979/3979 3978/3978/3978
f 3981/3981/3981 3980/3980/3980 3978/3978/3978
f 3984/3984/3984 3983/3983/3983 3982/3982/3982
f 3985/3985/3985 3984/3984/3984 3982/3982/3982
f 3986/3986/3986 3984/3984/3984 3985/3985/3985
f 3987/3987/3987 3986/3986/3986 3985/3985/3985
f 3988/3988/3988 3986/3986/3986 3987/3987/3987
f 3989/3989/3989 3988/3988/3988 3987/3987/3987
f 3992/3992/3992 3991/3991/3991 3990/3990/3990
f 3993/3993/3993 3992/3992/3992 3990/3990/3990
f 3996/3996/3996 3995/3995/3995 3994/3994/3994
f 3995/3995/3995 3997/3997/3997 3994/3994/3994
f 3995/3995/3995 3998/3998/3998 3997/3997/3997
f 3998/3998/3998 3999/3999/3999 3997/3997/3997
f 4002/4002/4002 4001/4001/4001 4000/4000/4000
f 4003/4003/4003 4002/4002/4002 4000/4000/4000
f 4006/4006/4006 4005/4005/4005 4004/4004/4004
f 4007/4007/4007 4006/4006/4006 4004/4004/4004
f 4010/4010/4010 4009/4009/4009 4008/4008/4008
f 4011/4011/4011 4010/4010/4010 4008/4008/4008
f 4014/4014/4014 4013/4013/4013 4012/4012/4012
f 4015/4015/4015 4014/4014/4014 4012/4012/4012
f 4018/4018/4018 4017/4017/4017 4016/4016/4016
f 4019/4019/4019 4018/4018/4018 4016/4016/4016
f 4022/4022/4022 4021/4021/4021 4020/4020/4020
f 4021/4021/4021 4023/4023/4023 4020/4020/4020
f 4020/4020/4020 4023/4023/4023 4024/4024/4024
f 4023/4023/4023 4025/4025/4025 4024/4024/4024
f 4028/4028/4028 4027/4027/4027 4026/4026/4026
f 4029/4029/4029 4028/4028/4028 4026/4026/4026
f 4032/4032/4032 4031/4031/4031 4030/4030/4030
f 4033/4033/4033 4032/4032/4032 4030/4030/4030
f 4033/4033/4033 4030/4030/4030 4034/4034/4034
f 4035/4035/4035 4033/4033/4033 4034/4034/4034
f 4037/4037/4037 4036/4036/4036 4032/4032/4032
f 4038/4038/4038 4037/4037/4037 4032/4032/4032
f 4041/4041/4041 4040/4040/4040 4039/4039/4039
f 4042/4042/4042 4041/4041/4041 4039/4039/4039
f 4045/4045/4045 4044/4044/4044 4043/4043/4043
f 4045/4045/4045 4043/4043/4043 4046/4046/4046
f 4045/4045/4045 4047/4047/4047 4044/4044/4044
f 4045/4045/4045 4046/4046/4046 4048/4048/4048
f 4045/4045/4045 4049/4049/4049 4047/4047/4047
f 4050/4050/4050 4045/4045/4045 4048/4048/4048
f 4045/4045/4045 4051/4051/4051 4049/4049/4049
f 4045/4045/4045 4050/4050/4050 4051/4051/4051
f 4054/4054/4054 4053/4053/4053 4052/4052/4052
f 4052/4052/4052 4053/4053/4053 4055/4055/4055
f 4056/4056/4056 4053/4053/4053 4054/4054/4054
f 4055/4055/4055 4053/4053/4053 4057/4057/4057
f 4058/4058/4058 4053/4053/4053 4056/4056/4056
f 4053/4053/4053 4059/4059/4059 4057/4057/4057
f 4060/4060/4060 4053/4053/4053 4058/4058/4058
f 4059/4059/4059 4053/4053/4053 4060/4060/4060
f 4063/4063/4063 4062/4062/4062 4061/4061/4061
f 4063/4063/4063 4064/4064/4064 4062/4062/4062
f 4063/4063/4063 4061/4061/4061 4065/4065/4065
f 4063/4063/4063 4065/4065/4065 4064/4064/4064
f 4061/4061/4061 4066/4066/4066 4065/4065/4065
f 4064/4064/4064 4065/4065/4065 4067/4067/4067
f 4065/4065/4065 4066/4066/4066 4068/4068/4068
f 4065/4065/4065 4068/4068/4068 4067/4067/4067
f 4066/4066/4066 4069/4069/4069 4068/4068/4068
f 4068/4068/4068 4070/4070/4070 4067/4067/4067
f 4069/4069/4069 4071/4071/4071 4068/4068/4068
f 4068/4068/4068 4071/4071/4071 4070/4070/4070
f 4074/4074/4074 4073/4073/4073 4072/4072/4072
f 4074/4074/4074 4072/4072/4072 4075/4075/4075
f 4076/4076/4076 4072/4072/4072 4073/4073/4073
f 4072/4072/4072 4077/4077/4077 4075/4075/4075
f 4077/4077/4077 4072/4072/4072 4076/4076/4076
f 4076/4076/4076 4078/4078/4078 4077/4077/4077
f 4075/4075/4075 4077/4077/4077 4079/4079/4079
f 4078/4078/4078 4080/4080/4080 4077/4077/4077
f 4079/4079/4079 4077/4077/4077 4081/4081/4081
f 4081/4081/4081 4077/4077/4077 4080/4080/4080
f 4082/4082/4082 4079/4079/4079 4081/4081/4081
f 4080/4080/4080 4083/4083/4083 4081/4081/4081
f 4081/4081/4081 4083/4083/4083 4082/4082/4082
f 4086/4086/4086 4085/4085/4085 4084/4084/4084
f 4086/4086/4086 4084/4084/4084 4087/4087/4087
f 4086/4086/4086 4088/4088/4088 4085/4085/4085
f 4086/4086/4086 4087/4087/4087 4089/4089/4089
f 4086/4086/4086 4090/4090/4090 4088/4088/4088
f 4089/4089/4089 4091/4091/4091 4086/4086/4086
f 4086/4086/4086 4092/4092/4092 4090/4090/4090
f 4086/4086/4086 4091/4091/4091 4092/4092/4092
f 4095/4095/4095 4094/4094/4094 4093/4093/4093
f 4093/4093/4093 4094/4094/4094 4096/4096/4096
f 4097/4097/4097 4094/4094/4094 4095/4095/4095
f 4096/4096/4096 4094/4094/4094 4098/4098/4098
f 4099/4099/4099 4094/4094/4094 4097/4097/4097
f 4100/4100/4100 4098/4098/4098 4094/4094/4094
f 4101/4101/4101 4094/4094/4094 4099/4099/4099
f 4100/4100/4100 4094/4094/4094 4101/4101/4101
f 4104/4104/4104 4103/4103/4103 4102/4102/4102
f 4104/4104/4104 4102/4102/4102 4105/4105/4105
f 4106/4106/4106 4103/4103/4103 4104/4104/4104
f 4104/4104/4104 4105/4105/4105 4107/4107/4107
f 4108/4108/4108 4106/4106/4106 4104/4104/4104
f 4108/4108/4108 4104/4104/4104 4107/4107/4107
f 4111/4111/4111 4110/4110/4110 4109/4109/4109
f 4109/4109/4109 4112/4112/4112 4111/4111/4111
f 4110/4110/4110 4113/4113/4113 4109/4109/4109
f 4109/4109/4109 4114/4114/4114 4112/4112/4112
f 4109/4109/4109 4113/4113/4113 4114/4114/4114
f 4117/4117/4117 4116/4116/4116 4115/4115/4115
f 4118/4118/4118 4115/4115/4115 4116/4116/4116
f 4117/4117/4117 4119/4119/4119 4116/4116/4116
f 4118/4118/4118 4116/4116/4116 4120/4120/4120
f 4119/4119/4119 4121/4121/4121 4116/4116/4116
f 4116/4116/4116 4121/4121/4121 4120/4120/4120
f 4119/4119/4119 4122/4122/4122 4121/4121/4121
f 4121/4121/4121 4123/4123/4123 4120/4120/4120
f 4121/4121/4121 4122/4122/4122 4123/4123/4123
f 4126/4126/4126 4125/4125/4125 4124/4124/4124
f 4126/4126/4126 4124/4124/4124 4127/4127/4127
f 4126/4126/4126 4128/4128/4128 4125/4125/4125
f 4126/4126/4126 4127/4127/4127 4129/4129/4129
f 4126/4126/4126 4130/4130/4130 4128/4128/4128
f 4126/4126/4126 4129/4129/4129 4131/4131/4131
f 4126/4126/4126 4132/4132/4132 4130/4130/4130
f 4126/4126/4126 4131/4131/4131 4133/4133/4133
f 4126/4126/4126 4134/4134/4134 4132/4132/4132
f 4126/4126/4126 4133/4133/4133 4135/4135/4135
f 4126/4126/4126 4136/4136/4136 4134/4134/4134
f 4126/4126/4126 4135/4135/4135 4137/4137/4137
f 4126/4126/4126 4138/4138/4138 4136/4136/4136
f 4126/4126/4126 4137/4137/4137 4139/4139/4139
f 4126/4126/4126 4140/4140/4140 4138/4138/4138
f 4126/4126/4126 4139/4139/4139 4140/4140/4140
f 4143/4143/4143 4142/4142/4142 4141/4141/4141
f 4141/4141/4141 4142/4142/4142 4144/4144/4144
f 4145/4145/4145 4142/4142/4142 4143/4143/4143
f 4144/4144/4144 4142/4142/4142 4146/4146/4146
f 4147/4147/4147 4142/4142/4142 4145/4145/4145
f 4146/4146/4146 4142/4142/4142 4148/4148/4148
f 4149/4149/4149 4142/4142/4142 4147/4147/4147
f 4148/4148/4148 4142/4142/4142 4150/4150/4150
f 4151/4151/4151 4142/4142/4142 4149/4149/4149
f 4150/4150/4150 4142/4142/4142 4152/4152/4152
f 4153/4153/4153 4142/4142/4142 4151/4151/4151
f 4152/4152/4152 4142/4142/4142 4154/4154/4154
f 4155/4155/4155 4142/4142/4142 4153/4153/4153
f 4154/4154/4154 4142/4142/4142 4156/4156/4156
f 4157/4157/4157 4142/4142/4142 4155/4155/4155
f 4156/4156/4156 4142/4142/4142 4157/4157/4157
f 4160/4160/4160 4159/4159/4159 4158/4158/4158
f 4158/4158/4158 4159/4159/4159 4161/4161/4161
f 4162/4162/4162 4159/4159/4159 4160/4160/4160
f 4161/4161/4161 4159/4159/4159 4163/4163/4163
f 4164/4164/4164 4159/4159/4159 4162/4162/4162
f 4163/4163/4163 4159/4159/4159 4165/4165/4165
f 4166/4166/4166 4159/4159/4159 4164/4164/4164
f 4165/4165/4165 4159/4159/4159 4166/4166/4166
f 4169/4169/4169 4168/4168/4168 4167/4167/4167
f 4169/4169/4169 4167/4167/4167 4170/4170/4170
f 4169/4169/4169 4171/4171/4171 4168/4168/4168
f 4169/4169/4169 4170/4170/4170 4172/4172/4172
f 4169/4169/4169 4173/4173/4173 4171/4171/4171
f 4169/4169/4169 4172/4172/4172 4174/4174/4174
f 4169/4169/4169 4175/4175/4175 4173/4173/4173
f 4169/4169/4169 4174/4174/4174 4175/4175/4175
f 4178/4178/4178 4177/4177/4177 4176/4176/4176
f 4179/4179/4179 4176/4176/4176 4177/4177/4177
f 4177/4177/4177 4180/4180/4180 4179/4179/4179
f 4181/4181/4181 4178/4178/4178 4176/4176/4176
f 4181/4181/4181 4176/4176/4176 4179/4179/4179
f 4178/4178/4178 4181/4181/4181 4182/4182/4182
f 4182/4182/4182 4181/4181/4181 4179/4179/4179
f 4180/4180/4180 4183/4183/4183 4179/4179/4179
f 4182/4182/4182 4179/4179/4179 4183/4183/4183
f 4178/4178/4178 4182/4182/4182 4184/4184/4184
f 4184/4184/4184 4182/4182/4182 4183/4183/4183
f 4185/4185/4185 4178/4178/4178 4184/4184/4184
f 4186/4186/4186 4183/4183/4183 4180/4180/4180
f 4184/4184/4184 4183/4183/4183 4186/4186/4186
f 4186/4186/4186 4180/4180/4180 4185/4185/4185
f 4187/4187/4187 4184/4184/4184 4186/4186/4186
f 4187/4187/4187 4186/4186/4186 4185/4185/4185
f 4184/4184/4184 4187/4187/4187 4185/4185/4185
f 4190/4190/4190 4189/4189/4189 4188/4188/4188
f 4188/4188/4188 4191/4191/4191 4190/4190/4190
f 4192/4192/4192 4190/4190/4190 4191/4191/4191
f 4189/4189/4189 4193/4193/4193 4188/4188/4188
f 4188/4188/4188 4193/4193/4193 4191/4191/4191
f 4193/4193/4193 4189/4189/4189 4194/4194/4194
f 4193/4193/4193 4194/4194/4194 4191/4191/4191
f 4195/4195/4195 4192/4192/4192 4191/4191/4191
f 4191/4191/4191 4194/4194/4194 4195/4195/4195
f 4194/4194/4194 4189/4189/4189 4196/4196/4196
f 4194/4194/4194 4196/4196/4196 4195/4195/4195
f 4189/4189/4189 4197/4197/4197 4196/4196/4196
f 4195/4195/4195 4198/4198/4198 4192/4192/4192
f 4195/4195/4195 4196/4196/4196 4198/4198/4198
f 4192/4192/4192 4198/4198/4198 4197/4197/4197
f 4196/4196/4196 4199/4199/4199 4198/4198/4198
f 4198/4198/4198 4199/4199/4199 4197/4197/4197
f 4199/4199/4199 4196/4196/4196 4197/4197/4197
g Gusin_skin13_1
f 4202/4202/4202 4201/4201/4201 4200/4200/4200
f 4205/4205/4205 4204/4204/4204 4203/4203/4203
f 4208/4208/4208 4207/4207/4207 4206/4206/4206
f 4211/4211/4211 4210/4210/4210 4209/4209/4209
f 4214/4214/4214 4213/4213/4213 4212/4212/4212
f 4214/4214/4214 4215/4215/4215 4213/4213/4213
f 4215/4215/4215 4216/4216/4216 4213/4213/4213
f 4216/4216/4216 4215/4215/4215 4217/4217/4217
f 4218/4218/4218 4216/4216/4216 4217/4217/4217
f 4217/4217/4217 4219/4219/4219 4218/4218/4218
f 4217/4217/4217 4220/4220/4220 4219/4219/4219
f 4221/4221/4221 4219/4219/4219 4220/4220/4220
f 4218/4218/4218 4219/4219/4219 4221/4221/4221
f 4221/4221/4221 4222/4222/4222 4218/4218/4218
f 4221/4221/4221 4223/4223/4223 4222/4222/4222
f 4224/4224/4224 4222/4222/4222 4223/4223/4223
f 4225/4225/4225 4224/4224/4224 4223/4223/4223
f 4225/4225/4225 4226/4226/4226 4224/4224/4224
f 4229/4229/4229 4228/4228/4228 4227/4227/4227
f 4230/4230/4230 4228/4228/4228 4229/4229/4229
f 4231/4231/4231 4230/4230/4230 4229/4229/4229
f 4231/4231/4231 4232/4232/4232 4230/4230/4230
f 4235/4235/4235 4234/4234/4234 4233/4233/4233
f 4235/4235/4235 4236/4236/4236 4234/4234/4234
f 4236/4236/4236 4237/4237/4237 4234/4234/4234
f 4238/4238/4238 4237/4237/4237 4236/4236/4236
f 4241/4241/4241 4240/4240/4240 4239/4239/4239
f 4242/4242/4242 4240/4240/4240 4241/4241/4241
f 4243/4243/4243 4242/4242/4242 4241/4241/4241
f 4242/4242/4242 4243/4243/4243 4244/4244/4244
f 4243/4243/4243 4245/4245/4245 4244/4244/4244
f 4246/4246/4246 4244/4244/4244 4245/4245/4245
f 4247/4247/4247 4244/4244/4244 4246/4246/4246
f 4246/4246/4246 4248/4248/4248 4247/4247/4247
f 4246/4246/4246 4245/4245/4245 4248/4248/4248
f 4249/4249/4249 4248/4248/4248 4245/4245/4245
f 4250/4250/4250 4248/4248/4248 4249/4249/4249
f 4249/4249/4249 4251/4251/4251 4250/4250/4250
f 4251/4251/4251 4252/4252/4252 4250/4250/4250
f 4253/4253/4253 4252/4252/4252 4251/4251/4251
f 4256/4256/4256 4255/4255/4255 4254/4254/4254
f 4256/4256/4256 4257/4257/4257 4255/4255/4255
f 4257/4257/4257 4258/4258/4258 4255/4255/4255
f 4259/4259/4259 4258/4258/4258 4257/4257/4257
f 4262/4262/4262 4261/4261/4261 4260/4260/4260
f 4263/4263/4263 4261/4261/4261 4262/4262/4262
f 4264/4264/4264 4263/4263/4263 4262/4262/4262
f 4264/4264/4264 4265/4265/4265 4263/4263/4263
f 4268/4268/4268 4267/4267/4267 4266/4266/4266
f 4267/4267/4267 4268/4268/4268 4269/4269/4269
f 4270/4270/4270 4267/4267/4267 4269/4269/4269
f 4270/4270/4270 4269/4269/4269 4271/4271/4271
f 4272/4272/4272 4270/4270/4270 4271/4271/4271
f 4272/4272/4272 4271/4271/4271 4273/4273/4273
f 4274/4274/4274 4272/4272/4272 4273/4273/4273
f 4274/4274/4274 4273/4273/4273 4275/4275/4275
f 4276/4276/4276 4274/4274/4274 4275/4275/4275
f 4275/4275/4275 4277/4277/4277 4276/4276/4276
f 4280/4280/4280 4279/4279/4279 4278/4278/4278
f 4281/4281/4281 4280/4280/4280 4278/4278/4278
f 4281/4281/4281 4278/4278/4278 4282/4282/4282
f 4283/4283/4283 4281/4281/4281 4282/4282/4282
f 4283/4283/4283 4282/4282/4282 4284/4284/4284
f 4285/4285/4285 4283/4283/4283 4284/4284/4284
f 4285/4285/4285 4284/4284/4284 4286/4286/4286
f 4287/4287/4287 4285/4285/4285 4286/4286/4286
f 4290/4290/4290 4289/4289/4289 4288/4288/4288
f 4291/4291/4291 4290/4290/4290 4288/4288/4288
f 4294/4294/4294 4293/4293/4293 4292/4292/4292
f 4295/4295/4295 4294/4294/4294 4292/4292/4292
f 4298/4298/4298 4297/4297/4297 4296/4296/4296
f 4299/4299/4299 4298/4298/4298 4296/4296/4296
f 4302/4302/4302 4301/4301/4301 4300/4300/4300
f 4303/4303/4303 4302/4302/4302 4300/4300/4300
f 4306/4306/4306 4305/4305/4305 4304/4304/4304
f 4307/4307/4307 4306/4306/4306 4304/4304/4304
f 4310/4310/4310 4309/4309/4309 4308/4308/4308
f 4311/4311/4311 4310/4310/4310 4308/4308/4308
f 4314/4314/4314 4313/4313/4313 4312/4312/4312
f 4315/4315/4315 4314/4314/4314 4312/4312/4312
f 4318/4318/4318 4317/4317/4317 4316/4316/4316
f 4319/4319/4319 4318/4318/4318 4316/4316/4316
f 4322/4322/4322 4321/4321/4321 4320/4320/4320
f 4321/4321/4321 4323/4323/4323 4320/4320/4320
f 4320/4320/4320 4323/4323/4323 4324/4324/4324
f 4323/4323/4323 4325/4325/4325 4324/4324/4324
f 4324/4324/4324 4325/4325/4325 4326/4326/4326
f 4325/4325/4325 4327/4327/4327 4326/4326/4326
f 4326/4326/4326 4327/4327/4327 4328/4328/4328
f 4327/4327/4327 4329/4329/4329 4328/4328/4328
f 4332/4332/4332 4331/4331/4331 4330/4330/4330
f 4333/4333/4333 4332/4332/4332 4330/4330/4330
f 4336/4336/4336 4335/4335/4335 4334/4334/4334
f 4337/4337/4337 4336/4336/4336 4334/4334/4334
f 4340/4340/4340 4339/4339/4339 4338/4338/4338
f 4341/4341/4341 4340/4340/4340 4338/4338/4338
f 4344/4344/4344 4343/4343/4343 4342/4342/4342
f 4345/4345/4345 4344/4344/4344 4342/4342/4342
f 4348/4348/4348 4347/4347/4347 4346/4346/4346
f 4349/4349/4349 4348/4348/4348 4346/4346/4346
f 4352/4352/4352 4351/4351/4351 4350/4350/4350
f 4353/4353/4353 4352/4352/4352 4350/4350/4350
f 4356/4356/4356 4355/4355/4355 4354/4354/4354
f 4357/4357/4357 4356/4356/4356 4354/4354/4354
f 4360/4360/4360 4359/4359/4359 4358/4358/4358
f 4361/4361/4361 4360/4360/4360 4358/4358/4358
f 4364/4364/4364 4363/4363/4363 4362/4362/4362
f 4363/4363/4363 4365/4365/4365 4362/4362/4362
f 4366/4366/4366 4364/4364/4364 4362/4362/4362
f 4365/4365/4365 4367/4367/4367 4362/4362/4362
f 4366/4366/4366 4362/4362/4362 4368/4368/4368
f 4362/4362/4362 4367/4367/4367 4368/4368/4368
f 4369/4369/4369 4366/4366/4366 4368/4368/4368
f 4367/4367/4367 4370/4370/4370 4368/4368/4368
f 4369/4369/4369 4368/4368/4368 4371/4371/4371
f 4368/4368/4368 4370/4370/4370 4371/4371/4371
f 4372/4372/4372 4369/4369/4369 4371/4371/4371
f 4370/4370/4370 4373/4373/4373 4371/4371/4371
f 4372/4372/4372 4371/4371/4371 4374/4374/4374
f 4371/4371/4371 4373/4373/4373 4374/4374/4374
f 4375/4375/4375 4372/4372/4372 4374/4374/4374
f 4373/4373/4373 4376/4376/4376 4374/4374/4374
f 4375/4375/4375 4374/4374/4374 4377/4377/4377
f 4374/4374/4374 4376/4376/4376 4377/4377/4377
f 4378/4378/4378 4375/4375/4375 4377/4377/4377
f 4376/4376/4376 4379/4379/4379 4377/4377/4377
f 4378/4378/4378 4377/4377/4377 4380/4380/4380
f 4377/4377/4377 4379/4379/4379 4380/4380/4380
f 4381/4381/4381 4378/4378/4378 4380/4380/4380
f 4379/4379/4379 4382/4382/4382 4380/4380/4380
f 4381/4381/4381 4380/4380/4380 4383/4383/4383
f 4380/4380/4380 4382/4382/4382 4383/4383/4383
f 4384/4384/4384 4381/4381/4381 4383/4383/4383
f 4382/4382/4382 4385/4385/4385 4383/4383/4383
f 4384/4384/4384 4383/4383/4383 4386/4386/4386
f 4383/4383/4383 4385/4385/4385 4386/4386/4386
f 4387/4387/4387 4384/4384/4384 4386/4386/4386
f 4385/4385/4385 4388/4388/4388 4386/4386/4386
f 4390/4390/4390 4387/4387/4387 4389/4389/4389
f 4388/4388/4388 4391/4391/4391 4389/4389/4389
f 4392/4392/4392 4390/4390/4390 4389/4389/4389
f 4391/4391/4391 4392/4392/4392 4389/4389/4389
f 4393/4393/4393 4390/4390/4390 4392/4392/4392
f 4391/4391/4391 4394/4394/4394 4392/4392/4392
f 4395/4395/4395 4393/4393/4393 4392/4392/4392
f 4394/4394/4394 4395/4395/4395 4392/4392/4392
f 4396/4396/4396 4393/4393/4393 4395/4395/4395
f 4394/4394/4394 4397/4397/4397 4395/4395/4395
f 4398/4398/4398 4396/4396/4396 4395/4395/4395
f 4397/4397/4397 4398/4398/4398 4395/4395/4395
f 4399/4399/4399 4396/4396/4396 4398/4398/4398
f 4397/4397/4397 4400/4400/4400 4398/4398/4398
f 4401/4401/4401 4399/4399/4399 4398/4398/4398
f 4400/4400/4400 4401/4401/4401 4398/4398/4398
f 4402/4402/4402 4399/4399/4399 4401/4401/4401
f 4400/4400/4400 4403/4403/4403 4401/4401/4401
f 4404/4404/4404 4402/4402/4402 4401/4401/4401
f 4403/4403/4403 4404/4404/4404 4401/4401/4401
f 4405/4405/4405 4402/4402/4402 4404/4404/4404
f 4403/4403/4403 4406/4406/4406 4404/4404/4404
f 4407/4407/4407 4405/4405/4405 4404/4404/4404
f 4406/4406/4406 4407/4407/4407 4404/4404/4404
f 4408/4408/4408 4405/4405/4405 4407/4407/4407
f 4406/4406/4406 4409/4409/4409 4407/4407/4407
f 4410/4410/4410 4408/4408/4408 4407/4407/4407
f 4409/4409/4409 4410/4410/4410 4407/4407/4407
f 4411/4411/4411 4408/4408/4408 4410/4410/4410
f 4409/4409/4409 4412/4412/4412 4410/4410/4410
f 4413/4413/4413 4411/4411/4411 4410/4410/4410
f 4412/4412/4412 4413/4413/4413 4410/4410/4410
f 4416/4416/4416 4415/4415/4415 4414/4414/4414
f 4414/4414/4414 4415/4415/4415 4417/4417/4417
f 4418/4418/4418 4415/4415/4415 4416/4416/4416
f 4417/4417/4417 4415/4415/4415 4419/4419/4419
f 4420/4420/4420 4415/4415/4415 4418/4418/4418
f 4419/4419/4419 4415/4415/4415 4421/4421/4421
f 4422/4422/4422 4415/4415/4415 4420/4420/4420
f 4421/4421/4421 4415/4415/4415 4422/4422/4422
f 4425/4425/4425 4424/4424/4424 4423/4423/4423
f 4426/4426/4426 4425/4425/4425 4423/4423/4423
f 4424/4424/4424 4425/4425/4425 4427/4427/4427
f 4425/4425/4425 4426/4426/4426 4428/4428/4428
f 4425/4425/4425 4429/4429/4429 4427/4427/4427
f 4430/4430/4430 4425/4425/4425 4428/4428/4428
f 4425/4425/4425 4431/4431/4431 4429/4429/4429
f 4431/4431/4431 4425/4425/4425 4430/4430/4430
f 4434/4434/4434 4433/4433/4433 4432/4432/4432
f 4434/4434/4434 4432/4432/4432 4435/4435/4435
f 4433/4433/4433 4434/4434/4434 4436/4436/4436
f 4437/4437/4437 4434/4434/4434 4435/4435/4435
f 4436/4436/4436 4434/4434/4434 4438/4438/4438
f 4434/4434/4434 4437/4437/4437 4439/4439/4439
f 4434/4434/4434 4440/4440/4440 4438/4438/4438
f 4440/4440/4440 4434/4434/4434 4439/4439/4439
